﻿<?xml version="1.0" encoding="utf-8"?>
<deployment>
  <id>6d9e0d6c25aa827d8c4cf5a6cee895a5bbfbca07</id>
  <author>bh-srinivasan</author>
  <deployer>bharath-deploy</deployer>
  <authorEmail>bhsrinivasan@microsoft.com</authorEmail>
  <message>Remove session information from user profile page
    
    - Removed session-related information display from My Profile page
    - Only affects the UI display, underlying session data remains intact
    - Users no longer see session details, login timestamps, etc.
    - Maintains clean profile interface with essential user information only</message>
  <progress></progress>
  <status>Success</status>
  <statusText></statusText>
  <lastSuccessEndTime>2025-07-01T18:43:11.4953025Z</lastSuccessEndTime>
  <receivedTime>2025-07-01T18:41:55.5213853Z</receivedTime>
  <startTime>2025-07-01T18:41:57.5057304Z</startTime>
  <endTime>2025-07-01T18:43:11.4953025Z</endTime>
  <complete>True</complete>
  <is_temp>False</is_temp>
  <is_readonly>False</is_readonly>
  <buildSummary />
</deployment>