<step title="Incoming Request" date="2025-06-30T18:05:05.562" instance="978831" url="/ai-learning-tracker-bharath.git/git-receive-pack" method="POST" type="request" pid="807,1,61" Accept="application/x-git-receive-pack-result" Host="ai-learning-tracker-bharath.scm.azurewebsites.net" User-Agent="git/2.50.0.windows.1" Accept-Encoding="deflate, gzip, br, zstd" Authorization="Bas..." Content-Type="application/x-git-receive-pack-request" Content-Length="5018" X-ARR-LOG-ID="78a26cf6-ef61-4671-86ad-07cebab931a1" CLIENT-IP="106.201.160.25:58491" X-SITE-DEPLOYMENT-ID="ai-learning-tracker-bharath" WAS-DEFAULT-HOSTNAME="ai-learning-tracker-bharath.scm.azurewebsites.net" X-Forwarded-Proto="https" X-AppService-Proto="https" X-Forwarded-TlsVersion="1.3" X-WAWS-Unencoded-URL="/ai-learning-tracker-bharath.git/git-receive-pack" X-Client-IP="106.201.160.25" X-Client-Port="58491" >
  <step title="RpcService.ReceivePack" date="2025-06-30T18:05:05.599" >
    <step title="Executing external process" date="2025-06-30T18:05:05.611" type="process" path="git" arguments="rev-parse --git-dir" /><!-- duration: 32ms -->
    <step title="Assuming git repository at /home/site/repository" date="2025-06-30T18:05:05.646" /><!-- duration: 2ms -->
    <step title="Acquiring Deployment Lock" date="2025-06-30T18:05:05.656" /><!-- duration: 3ms -->
    <step title="Acquired Deployment Lock" date="2025-06-30T18:05:05.723" /><!-- duration: 3ms -->
    <step title="Creating temporary deployment" date="2025-06-30T18:05:05.734" /><!-- duration: 291ms -->
    <step title="GitExeServer.Receive" date="2025-06-30T18:05:06.037" >
      <step title="Executing external process" date="2025-06-30T18:05:06.044" type="process" path="git" arguments="receive-pack --stateless-rpc &quot;/home/site/repository&quot;" /><!-- duration: 68294ms -->
    </step><!-- duration: 68321ms -->
    <step title="Releasing Deployment Lock" date="2025-06-30T18:06:14.705" /><!-- duration: 9ms -->
  </step><!-- duration: 69143ms -->
  <step title="Outgoing response" date="2025-06-30T18:06:14.761" type="response" statusCode="200" statusText="OK" /><!-- duration: 4ms -->
</step><!-- duration: 69212ms -->
