<step title="Incoming Request" date="2025-06-28T18:20:32.529" instance="978831" url="/ai-learning-tracker-bharath.git/info/refs?service=git-receive-pack" method="GET" type="request" pid="807,1,77" Accept="*/*" Host="ai-learning-tracker-bharath.scm.azurewebsites.net" User-Agent="git/2.50.0.windows.1" Accept-Encoding="deflate, gzip, br, zstd" Authorization="Bas..." Pragma="no-cache" X-ARR-LOG-ID="894d38e8-5c32-458d-86ca-0f23d54c3a74" CLIENT-IP="106.201.160.25:57745" X-SITE-DEPLOYMENT-ID="ai-learning-tracker-bharath" WAS-DEFAULT-HOSTNAME="ai-learning-tracker-bharath.scm.azurewebsites.net" X-Forwarded-Proto="https" X-AppService-Proto="https" X-Forwarded-TlsVersion="1.3" X-WAWS-Unencoded-URL="/ai-learning-tracker-bharath.git/info/refs?service=git-receive-pack" X-Client-IP="106.201.160.25" X-Client-Port="57745" >
  <step title="Cleanup Xml Logs" date="2025-06-28T18:20:32.560" /><!-- duration: 40ms -->
  <step title="InfoRefsService.Execute" date="2025-06-28T18:20:32.903" >
    <step title="Executing external process" date="2025-06-28T18:20:33.101" type="process" path="git" arguments="rev-parse --git-dir" /><!-- duration: 128ms -->
    <step title="Assuming git repository at /home/site/repository" date="2025-06-28T18:20:33.245" /><!-- duration: 21ms -->
    <step title="InfoRefsService.SmartInfoRefs" date="2025-06-28T18:20:33.276" >
      <step title="Executing external process" date="2025-06-28T18:20:33.322" type="process" path="git" arguments="rev-parse --git-dir" /><!-- duration: 67ms -->
      <step title="Assuming git repository at /home/site/repository" date="2025-06-28T18:20:33.397" /><!-- duration: 8ms -->
      <step title="GitExeServer.AdvertiseReceivePack" date="2025-06-28T18:20:33.438" >
        <step title="Executing external process" date="2025-06-28T18:20:33.445" type="process" path="git" arguments="receive-pack --stateless-rpc --advertise-refs &quot;/home/site/repository&quot;" /><!-- duration: 338ms -->
      </step><!-- duration: 355ms -->
      <step title="Writing 182 bytes" date="2025-06-28T18:20:33.803" /><!-- duration: 1ms -->
    </step><!-- duration: 573ms -->
  </step><!-- duration: 949ms -->
  <step title="Outgoing response" date="2025-06-28T18:20:33.927" type="response" statusCode="200" statusText="OK" /><!-- duration: 2ms -->
</step><!-- duration: 1408ms -->
