<step title="Executing external process" date="2025-07-01T14:06:06.270" instance="978831" type="process" path="kudu.exe" arguments="/home/site /opt/Kudu/msbuild" >
  <step title="Cleanup Xml Logs" date="2025-07-01T14:06:06.302" /><!-- duration: 20ms -->
  <step title="Deployment timer started" date="2025-07-01T14:06:06.450" >
    <step title="Executing external process" date="2025-07-01T14:06:06.481" type="process" path="git" arguments="log -n 1 master --" /><!-- duration: 288ms -->
    <step title="DeploymentManager.Deploy(id:365add6c387d11e89329d82d498976e6805e4d3b)" date="2025-07-01T14:06:06.788" >
      <step title="Collecting changeset information" date="2025-07-01T14:06:06.837" /><!-- duration: 244ms -->
      <step title="Updating to specific changeset" date="2025-07-01T14:06:07.090" >
        <step title="Executing external process" date="2025-07-01T14:06:08.263" type="process" path="git" arguments="checkout master --force" /><!-- duration: 358ms -->
      </step><!-- duration: 1535ms -->
      <step title="Updating submodules" date="2025-07-01T14:06:08.629" /><!-- duration: 153ms -->
      <step title="Determining deployment builder" date="2025-07-01T14:06:08.977" >
        <step title="Builder is OryxBuilder" date="2025-07-01T14:06:09.010" /><!-- duration: 6ms -->
      </step><!-- duration: 49ms -->
      <step title="PreDeployment: context.CleanOutputPath False" date="2025-07-01T14:06:09.066" >
        <step title="PreDeployment: context.OutputPath /home/site/wwwroot" date="2025-07-01T14:06:09.181" >
          <step title="Building" date="2025-07-01T14:06:09.290" >
            <step title="Executing external process" date="2025-07-01T14:06:09.700" type="process" path="bash" arguments="-c &quot;oryx build /home/site/repository -o /home/site/wwwroot --platform python --platform-version 3.9 -p virtualenv_name=antenv --log-file /tmp/build-debug.log  -i /tmp/8ddb8a86daa5a1f --compress-destination-dir | tee /tmp/oryx-build.log ; exit $PIPESTATUS &quot;" /><!-- duration: 63850ms -->
            <step title="Using PythonDeploymentLogParser" date="2025-07-01T14:07:14.554" /><!-- duration: 19ms -->
            <step title="Triggering recycle (preview mode disabled)." date="2025-07-01T14:07:16.372" /><!-- duration: 9ms -->
            <step title="Modified file to trigger a restart of the app container." date="2025-07-01T14:07:16.422" /><!-- duration: 9ms -->
            <step title="Skip function trigger and logicapp sync because function is not enabled." date="2025-07-01T14:07:16.528" /><!-- duration: 3ms -->
            <step title="Purge deployment items" date="2025-07-01T14:07:17.982" >
              <step title="Remove 005b9bc21, Success, received at 06/29/2025 16:50:41" date="2025-07-01T14:07:18.151" /><!-- duration: 20ms -->
            </step><!-- duration: 197ms -->
          </step><!-- duration: 68969ms -->
        </step><!-- duration: 69088ms -->
        <step title="Cleaning up temp files" date="2025-07-01T14:07:18.291" /><!-- duration: 2450ms -->
        <step title="Cleaning up temp files" date="2025-07-01T14:07:20.761" /><!-- duration: 574ms -->
        <step title="Reloading status file with latest updates" date="2025-07-01T14:07:21.412" >
          <step title="WebHooksManager.PublishEventAsync: PostDeployment" date="2025-07-01T14:07:21.432" /><!-- duration: 796ms -->
        </step><!-- duration: 837ms -->
        <step title="Executing external process" date="2025-07-01T14:07:22.406" type="process" path="git" arguments="log -n 1 master --" /><!-- duration: 294ms -->
      </step><!-- duration: 73652ms -->
      <step title="Perform deploy exiting successfully" date="2025-07-01T14:07:22.748" 