<step title="Executing external process" date="2025-07-01T17:00:48.542" instance="978831" type="process" path="kudu.exe" arguments="/home/site /opt/Kudu/msbuild" >
  <step title="Cleanup Xml Logs" date="2025-07-01T17:00:48.562" /><!-- duration: 10ms -->
  <step title="Deployment timer started" date="2025-07-01T17:00:48.618" >
    <step title="Executing external process" date="2025-07-01T17:00:48.643" type="process" path="git" arguments="log -n 1 master --" /><!-- duration: 203ms -->
    <step title="DeploymentManager.Deploy(id:b69af169d6d395a15fbc26b193300bb7ea51f95e)" date="2025-07-01T17:00:48.882" >
      <step title="Collecting changeset information" date="2025-07-01T17:00:48.938" /><!-- duration: 233ms -->
      <step title="Updating to specific changeset" date="2025-07-01T17:00:49.181" >
        <step title="Executing external process" date="2025-07-01T17:00:50.327" type="process" path="git" arguments="checkout master --force" /><!-- duration: 312ms -->
      </step><!-- duration: 1461ms -->
      <step title="Updating submodules" date="2025-07-01T17:00:50.645" /><!-- duration: 110ms -->
      <step title="Determining deployment builder" date="2025-07-01T17:00:50.928" >
        <step title="Builder is OryxBuilder" date="2025-07-01T17:00:50.964" /><!-- duration: 3ms -->
      </step><!-- duration: 44ms -->
      <step title="PreDeployment: context.CleanOutputPath False" date="2025-07-01T17:00:51.012" >
        <step title="PreDeployment: context.OutputPath /home/site/wwwroot" date="2025-07-01T17:00:51.106" >
          <step title="Building" date="2025-07-01T17:00:51.205" >
            <step title="Executing external process" date="2025-07-01T17:00:51.507" type="process" path="bash" arguments="-c &quot;oryx build /home/site/repository -o /home/site/wwwroot --platform python --platform-version 3.9 -p virtualenv_name=antenv --log-file /tmp/build-debug.log  -i /tmp/8ddb8c0d5648d4b --compress-destination-dir | tee /tmp/oryx-build.log ; exit $PIPESTATUS &quot;" /><!-- duration: 58731ms -->
            <step title="Using PythonDeploymentLogParser" date="2025-07-01T17:01:50.625" /><!-- duration: 3ms -->
            <step title="Triggering recycle (preview mode disabled)." date="2025-07-01T17:01:51.389" /><!-- duration: 3ms -->
            <step title="Modified file to trigger a restart of the app container." date="2025-07-01T17:01:51.429" /><!-- duration: 3ms -->
            <step title="Skip function trigger and logicapp sync because function is not enabled." date="2025-07-01T17:01:51.449" /><!-- duration: 8ms -->
            <step title="Purge deployment items" date="2025-07-01T17:01:52.267" >
              <step title="Remove d6724943a, Success, received at 06/30/2025 13:40:26" date="2025-07-01T17:01:52.310" /><!-- duration: 4ms -->
            </step><!-- duration: 50ms -->
          </step><!-- duration: 61217ms -->
        </step><!-- duration: 61332ms -->
        <step title="Cleaning up temp files" date="2025-07-01T17:01:52.441" /><!-- duration: 1900ms -->
        <step title="Cleaning up temp files" date="2025-07-01T17:01:54.352" /><!-- duration: 527ms -->
        <step title="Reloading status file with latest updates" date="2025-07-01T17:01:54.931" >
          <step title="WebHooksManager.PublishEventAsync: PostDeployment" date="2025-07-01T17:01:54.940" /><!-- duration: 144ms -->
        </step><!-- duration: 155ms -->
        <step title="Executing external process" date="2025-07-01T17:01:55.107" type="process" path="git" arguments="log -n 1 master --" /><!-- duration: 70ms -->
      </step><!-- duration: 64168ms -->
      <step title="Perform deploy exiting successfully" date="2025-07-01T17:01:55.184" 