<step title="Incoming Request" date="2025-07-01T17:00:45.761" instance="978831" url="/ai-learning-tracker-bharath.git/git-receive-pack" method="POST" type="request" pid="807,1,88" Accept="application/x-git-receive-pack-result" Host="ai-learning-tracker-bharath.scm.azurewebsites.net" User-Agent="git/2.50.0.windows.1" Accept-Encoding="deflate, gzip, br, zstd" Authorization="Bas..." Content-Type="application/x-git-receive-pack-request" Content-Length="1017" X-ARR-LOG-ID="b6b17a77-eebe-4856-9dee-27f7ffb1776c" CLIENT-IP="122.174.71.5:53381" X-SITE-DEPLOYMENT-ID="ai-learning-tracker-bharath" WAS-DEFAULT-HOSTNAME="ai-learning-tracker-bharath.scm.azurewebsites.net" X-Forwarded-Proto="https" X-AppService-Proto="https" X-Forwarded-TlsVersion="1.3" X-WAWS-Unencoded-URL="/ai-learning-tracker-bharath.git/git-receive-pack" X-Client-IP="122.174.71.5" X-Client-Port="53381" >
  <step title="RpcService.ReceivePack" date="2025-07-01T17:00:45.776" >
    <step title="Executing external process" date="2025-07-01T17:00:45.787" type="process" path="git" arguments="rev-parse --git-dir" /><!-- duration: 38ms -->
    <step title="Assuming git repository at /home/site/repository" date="2025-07-01T17:00:45.833" /><!-- duration: 9ms -->
    <step title="Acquiring Deployment Lock" date="2025-07-01T17:00:45.863" /><!-- duration: 10ms -->
    <step title="Acquired Deployment Lock" date="2025-07-01T17:00:45.904" /><!-- duration: 2ms -->
    <step title="Creating temporary deployment" date="2025-07-01T17:00:45.912" /><!-- duration: 97ms -->
    <step title="GitExeServer.Receive" date="2025-07-01T17:00:46.014" >
      <step title="Executing external process" date="2025-07-01T17:00:46.016" type="process" path="git" arguments="receive-pack --stateless-rpc &quot;/home/site/repository&quot;" /><!-- duration: 69279ms -->
    </step><!-- duration: 69287ms -->
    <step title="Releasing Deployment Lock" date="2025-07-01T17:01:55.373" /><!-- duration: 5ms -->
  </step><!-- duration: 69609ms -->
  <step title="Outgoing response" date="2025-07-01T17:01:55.389" type="response" statusCode="200" statusText="OK" /><!-- duration: 3ms -->
</step><!-- duration: 69634ms -->
