﻿<?xml version="1.0" encoding="utf-8"?>
<deployment>
  <id>dcc382fde4fbce845ac13ea483880381735c60b7</id>
  <author>bh-srinivasan</author>
  <deployer>bharath-deploy</deployer>
  <authorEmail>bhsrinivasan@microsoft.com</authorEmail>
  <message>Add Azure debug script for troubleshooting admin dashboard error</message>
  <progress></progress>
  <status>Success</status>
  <statusText></statusText>
  <lastSuccessEndTime>2025-07-01T15:24:43.027957Z</lastSuccessEndTime>
  <receivedTime>2025-07-01T15:23:38.6689854Z</receivedTime>
  <startTime>2025-07-01T15:23:40.4352548Z</startTime>
  <endTime>2025-07-01T15:24:43.027957Z</endTime>
  <complete>True</complete>
  <is_temp>False</is_temp>
  <is_readonly>False</is_readonly>
  <buildSummary />
</deployment>