﻿<?xml version="1.0" encoding="utf-8"?>
<deployment>
  <id>f3be569537dd7df030719fea414afa2d416d2407</id>
  <author>bh-srinivasan</author>
  <deployer>bharath-deploy</deployer>
  <authorEmail>bhsrinivasan@microsoft.com</authorEmail>
  <message>Fix critical production issues
    
    - Fix Flask decorator endpoint conflicts in production_config.py
    - Add missing get_courses_for_topic function in admin/routes.py
    - Remove duplicate imports in admin/routes.py
    - Fix JavaScript syntax errors in url_validation.html template
    - Add comprehensive production health check script
    - Prevent false 'resolved' messages until verified healthy
    
    All localhost tests passing. Ready for Azure deployment.</message>
  <progress></progress>
  <status>Success</status>
  <statusText></statusText>
  <lastSuccessEndTime>2025-07-05T10:34:38.3475902Z</lastSuccessEndTime>
  <receivedTime>2025-07-05T10:33:14.3862437Z</receivedTime>
  <startTime>2025-07-05T10:33:17.163676Z</startTime>
  <endTime>2025-07-05T10:34:38.3475902Z</endTime>
  <complete>True</complete>
  <is_temp>False</is_temp>
  <is_readonly>False</is_readonly>
  <buildSummary />
</deployment>