﻿<?xml version="1.0" encoding="utf-8"?>
<deployment>
  <id>b62c72e4f344472131c6c03eaac5a7626ce42c59</id>
  <author>bh-srinivasan</author>
  <deployer>bharath-deploy</deployer>
  <authorEmail>bhsrinivasan@microsoft.com</authorEmail>
  <message>Update with manual edits and database changes for Azure deployment</message>
  <progress></progress>
  <status>Success</status>
  <statusText></statusText>
  <lastSuccessEndTime>2025-07-01T18:21:18.9365302Z</lastSuccessEndTime>
  <receivedTime>2025-07-01T18:19:58.7339286Z</receivedTime>
  <startTime>2025-07-01T18:20:00.7101471Z</startTime>
  <endTime>2025-07-01T18:21:18.9365302Z</endTime>
  <complete>True</complete>
  <is_temp>False</is_temp>
  <is_readonly>False</is_readonly>
  <buildSummary />
</deployment>