<step title="Incoming Request" date="2025-07-26T12:52:28.087" instance="831bc3" url="/ai-learning-tracker-bharath.git/info/refs?service=git-receive-pack" method="GET" type="request" pid="801,1,42" Accept="*/*" Host="ai-learning-tracker-bharath.scm.azurewebsites.net" User-Agent="git/2.50.1.windows.1" Accept-Encoding="deflate, gzip, br, zstd" Authorization="Bas..." Pragma="no-cache" X-ARR-LOG-ID="1bb9d75d-27d3-4083-a3ee-9fed91f29aaa" CLIENT-IP="122.177.246.54:26074" X-SITE-DEPLOYMENT-ID="ai-learning-tracker-bharath" WAS-DEFAULT-HOSTNAME="ai-learning-tracker-bharath.scm.azurewebsites.net" X-Forwarded-Proto="https" X-AppService-Proto="https" X-Forwarded-TlsVersion="1.3" X-WAWS-Unencoded-URL="/ai-learning-tracker-bharath.git/info/refs?service=git-receive-pack" X-Client-IP="122.177.246.54" X-Client-Port="26074" >
  <step title="Cleanup Xml Logs" date="2025-07-26T12:52:28.239" >
    <step title="Cleanup Infos" date="2025-07-26T12:52:28.347" totalFiles="342" totalCleanup="182" /><!-- duration: 52ms -->
  </step><!-- duration: 202ms -->
  <step title="InfoRefsService.Execute" date="2025-07-26T12:52:28.826" >
    <step title="Executing external process" date="2025-07-26T12:52:28.865" type="process" path="git" arguments="rev-parse --git-dir" /><!-- duration: 98ms -->
    <step title="Assuming git repository at /home/site/repository" date="2025-07-26T12:52:28.972" /><!-- duration: 5ms -->
    <step title="InfoRefsService.SmartInfoRefs" date="2025-07-26T12:52:28.984" >
      <step title="Executing external process" date="2025-07-26T12:52:28.997" type="process" path="git" arguments="rev-parse --git-dir" /><!-- duration: 16ms -->
      <step title="Assuming git repository at /home/site/repository" date="2025-07-26T12:52:29.019" /><!-- duration: 4ms -->
      <step title="GitExeServer.AdvertiseReceivePack" date="2025-07-26T12:52:29.028" >
        <step title="Executing external process" date="2025-07-26T12:52:29.031" type="process" path="git" arguments="receive-pack --stateless-rpc --advertise-refs &quot;/home/site/repository&quot;" /><!-- duration: 35ms -->
      </step><!-- duration: 40ms -->
      <step title="Writing 182 bytes" date="2025-07-26T12:52:29.071" /><!-- duration: 2ms -->
    </step><!-- duration: 99ms -->
  </step><!-- duration: 261ms -->
  <step title="Outgoing response" date="2025-07-26T12:52:29.106" type="response" statusCode="200" statusText="OK" /><!-- duration: 4ms -->
</step><!-- duration: 1027ms -->
