<step title="Executing external process" date="2025-07-18T02:10:25.257" instance="831bc3" type="process" path="kudu.exe" arguments="/home/site /opt/Kudu/msbuild" >
  <step title="Cleanup Xml Logs" date="2025-07-18T02:10:25.276" /><!-- duration: 22ms -->
  <step title="Deployment timer started" date="2025-07-18T02:10:25.341" >
    <step title="Executing external process" date="2025-07-18T02:10:25.369" type="process" path="git" arguments="log -n 1 master --" /><!-- duration: 181ms -->
    <step title="DeploymentManager.Deploy(id:18a971dffe4abb191a3dfe34668d56f1ea0179f1)" date="2025-07-18T02:10:25.569" >
      <step title="Collecting changeset information" date="2025-07-18T02:10:25.593" /><!-- duration: 255ms -->
      <step title="Updating to specific changeset" date="2025-07-18T02:10:25.863" >
        <step title="Executing external process" date="2025-07-18T02:10:27.100" type="process" path="git" arguments="checkout master --force" /><!-- duration: 17919ms -->
      </step><!-- duration: 19166ms -->
      <step title="Updating submodules" date="2025-07-18T02:10:45.036" /><!-- duration: 155ms -->
      <step title="Determining deployment builder" date="2025-07-18T02:10:45.598" >
        <step title="Builder is OryxBuilder" date="2025-07-18T02:10:45.655" /><!-- duration: 3ms -->
      </step><!-- duration: 68ms -->
      <step title="PreDeployment: context.CleanOutputPath False" date="2025-07-18T02:10:45.727" >
        <step title="PreDeployment: context.OutputPath /home/site/wwwroot" date="2025-07-18T02:10:45.831" >
          <step title="Building" date="2025-07-18T02:10:45.923" >
            <step title="Executing external process" date="2025-07-18T02:10:46.265" type="process" path="bash" arguments="-c &quot;oryx build /home/site/repository -o /home/site/wwwroot --platform python --platform-version 3.9 -p virtualenv_name=antenv --log-file /tmp/build-debug.log  -i /tmp/8ddc5a04e5fecb3 --compress-destination-dir | tee /tmp/oryx-build.log ; exit $PIPESTATUS &quot;" /><!-- duration: 113250ms -->
            <step title="Using PythonDeploymentLogParser" date="2025-07-18T02:12:40.758" /><!-- duration: 11ms -->
            <step title="Triggering recycle (preview mode disabled)." date="2025-07-18T02:12:42.624" /><!-- duration: 13ms -->
            <step title="Modified file to trigger a restart of the app container." date="2025-07-18T02:12:42.686" /><!-- duration: 9ms -->
            <step title="Skip function trigger and logicapp sync because function is not enabled." date="2025-07-18T02:12:42.754" /><!-- duration: 21ms -->
            <step title="Purge deployment items" date="2025-07-18T02:12:43.933" >
              <step title="Remove 164d81094, Success, received at 07/01/2025 19:29:34" date="2025-07-18T02:12:44.040" /><!-- duration: 3ms -->
            </step><!-- duration: 113ms -->
          </step><!-- duration: 118190ms -->
        </step><!-- duration: 118286ms -->
        <step title="Cleaning up temp files" date="2025-07-18T02:12:44.132" /><!-- duration: 377ms -->
        <step title="Cleaning up temp files" date="2025-07-18T02:12:44.519" /><!-- duration: 517ms -->
        <step title="Reloading status file with latest updates" date="2025-07-18T02:12:45.066" >
          <step title="WebHooksManager.PublishEventAsync: PostDeployment" date="2025-07-18T02:12:45.077" /><!-- duration: 172ms -->
        </step><!-- duration: 185ms -->
        <step title="Executing external process" date="2025-07-18T02:12:45.286" type="process" path="git" arguments="log -n 1 master --" /><!-- duration: 94ms -->
      </step><!-- duration: 119665ms -->
      <step title="Perform deploy exiting successfully" date="2025-07-18T02:12:45.409" 