<step title="Executing external process" date="2025-06-28T14:07:16.062" instance="978831" type="process" path="kudu.exe" arguments="/home/site /opt/Kudu/msbuild" >
  <step title="Cleanup Xml Logs" date="2025-06-28T14:07:16.085" /><!-- duration: 68ms -->
  <step title="Deployment timer started" date="2025-06-28T14:07:16.347" >
    <step title="Executing external process" date="2025-06-28T14:07:16.396" type="process" path="git" arguments="log -n 1 master --" /><!-- duration: 380ms -->
    <step title="DeploymentManager.Deploy(id:df92e069782b6c8f3df7fd1a5fb7439a9b627c81)" date="2025-06-28T14:07:16.807" >
      <step title="Collecting changeset information" date="2025-06-28T14:07:16.953" /><!-- duration: 721ms -->
      <step title="Updating to specific changeset" date="2025-06-28T14:07:17.690" >
        <step title="Executing external process" date="2025-06-28T14:07:19.081" type="process" path="git" arguments="checkout master --force" /><!-- duration: 1323ms -->
      </step><!-- duration: 2768ms -->
      <step title="Updating submodules" date="2025-06-28T14:07:20.468" /><!-- duration: 284ms -->
      <step title="Determining deployment builder" date="2025-06-28T14:07:21.331" >
        <step title="Builder is OryxBuilder" date="2025-06-28T14:07:21.400" /><!-- duration: 11ms -->
      </step><!-- duration: 97ms -->
      <step title="PreDeployment: context.CleanOutputPath False" date="2025-06-28T14:07:21.526" >
        <step title="PreDeployment: context.OutputPath /home/site/wwwroot" date="2025-06-28T14:07:21.753" >
          <step title="Building" date="2025-06-28T14:07:21.905" >
            <step title="Executing external process" date="2025-06-28T14:07:22.701" type="process" path="bash" arguments="-c &quot;oryx build /home/site/repository -o /home/site/wwwroot --platform python --platform-version 3.9 -p virtualenv_name=antenv --log-file /tmp/build-debug.log  -i /tmp/8ddb64d1995008e --compress-destination-dir | tee /tmp/oryx-build.log ; exit $PIPESTATUS &quot;" /><!-- duration: 61821ms -->
            <step title="Using PythonDeploymentLogParser" date="2025-06-28T14:08:25.039" /><!-- duration: 3ms -->
            <step title="Triggering recycle (preview mode disabled)." date="2025-06-28T14:08:25.887" /><!-- duration: 9ms -->
            <step title="Modified file to trigger a restart of the app container." date="2025-06-28T14:08:25.916" /><!-- duration: 2ms -->
            <step title="Skip function trigger and logicapp sync because function is not enabled." date="2025-06-28T14:08:25.936" /><!-- duration: 8ms -->
          </step><!-- duration: 64779ms -->
        </step><!-- duration: 64942ms -->
        <step title="Cleaning up temp files" date="2025-06-28T14:08:26.702" /><!-- duration: 1963ms -->
        <step title="Cleaning up temp files" date="2025-06-28T14:08:28.687" /><!-- duration: 521ms -->
        <step title="Reloading status file with latest updates" date="2025-06-28T14:08:29.279" >
          <step title="WebHooksManager.PublishEventAsync: PostDeployment" date="2025-06-28T14:08:29.325" /><!-- duration: 713ms -->
        </step><!-- duration: 785ms -->
        <step title="Executing external process" date="2025-06-28T14:08:30.151" type="process" path="git" arguments="log -n 1 master --" /><!-- duration: 168ms -->
      </step><!-- duration: 68803ms -->
      <step title="Perform deploy exiting successfully" date="2025-06-28T14:08:30.332" 