<step title="Executing external process" date="2025-07-21T17:28:34.585" instance="831bc3" type="process" path="kudu.exe" arguments="/home/site /opt/Kudu/msbuild" >
  <step title="Cleanup Xml Logs" date="2025-07-21T17:28:34.602" >
    <step title="Cleanup Infos" date="2025-07-21T17:28:34.614" totalFiles="325" totalCleanup="165" /><!-- duration: 4ms -->
  </step><!-- duration: 24ms -->
  <step title="Deployment timer started" date="2025-07-21T17:28:34.676" >
    <step title="Executing external process" date="2025-07-21T17:28:34.706" type="process" path="git" arguments="log -n 1 master --" /><!-- duration: 163ms -->
    <step title="DeploymentManager.Deploy(id:6f0abfb24750afe25aba92868610779407ecf2a2)" date="2025-07-21T17:28:34.886" >
      <step title="Collecting changeset information" date="2025-07-21T17:28:34.944" /><!-- duration: 271ms -->
      <step title="Updating to specific changeset" date="2025-07-21T17:28:35.221" >
        <step title="Executing external process" date="2025-07-21T17:28:36.445" type="process" path="git" arguments="checkout master --force" /><!-- duration: 1529ms -->
      </step><!-- duration: 2759ms -->
      <step title="Updating submodules" date="2025-07-21T17:28:37.985" /><!-- duration: 162ms -->
      <step title="Determining deployment builder" date="2025-07-21T17:28:38.377" >
        <step title="Builder is OryxBuilder" date="2025-07-21T17:28:38.409" /><!-- duration: 3ms -->
      </step><!-- duration: 51ms -->
      <step title="PreDeployment: context.CleanOutputPath False" date="2025-07-21T17:28:38.468" >
        <step title="PreDeployment: context.OutputPath /home/site/wwwroot" date="2025-07-21T17:28:38.608" >
          <step title="Building" date="2025-07-21T17:28:38.728" >
            <step title="Executing external process" date="2025-07-21T17:28:39.177" type="process" path="bash" arguments="-c &quot;oryx build /home/site/repository -o /home/site/wwwroot --platform python --platform-version 3.9 -p virtualenv_name=antenv --log-file /tmp/build-debug.log  -i /tmp/8ddc87c0787d951 --compress-destination-dir | tee /tmp/oryx-build.log ; exit $PIPESTATUS &quot;" >
              <step title="Cpu: python(12108,40.290s)+ts(12109,0.090s)+build.sh(12107,0.000s)+build.sh(12106,0.000s)+build.sh(12020,0.050s)+oryx(11997,4.950s)+tee(11998,0.000s)+bash(11996,0.000s)=total(45.360s)" date="2025-07-21T17:30:29.972" /><!-- duration: 20ms -->
              <step title="bash: no io activity for 61s, prev-cpu=-1.000s, current-cpu=45.360s" date="2025-07-21T17:30:30.042" /><!-- duration: 10ms -->
            </step><!-- duration: 208650ms -->
            <step title="Using PythonDeploymentLogParser" date="2025-07-21T17:32:08.532" /><!-- duration: 18ms -->
            <step title="Triggering recycle (preview mode disabled)." date="2025-07-21T17:32:09.697" /><!-- duration: 11ms -->
            <step title="Modified file to trigger a restart of the app container." date="2025-07-21T17:32:09.735" /><!-- duration: 4ms -->
            <step title="Skip function trigger and logicapp sync because function is not enabled." date="2025-07-21T17:32:09.779" /><!-- duration: 3ms -->
            <step title="Purge deployment items" date="2025-07-21T17:32:10.954" >
              <step title="Remove 80f793349, Success, received at 07/21/2025 04:26:17" date="2025-07-21T17:32:11.004" /><!-- duration: 6ms -->
            </step><!-- duration: 59ms -->
          </step><!-- duration: 212357ms -->
        </step><!-- duration: 212503ms -->
        <step title="Cleaning up temp files" date="2025-07-21T17:32:11.123" /><!-- duration: 3199ms -->
        <step title="Cleaning up temp files" date="2025-07-21T17:32:14.360" /><!-- duration: 536ms -->
        <step title="Reloading status file with latest updates" date="2025-07-21T17:32:15.009" >
          <step title="WebHooksManager.PublishEventAsync: PostDeployment" date="2025-07-21T17:32:15.028" /><!-- duration: 443ms -->
        </step><!-- duration: 482ms -->
        <step title="Executing external process" date="2025-07-21T17:32:15.592" type="process" path="git" arguments="log -n 1 master --" /><!-- duration: 241ms -->
      </step><!-- duration: 217382ms -->
      <step title="Perform deploy exiting successfully" date="2025-07-21T17:32:15.854" 