<step title="Incoming Request" date="2025-07-21T09:07:40.395" instance="831bc3" url="/ai-learning-tracker-bharath.git/info/refs?service=git-receive-pack" method="GET" type="request" pid="803,1,28" Accept="*/*" Host="ai-learning-tracker-bharath.scm.azurewebsites.net" User-Agent="git/2.50.1.windows.1" Accept-Encoding="deflate, gzip, br, zstd" Authorization="Bas..." Pragma="no-cache" X-ARR-LOG-ID="a4861872-0a5d-4b76-a809-bd2881090f35" CLIENT-IP="122.177.245.132:24075" X-SITE-DEPLOYMENT-ID="ai-learning-tracker-bharath" WAS-DEFAULT-HOSTNAME="ai-learning-tracker-bharath.scm.azurewebsites.net" X-Forwarded-Proto="https" X-AppService-Proto="https" X-Forwarded-TlsVersion="1.3" X-WAWS-Unencoded-URL="/ai-learning-tracker-bharath.git/info/refs?service=git-receive-pack" X-Client-IP="122.177.245.132" X-Client-Port="24075" >
  <step title="Cleanup Xml Logs" date="2025-07-21T09:07:40.421" >
    <step title="Cleanup Infos" date="2025-07-21T09:07:40.498" totalFiles="317" totalCleanup="157" /><!-- duration: 34ms -->
  </step><!-- duration: 114ms -->
  <step title="InfoRefsService.Execute" date="2025-07-21T09:07:40.669" >
    <step title="Executing external process" date="2025-07-21T09:07:40.735" type="process" path="git" arguments="rev-parse --git-dir" /><!-- duration: 143ms -->
    <step title="Assuming git repository at /home/site/repository" date="2025-07-21T09:07:40.886" /><!-- duration: 8ms -->
    <step title="InfoRefsService.SmartInfoRefs" date="2025-07-21T09:07:40.906" >
      <step title="Executing external process" date="2025-07-21T09:07:40.960" type="process" path="git" arguments="rev-parse --git-dir" /><!-- duration: 70ms -->
      <step title="Assuming git repository at /home/site/repository" date="2025-07-21T09:07:41.038" /><!-- duration: 8ms -->
      <step title="GitExeServer.AdvertiseReceivePack" date="2025-07-21T09:07:41.058" >
        <step title="Executing external process" date="2025-07-21T09:07:41.067" type="process" path="git" arguments="receive-pack --stateless-rpc --advertise-refs &quot;/home/site/repository&quot;" /><!-- duration: 201ms -->
      </step><!-- duration: 220ms -->
      <step title="Writing 182 bytes" date="2025-07-21T09:07:41.285" /><!-- duration: 3ms -->
    </step><!-- duration: 398ms -->
  </step><!-- duration: 639ms -->
  <step title="Outgoing response" date="2025-07-21T09:07:41.326" type="response" statusCode="200" statusText="OK" /><!-- duration: 7ms -->
</step><!-- duration: 947ms -->
