<step title="Incoming Request" date="2025-07-28T05:18:44.188" instance="831bc3" url="/ai-learning-tracker-bharath.git/git-receive-pack" method="POST" type="request" pid="805,1,24" Accept="application/x-git-receive-pack-result" Host="ai-learning-tracker-bharath.scm.azurewebsites.net" User-Agent="git/2.50.1.windows.1" Accept-Encoding="deflate, gzip, br, zstd" Authorization="Bas..." Content-Type="application/x-git-receive-pack-request" Content-Length="2634" X-ARR-LOG-ID="c036339e-9c7d-440b-9071-d940454fa09d" CLIENT-IP="122.177.243.138:9506" X-SITE-DEPLOYMENT-ID="ai-learning-tracker-bharath" WAS-DEFAULT-HOSTNAME="ai-learning-tracker-bharath.scm.azurewebsites.net" X-Forwarded-Proto="https" X-AppService-Proto="https" X-Forwarded-TlsVersion="1.3" X-WAWS-Unencoded-URL="/ai-learning-tracker-bharath.git/git-receive-pack" X-Client-IP="122.177.243.138" X-Client-Port="9506" >
  <step title="RpcService.ReceivePack" date="2025-07-28T05:18:44.241" >
    <step title="Executing external process" date="2025-07-28T05:18:44.269" type="process" path="git" arguments="rev-parse --git-dir" /><!-- duration: 119ms -->
    <step title="Assuming git repository at /home/site/repository" date="2025-07-28T05:18:44.401" /><!-- duration: 4ms -->
    <step title="Acquiring Deployment Lock" date="2025-07-28T05:18:44.417" /><!-- duration: 4ms -->
    <step title="Acquired Deployment Lock" date="2025-07-28T05:18:44.518" /><!-- duration: 3ms -->
    <step title="Creating temporary deployment" date="2025-07-28T05:18:44.532" /><!-- duration: 156ms -->
    <step title="GitExeServer.Receive" date="2025-07-28T05:18:44.695" >
      <step title="Executing external process" date="2025-07-28T05:18:44.698" type="process" path="git" arguments="receive-pack --stateless-rpc &quot;/home/site/repository&quot;" /><!-- duration: 199804ms -->
    </step><!-- duration: 199839ms -->
    <step title="Releasing Deployment Lock" date="2025-07-28T05:22:05.236" /><!-- duration: 70ms -->
  </step><!-- duration: 201114ms -->
  <step title="Outgoing response" date="2025-07-28T05:22:05.616" type="response" statusCode="200" statusText="OK" /><!-- duration: 81ms -->
</step><!-- duration: 201531ms -->
