<step title="Incoming Request" date="2025-07-05T10:33:08.442" instance="978831" url="/ai-learning-tracker-bharath.git/info/refs?service=git-receive-pack" method="GET" type="request" pid="802,1,26" Accept="*/*" Host="ai-learning-tracker-bharath.scm.azurewebsites.net" User-Agent="git/2.50.0.windows.2" Accept-Encoding="deflate, gzip, br, zstd" Authorization="Bas..." Pragma="no-cache" X-ARR-LOG-ID="4d497ec2-5be4-4a14-8af2-37b4ed79be74" CLIENT-IP="136.185.80.59:59524" X-SITE-DEPLOYMENT-ID="ai-learning-tracker-bharath" WAS-DEFAULT-HOSTNAME="ai-learning-tracker-bharath.scm.azurewebsites.net" X-Forwarded-Proto="https" X-AppService-Proto="https" X-Forwarded-TlsVersion="1.3" X-WAWS-Unencoded-URL="/ai-learning-tracker-bharath.git/info/refs?service=git-receive-pack" X-Client-IP="136.185.80.59" X-Client-Port="59524" >
  <step title="Cleanup Xml Logs" date="2025-07-05T10:33:08.446" /><!-- duration: 6ms -->
  <step title="InfoRefsService.Execute" date="2025-07-05T10:33:09.493" >
    <step title="Executing external process" date="2025-07-05T10:33:09.517" type="process" path="git" arguments="rev-parse --git-dir" /><!-- duration: 102ms -->
    <step title="Assuming git repository at /home/site/repository" date="2025-07-05T10:33:09.627" /><!-- duration: 2ms -->
    <step title="InfoRefsService.SmartInfoRefs" date="2025-07-05T10:33:09.632" >
      <step title="Executing external process" date="2025-07-05T10:33:09.642" type="process" path="git" arguments="rev-parse --git-dir" /><!-- duration: 17ms -->
      <step title="Assuming git repository at /home/site/repository" date="2025-07-05T10:33:09.666" /><!-- duration: 2ms -->
      <step title="GitExeServer.AdvertiseReceivePack" date="2025-07-05T10:33:09.672" >
        <step title="Executing external process" date="2025-07-05T10:33:09.676" type="process" path="git" arguments="receive-pack --stateless-rpc --advertise-refs &quot;/home/site/repository&quot;" /><!-- duration: 42ms -->
      </step><!-- duration: 48ms -->
      <step title="Writing 182 bytes" date="2025-07-05T10:33:09.722" /><!-- duration: 2ms -->
    </step><!-- duration: 99ms -->
  </step><!-- duration: 240ms -->
  <step title="Outgoing response" date="2025-07-05T10:33:09.749" type="response" statusCode="200" statusText="OK" /><!-- duration: 2ms -->
</step><!-- duration: 1311ms -->
