<step title="Incoming Request" date="2025-07-19T12:01:22.186" instance="831bc3" url="/ai-learning-tracker-bharath.git/info/refs?service=git-receive-pack" method="GET" type="request" pid="807,1,53" Accept="*/*" Host="ai-learning-tracker-bharath.scm.azurewebsites.net" User-Agent="git/2.50.1.windows.1" Accept-Encoding="deflate, gzip, br, zstd" Authorization="Bas..." Pragma="no-cache" X-ARR-LOG-ID="82f8a3b7-9fc5-488b-b568-378578ec9d92" CLIENT-IP="122.177.246.142:20734" X-SITE-DEPLOYMENT-ID="ai-learning-tracker-bharath" WAS-DEFAULT-HOSTNAME="ai-learning-tracker-bharath.scm.azurewebsites.net" X-Forwarded-Proto="https" X-AppService-Proto="https" X-Forwarded-TlsVersion="1.3" X-WAWS-Unencoded-URL="/ai-learning-tracker-bharath.git/info/refs?service=git-receive-pack" X-Client-IP="122.177.246.142" X-Client-Port="20734" >
  <step title="Cleanup Xml Logs" date="2025-07-19T12:01:22.201" >
    <step title="Cleanup Infos" date="2025-07-19T12:01:22.245" totalFiles="256" totalCleanup="96" /><!-- duration: 9ms -->
  </step><!-- duration: 58ms -->
  <step title="InfoRefsService.Execute" date="2025-07-19T12:01:22.333" >
    <step title="Executing external process" date="2025-07-19T12:01:22.361" type="process" path="git" arguments="rev-parse --git-dir" /><!-- duration: 64ms -->
    <step title="Assuming git repository at /home/site/repository" date="2025-07-19T12:01:22.429" /><!-- duration: 1ms -->
    <step title="InfoRefsService.SmartInfoRefs" date="2025-07-19T12:01:22.435" >
      <step title="Executing external process" date="2025-07-19T12:01:22.476" type="process" path="git" arguments="rev-parse --git-dir" /><!-- duration: 57ms -->
      <step title="Assuming git repository at /home/site/repository" date="2025-07-19T12:01:22.535" /><!-- duration: 7ms -->
      <step title="GitExeServer.AdvertiseReceivePack" date="2025-07-19T12:01:22.573" >
        <step title="Executing external process" date="2025-07-19T12:01:22.576" type="process" path="git" arguments="receive-pack --stateless-rpc --advertise-refs &quot;/home/site/repository&quot;" /><!-- duration: 117ms -->
      </step><!-- duration: 124ms -->
      <step title="Writing 182 bytes" date="2025-07-19T12:01:22.701" /><!-- duration: 2ms -->
    </step><!-- duration: 274ms -->
  </step><!-- duration: 379ms -->
  <step title="Outgoing response" date="2025-07-19T12:01:22.729" type="response" statusCode="200" statusText="OK" /><!-- duration: 1ms -->
</step><!-- duration: 547ms -->
