<step title="Incoming Request" date="2025-07-19T07:39:18.145" instance="831bc3" url="/ai-learning-tracker-bharath.git/info/refs?service=git-receive-pack" method="GET" type="request" pid="803,1,40" Accept="*/*" Host="ai-learning-tracker-bharath.scm.azurewebsites.net" User-Agent="git/2.50.1.windows.1" Accept-Encoding="deflate, gzip, br, zstd" Authorization="Bas..." Pragma="no-cache" X-ARR-LOG-ID="eebb184e-f896-452f-9257-522c6afc303b" CLIENT-IP="122.177.246.142:5988" X-SITE-DEPLOYMENT-ID="ai-learning-tracker-bharath" WAS-DEFAULT-HOSTNAME="ai-learning-tracker-bharath.scm.azurewebsites.net" X-Forwarded-Proto="https" X-AppService-Proto="https" X-Forwarded-TlsVersion="1.3" X-WAWS-Unencoded-URL="/ai-learning-tracker-bharath.git/info/refs?service=git-receive-pack" X-Client-IP="122.177.246.142" X-Client-Port="5988" >
  <step title="Cleanup Xml Logs" date="2025-07-19T07:39:18.227" >
    <step title="Cleanup Infos" date="2025-07-19T07:39:18.255" totalFiles="233" totalCleanup="73" /><!-- duration: 18ms -->
  </step><!-- duration: 52ms -->
  <step title="InfoRefsService.Execute" date="2025-07-19T07:39:18.347" >
    <step title="Executing external process" date="2025-07-19T07:39:18.360" type="process" path="git" arguments="rev-parse --git-dir" /><!-- duration: 50ms -->
    <step title="Assuming git repository at /home/site/repository" date="2025-07-19T07:39:18.411" /><!-- duration: 2ms -->
    <step title="InfoRefsService.SmartInfoRefs" date="2025-07-19T07:39:18.416" >
      <step title="Executing external process" date="2025-07-19T07:39:18.446" type="process" path="git" arguments="rev-parse --git-dir" /><!-- duration: 63ms -->
      <step title="Assuming git repository at /home/site/repository" date="2025-07-19T07:39:18.512" /><!-- duration: 3ms -->
      <step title="GitExeServer.AdvertiseReceivePack" date="2025-07-19T07:39:18.524" >
        <step title="Executing external process" date="2025-07-19T07:39:18.527" type="process" path="git" arguments="receive-pack --stateless-rpc --advertise-refs &quot;/home/site/repository&quot;" /><!-- duration: 63ms -->
      </step><!-- duration: 69ms -->
      <step title="Writing 182 bytes" date="2025-07-19T07:39:18.595" /><!-- duration: 1ms -->
    </step><!-- duration: 183ms -->
  </step><!-- duration: 254ms -->
  <step title="Outgoing response" date="2025-07-19T07:39:18.607" type="response" statusCode="200" statusText="OK" /><!-- duration: 3ms -->
</step><!-- duration: 469ms -->
