<step title="Incoming Request" date="2025-07-28T11:57:58.429" instance="831bc3" url="/ai-learning-tracker-bharath.git/info/refs?service=git-receive-pack" method="GET" type="request" pid="803,1,60" Accept="*/*" Host="ai-learning-tracker-bharath.scm.azurewebsites.net" User-Agent="git/2.50.1.windows.1" Accept-Encoding="deflate, gzip, br, zstd" Authorization="Bas..." Pragma="no-cache" X-ARR-LOG-ID="8e2a091f-6b07-454d-bc54-69a97da4014b" CLIENT-IP="122.177.243.138:3898" X-SITE-DEPLOYMENT-ID="ai-learning-tracker-bharath" WAS-DEFAULT-HOSTNAME="ai-learning-tracker-bharath.scm.azurewebsites.net" X-Forwarded-Proto="https" X-AppService-Proto="https" X-Forwarded-TlsVersion="1.3" X-WAWS-Unencoded-URL="/ai-learning-tracker-bharath.git/info/refs?service=git-receive-pack" X-Client-IP="122.177.243.138" X-Client-Port="3898" >
  <step title="Cleanup Xml Logs" date="2025-07-28T11:57:58.434" >
    <step title="Cleanup Infos" date="2025-07-28T11:57:58.449" totalFiles="368" totalCleanup="208" /><!-- duration: 8ms -->
  </step><!-- duration: 25ms -->
  <step title="InfoRefsService.Execute" date="2025-07-28T11:57:59.329" >
    <step title="Executing external process" date="2025-07-28T11:57:59.344" type="process" path="git" arguments="rev-parse --git-dir" /><!-- duration: 107ms -->
    <step title="Assuming git repository at /home/site/repository" date="2025-07-28T11:57:59.464" /><!-- duration: 3ms -->
    <step title="InfoRefsService.SmartInfoRefs" date="2025-07-28T11:57:59.472" >
      <step title="Executing external process" date="2025-07-28T11:57:59.483" type="process" path="git" arguments="rev-parse --git-dir" /><!-- duration: 19ms -->
      <step title="Assuming git repository at /home/site/repository" date="2025-07-28T11:57:59.505" /><!-- duration: 2ms -->
      <step title="GitExeServer.AdvertiseReceivePack" date="2025-07-28T11:57:59.513" >
        <step title="Executing external process" date="2025-07-28T11:57:59.516" type="process" path="git" arguments="receive-pack --stateless-rpc --advertise-refs &quot;/home/site/repository&quot;" /><!-- duration: 39ms -->
      </step><!-- duration: 45ms -->
      <step title="Writing 182 bytes" date="2025-07-28T11:57:59.560" /><!-- duration: 3ms -->
    </step><!-- duration: 98ms -->
  </step><!-- duration: 244ms -->
  <step title="Outgoing response" date="2025-07-28T11:57:59.640" type="response" statusCode="200" statusText="OK" /><!-- duration: 9ms -->
</step><!-- duration: 1224ms -->
