<step title="Executing external process" date="2025-07-21T08:26:54.992" instance="831bc3" type="process" path="kudu.exe" arguments="/home/site /opt/Kudu/msbuild" >
  <step title="Cleanup Xml Logs" date="2025-07-21T08:26:55.012" >
    <step title="Cleanup Infos" date="2025-07-21T08:26:55.042" totalFiles="315" totalCleanup="155" /><!-- duration: 16ms -->
  </step><!-- duration: 56ms -->
  <step title="Deployment timer started" date="2025-07-21T08:26:55.118" >
    <step title="Executing external process" date="2025-07-21T08:26:55.148" type="process" path="git" arguments="log -n 1 master --" /><!-- duration: 256ms -->
    <step title="DeploymentManager.Deploy(id:896f6feace527a8536afc212c40285f01c2f148f)" date="2025-07-21T08:26:55.425" >
      <step title="Collecting changeset information" date="2025-07-21T08:26:55.493" /><!-- duration: 238ms -->
      <step title="Updating to specific changeset" date="2025-07-21T08:26:55.742" >
        <step title="Executing external process" date="2025-07-21T08:26:56.915" type="process" path="git" arguments="checkout master --force" /><!-- duration: 1138ms -->
      </step><!-- duration: 2318ms -->
      <step title="Updating submodules" date="2025-07-21T08:26:58.065" /><!-- duration: 204ms -->
      <step title="Determining deployment builder" date="2025-07-21T08:26:58.520" >
        <step title="Builder is OryxBuilder" date="2025-07-21T08:26:58.568" /><!-- duration: 21ms -->
      </step><!-- duration: 75ms -->
      <step title="PreDeployment: context.CleanOutputPath False" date="2025-07-21T08:26:58.633" >
        <step title="PreDeployment: context.OutputPath /home/site/wwwroot" date="2025-07-21T08:26:58.740" >
          <step title="Building" date="2025-07-21T08:26:58.854" >
            <step title="Executing external process" date="2025-07-21T08:26:59.200" type="process" path="bash" arguments="-c &quot;oryx build /home/site/repository -o /home/site/wwwroot --platform python --platform-version 3.9 -p virtualenv_name=antenv --log-file /tmp/build-debug.log  -i /tmp/8ddc8305c1ed13e --compress-destination-dir | tee /tmp/oryx-build.log ; exit $PIPESTATUS &quot;" >
              <step title="Cpu: python(4540,44.690s)+ts(4541,0.090s)+build.sh(4539,0.000s)+build.sh(4538,0.000s)+build.sh(4447,0.040s)+oryx(4420,4.860s)+tee(4421,0.000s)+bash(4419,0.000s)=total(49.660s)" date="2025-07-21T08:29:12.119" /><!-- duration: 59ms -->
              <step title="bash: no io activity for 61s, prev-cpu=-1.000s, current-cpu=49.660s" date="2025-07-21T08:29:12.318" /><!-- duration: 50ms -->
            </step><!-- duration: 222729ms -->
            <step title="Using PythonDeploymentLogParser" date="2025-07-21T08:30:42.486" /><!-- duration: 9ms -->
            <step title="Triggering recycle (preview mode disabled)." date="2025-07-21T08:30:43.558" /><!-- duration: 18ms -->
            <step title="Modified file to trigger a restart of the app container." date="2025-07-21T08:30:43.624" /><!-- duration: 3ms -->
            <step title="Skip function trigger and logicapp sync because function is not enabled." date="2025-07-21T08:30:43.654" /><!-- duration: 6ms -->
            <step title="Purge deployment items" date="2025-07-21T08:30:44.635" >
              <step title="Remove 4a049acb5, Success, received at 07/21/2025 02:10:00" date="2025-07-21T08:30:44.737" /><!-- duration: 10ms -->
            </step><!-- duration: 121ms -->
          </step><!-- duration: 225973ms -->
        </step><!-- duration: 226095ms -->
        <step title="Cleaning up temp files" date="2025-07-21T08:30:44.838" /><!-- duration: 1802ms -->
        <step title="Cleaning up temp files" date="2025-07-21T08:30:46.647" /><!-- duration: 512ms -->
        <step title="Reloading status file with latest updates" date="2025-07-21T08:30:47.213" >
          <step title="WebHooksManager.PublishEventAsync: PostDeployment" date="2025-07-21T08:30:47.270" /><!-- duration: 260ms -->
        </step><!-- duration: 321ms -->
        <step title="Executing external process" date="2025-07-21T08:30:47.571" type="process" path="git" arguments="log -n 1 master --" /><!-- duration: 104ms -->
      </step><!-- duration: 229052ms -->
      <step title="Perform deploy exiting successfully" date="2025-07-21T08:30:47.691" 