<step title="Incoming Request" date="2025-07-19T18:48:53.976" instance="831bc3" url="/ai-learning-tracker-bharath.git/info/refs?service=git-receive-pack" method="GET" type="request" pid="807,1,34" Accept="*/*" Host="ai-learning-tracker-bharath.scm.azurewebsites.net" User-Agent="git/2.50.1.windows.1" Accept-Encoding="deflate, gzip, br, zstd" Authorization="Bas..." Pragma="no-cache" X-ARR-LOG-ID="ff8c523e-dfe3-416d-a369-fd8ac329ba53" CLIENT-IP="122.177.246.142:26072" X-SITE-DEPLOYMENT-ID="ai-learning-tracker-bharath" WAS-DEFAULT-HOSTNAME="ai-learning-tracker-bharath.scm.azurewebsites.net" X-Forwarded-Proto="https" X-AppService-Proto="https" X-Forwarded-TlsVersion="1.3" X-WAWS-Unencoded-URL="/ai-learning-tracker-bharath.git/info/refs?service=git-receive-pack" X-Client-IP="122.177.246.142" X-Client-Port="26072" >
  <step title="Cleanup Xml Logs" date="2025-07-19T18:48:53.998" >
    <step title="Cleanup Infos" date="2025-07-19T18:48:54.030" totalFiles="262" totalCleanup="102" /><!-- duration: 11ms -->
  </step><!-- duration: 47ms -->
  <step title="InfoRefsService.Execute" date="2025-07-19T18:48:54.099" >
    <step title="Executing external process" date="2025-07-19T18:48:54.115" type="process" path="git" arguments="rev-parse --git-dir" /><!-- duration: 61ms -->
    <step title="Assuming git repository at /home/site/repository" date="2025-07-19T18:48:54.183" /><!-- duration: 4ms -->
    <step title="InfoRefsService.SmartInfoRefs" date="2025-07-19T18:48:54.194" >
      <step title="Executing external process" date="2025-07-19T18:48:54.228" type="process" path="git" arguments="rev-parse --git-dir" /><!-- duration: 46ms -->
      <step title="Assuming git repository at /home/site/repository" date="2025-07-19T18:48:54.276" /><!-- duration: 2ms -->
      <step title="GitExeServer.AdvertiseReceivePack" date="2025-07-19T18:48:54.286" >
        <step title="Executing external process" date="2025-07-19T18:48:54.288" type="process" path="git" arguments="receive-pack --stateless-rpc --advertise-refs &quot;/home/site/repository&quot;" /><!-- duration: 59ms -->
      </step><!-- duration: 62ms -->
      <step title="Writing 182 bytes" date="2025-07-19T18:48:54.355" /><!-- duration: 2ms -->
    </step><!-- duration: 167ms -->
  </step><!-- duration: 264ms -->
  <step title="Outgoing response" date="2025-07-19T18:48:54.377" type="response" statusCode="200" statusText="OK" /><!-- duration: 10ms -->
</step><!-- duration: 419ms -->
