<step title="Incoming Request" date="2025-07-01T19:29:31.200" instance="978831" url="/ai-learning-tracker-bharath.git/git-receive-pack" method="POST" type="request" pid="807,1,18" Accept="application/x-git-receive-pack-result" Host="ai-learning-tracker-bharath.scm.azurewebsites.net" User-Agent="git/2.50.0.windows.1" Accept-Encoding="deflate, gzip, br, zstd" Authorization="Bas..." Content-Type="application/x-git-receive-pack-request" Content-Length="12217" X-ARR-LOG-ID="319e2560-9f3f-402a-80e2-79ad3c0357fd" CLIENT-IP="122.174.71.5:54938" X-SITE-DEPLOYMENT-ID="ai-learning-tracker-bharath" WAS-DEFAULT-HOSTNAME="ai-learning-tracker-bharath.scm.azurewebsites.net" X-Forwarded-Proto="https" X-AppService-Proto="https" X-Forwarded-TlsVersion="1.3" X-WAWS-Unencoded-URL="/ai-learning-tracker-bharath.git/git-receive-pack" X-Client-IP="122.174.71.5" X-Client-Port="54938" >
  <step title="RpcService.ReceivePack" date="2025-07-01T19:29:31.228" >
    <step title="Executing external process" date="2025-07-01T19:29:31.236" type="process" path="git" arguments="rev-parse --git-dir" /><!-- duration: 30ms -->
    <step title="Assuming git repository at /home/site/repository" date="2025-07-01T19:29:31.268" /><!-- duration: 2ms -->
    <step title="Acquiring Deployment Lock" date="2025-07-01T19:29:31.275" /><!-- duration: 2ms -->
    <step title="Acquired Deployment Lock" date="2025-07-01T19:29:31.311" /><!-- duration: 2ms -->
    <step title="Creating temporary deployment" date="2025-07-01T19:29:31.318" /><!-- duration: 55ms -->
    <step title="GitExeServer.Receive" date="2025-07-01T19:29:31.376" >
      <step title="Executing external process" date="2025-07-01T19:29:31.378" type="process" path="git" arguments="receive-pack --stateless-rpc &quot;/home/site/repository&quot;" /><!-- duration: 94575ms -->
    </step><!-- duration: 94597ms -->
    <step title="Releasing Deployment Lock" date="2025-07-01T19:31:06.059" /><!-- duration: 3ms -->
  </step><!-- duration: 94843ms -->
  <step title="Outgoing response" date="2025-07-01T19:31:06.079" type="response" statusCode="200" statusText="OK" /><!-- duration: 14ms -->
</step><!-- duration: 94897ms -->
