<step title="Executing external process" date="2025-07-05T06:24:06.625" instance="978831" type="process" path="kudu.exe" arguments="/home/site /opt/Kudu/msbuild" >
  <step title="Cleanup Xml Logs" date="2025-07-05T06:24:06.642" /><!-- duration: 7ms -->
  <step title="Deployment timer started" date="2025-07-05T06:24:06.703" >
    <step title="Executing external process" date="2025-07-05T06:24:06.734" type="process" path="git" arguments="log -n 1 master --" /><!-- duration: 134ms -->
    <step title="DeploymentManager.Deploy(id:8581fd6610a0a8e2026ec479e8a4d1683062c66d)" date="2025-07-05T06:24:06.880" >
      <step title="Collecting changeset information" date="2025-07-05T06:24:06.908" /><!-- duration: 269ms -->
      <step title="Updating to specific changeset" date="2025-07-05T06:24:07.181" >
        <step title="Executing external process" date="2025-07-05T06:24:08.314" type="process" path="git" arguments="checkout master --force" /><!-- duration: 2141ms -->
      </step><!-- duration: 3284ms -->
      <step title="Updating submodules" date="2025-07-05T06:24:10.471" /><!-- duration: 166ms -->
      <step title="Determining deployment builder" date="2025-07-05T06:24:11.076" >
        <step title="Builder is OryxBuilder" date="2025-07-05T06:24:11.192" /><!-- duration: 2ms -->
      </step><!-- duration: 147ms -->
      <step title="PreDeployment: context.CleanOutputPath False" date="2025-07-05T06:24:11.274" >
        <step title="PreDeployment: context.OutputPath /home/site/wwwroot" date="2025-07-05T06:24:11.343" >
          <step title="Building" date="2025-07-05T06:24:11.436" >
            <step title="Executing external process" date="2025-07-05T06:24:11.708" type="process" path="bash" arguments="-c &quot;oryx build /home/site/repository -o /home/site/wwwroot --platform python --platform-version 3.9 -p virtualenv_name=antenv --log-file /tmp/build-debug.log  -i /tmp/8ddbb8c8e37e0ba --compress-destination-dir | tee /tmp/oryx-build.log ; exit $PIPESTATUS &quot;" /><!-- duration: 81234ms -->
            <step title="Using PythonDeploymentLogParser" date="2025-07-05T06:25:33.411" /><!-- duration: 2ms -->
            <step title="Triggering recycle (preview mode disabled)." date="2025-07-05T06:25:34.204" /><!-- duration: 5ms -->
            <step title="Modified file to trigger a restart of the app container." date="2025-07-05T06:25:34.225" /><!-- duration: 2ms -->
            <step title="Skip function trigger and logicapp sync because function is not enabled." date="2025-07-05T06:25:34.253" /><!-- duration: 2ms -->
            <step title="Purge deployment items" date="2025-07-05T06:25:34.992" >
              <step title="Remove fb41df757, Success, received at 07/01/2025 13:53:22" date="2025-07-05T06:25:35.033" /><!-- duration: 2ms -->
            </step><!-- duration: 46ms -->
          </step><!-- duration: 83638ms -->
        </step><!-- duration: 83734ms -->
        <step title="Cleaning up temp files" date="2025-07-05T06:25:35.080" /><!-- duration: 1888ms -->
        <step title="Cleaning up temp files" date="2025-07-05T06:25:36.973" /><!-- duration: 510ms -->
        <step title="Reloading status file with latest updates" date="2025-07-05T06:25:37.502" >
          <step title="WebHooksManager.PublishEventAsync: PostDeployment" date="2025-07-05T06:25:37.510" /><!-- duration: 137ms -->
        </step><!-- duration: 149ms -->
        <step title="Executing external process" date="2025-07-05T06:25:37.674" type="process" path="git" arguments="log -n 1 master --" /><!-- duration: 99ms -->
      </step><!-- duration: 86501ms -->
      <step title="Perform deploy exiting successfully" date="2025-07-05T06:25:37.784" 