<step title="Incoming Request" date="2025-07-05T11:42:46.996" instance="978831" url="/ai-learning-tracker-bharath.git/info/refs?service=git-receive-pack" method="GET" type="request" pid="802,1,45" Accept="*/*" Host="ai-learning-tracker-bharath.scm.azurewebsites.net" User-Agent="git/2.50.0.windows.2" Accept-Encoding="deflate, gzip, br, zstd" Authorization="Bas..." Pragma="no-cache" X-ARR-LOG-ID="cc7f1252-a116-4f4e-bd9b-141ea4c6e7c0" CLIENT-IP="136.185.80.59:62021" X-SITE-DEPLOYMENT-ID="ai-learning-tracker-bharath" WAS-DEFAULT-HOSTNAME="ai-learning-tracker-bharath.scm.azurewebsites.net" X-Forwarded-Proto="https" X-AppService-Proto="https" X-Forwarded-TlsVersion="1.3" X-WAWS-Unencoded-URL="/ai-learning-tracker-bharath.git/info/refs?service=git-receive-pack" X-Client-IP="136.185.80.59" X-Client-Port="62021" >
  <step title="Cleanup Xml Logs" date="2025-07-05T11:42:47.014" /><!-- duration: 21ms -->
  <step title="InfoRefsService.Execute" date="2025-07-05T11:42:47.217" >
    <step title="Executing external process" date="2025-07-05T11:42:47.265" type="process" path="git" arguments="rev-parse --git-dir" /><!-- duration: 78ms -->
    <step title="Assuming git repository at /home/site/repository" date="2025-07-05T11:42:47.352" /><!-- duration: 2ms -->
    <step title="InfoRefsService.SmartInfoRefs" date="2025-07-05T11:42:47.361" >
      <step title="Executing external process" date="2025-07-05T11:42:47.391" type="process" path="git" arguments="rev-parse --git-dir" /><!-- duration: 20ms -->
      <step title="Assuming git repository at /home/site/repository" date="2025-07-05T11:42:47.413" /><!-- duration: 2ms -->
      <step title="GitExeServer.AdvertiseReceivePack" date="2025-07-05T11:42:47.418" >
        <step title="Executing external process" date="2025-07-05T11:42:47.420" type="process" path="git" arguments="receive-pack --stateless-rpc --advertise-refs &quot;/home/site/repository&quot;" /><!-- duration: 26ms -->
      </step><!-- duration: 30ms -->
      <step title="Writing 182 bytes" date="2025-07-05T11:42:47.450" /><!-- duration: 2ms -->
    </step><!-- duration: 95ms -->
  </step><!-- duration: 241ms -->
  <step title="Outgoing response" date="2025-07-05T11:42:47.463" type="response" statusCode="200" statusText="OK" /><!-- duration: 2ms -->
</step><!-- duration: 471ms -->
