<step title="Incoming Request" date="2025-07-26T08:59:39.027" instance="831bc3" url="/ai-learning-tracker-bharath.git/info/refs?service=git-receive-pack" method="GET" type="request" pid="803,1,22" Accept="*/*" Host="ai-learning-tracker-bharath.scm.azurewebsites.net" User-Agent="git/2.50.1.windows.1" Accept-Encoding="deflate, gzip, br, zstd" Authorization="Bas..." Pragma="no-cache" X-ARR-LOG-ID="544b0e12-70e5-461f-9a79-32e98395b3f5" CLIENT-IP="122.177.246.54:3171" X-SITE-DEPLOYMENT-ID="ai-learning-tracker-bharath" WAS-DEFAULT-HOSTNAME="ai-learning-tracker-bharath.scm.azurewebsites.net" X-Forwarded-Proto="https" X-AppService-Proto="https" X-Forwarded-TlsVersion="1.3" X-WAWS-Unencoded-URL="/ai-learning-tracker-bharath.git/info/refs?service=git-receive-pack" X-Client-IP="122.177.246.54" X-Client-Port="3171" >
  <step title="Cleanup Xml Logs" date="2025-07-26T08:59:39.052" >
    <step title="Cleanup Infos" date="2025-07-26T08:59:39.079" totalFiles="329" totalCleanup="169" /><!-- duration: 58ms -->
  </step><!-- duration: 94ms -->
  <step title="InfoRefsService.Execute" date="2025-07-26T08:59:39.362" >
    <step title="Executing external process" date="2025-07-26T08:59:39.392" type="process" path="git" arguments="rev-parse --git-dir" /><!-- duration: 83ms -->
    <step title="Assuming git repository at /home/site/repository" date="2025-07-26T08:59:39.492" /><!-- duration: 4ms -->
    <step title="InfoRefsService.SmartInfoRefs" date="2025-07-26T08:59:39.504" >
      <step title="Executing external process" date="2025-07-26T08:59:39.519" type="process" path="git" arguments="rev-parse --git-dir" /><!-- duration: 34ms -->
      <step title="Assuming git repository at /home/site/repository" date="2025-07-26T08:59:39.560" /><!-- duration: 3ms -->
      <step title="GitExeServer.AdvertiseReceivePack" date="2025-07-26T08:59:39.567" >
        <step title="Executing external process" date="2025-07-26T08:59:39.570" type="process" path="git" arguments="receive-pack --stateless-rpc --advertise-refs &quot;/home/site/repository&quot;" /><!-- duration: 87ms -->
      </step><!-- duration: 93ms -->
      <step title="Writing 182 bytes" date="2025-07-26T08:59:39.665" /><!-- duration: 2ms -->
    </step><!-- duration: 181ms -->
  </step><!-- duration: 326ms -->
  <step title="Outgoing response" date="2025-07-26T08:59:39.741" type="response" statusCode="200" statusText="OK" /><!-- duration: 2ms -->
</step><!-- duration: 719ms -->
