<step title="Executing external process" date="2025-07-28T11:58:06.919" instance="831bc3" type="process" path="kudu.exe" arguments="/home/site /opt/Kudu/msbuild" >
  <step title="Cleanup Xml Logs" date="2025-07-28T11:58:06.935" >
    <step title="Cleanup Infos" date="2025-07-28T11:58:06.949" totalFiles="370" totalCleanup="210" /><!-- duration: 5ms -->
  </step><!-- duration: 30ms -->
  <step title="Deployment timer started" date="2025-07-28T11:58:07.021" >
    <step title="Executing external process" date="2025-07-28T11:58:07.070" type="process" path="git" arguments="log -n 1 master --" /><!-- duration: 233ms -->
    <step title="DeploymentManager.Deploy(id:b2949f4ffbb261bb0f453bfd0c9ac1c998e0c7f1)" date="2025-07-28T11:58:07.333" >
      <step title="Collecting changeset information" date="2025-07-28T11:58:07.422" /><!-- duration: 375ms -->
      <step title="Updating to specific changeset" date="2025-07-28T11:58:07.807" >
        <step title="Executing external process" date="2025-07-28T11:58:08.988" type="process" path="git" arguments="checkout master --force" /><!-- duration: 1167ms -->
      </step><!-- duration: 2354ms -->
      <step title="Updating submodules" date="2025-07-28T11:58:10.165" /><!-- duration: 149ms -->
      <step title="Determining deployment builder" date="2025-07-28T11:58:10.589" >
        <step title="Builder is RunFromZipSiteBuilder" date="2025-07-28T11:58:10.610" /><!-- duration: 3ms -->
      </step><!-- duration: 27ms -->
      <step title="PreDeployment: context.CleanOutputPath False" date="2025-07-28T11:58:10.662" >
        <step title="PreDeployment: context.OutputPath /home/site/wwwroot" date="2025-07-28T11:58:10.813" >
          <step title="Building" date="2025-07-28T11:58:10.940" >
            <step title="Triggering recycle (preview mode disabled)." date="2025-07-28T11:58:11.284" /><!-- duration: 4ms -->
            <step title="Modified file to trigger a restart of the app container." date="2025-07-28T11:58:11.308" /><!-- duration: 2ms -->
            <step title="Skip function trigger and logicapp sync because function is not enabled." date="2025-07-28T11:58:11.326" /><!-- duration: 3ms -->
            <step title="Purge deployment items" date="2025-07-28T11:58:12.255" >
              <step title="Remove 6f0abfb24, Success, received at 07/21/2025 17:28:35" date="2025-07-28T11:58:12.309" /><!-- duration: 5ms -->
            </step><!-- duration: 62ms -->
          </step><!-- duration: 1435ms -->
        </step><!-- duration: 1568ms -->
        <step title="Cleaning up temp files" date="2025-07-28T11:58:12.384" /><!-- duration: 8ms -->
        <step title="Cleaning up temp files" date="2025-07-28T11:58:12.395" /><!-- duration: 504ms -->
        <step title="Reloading status file with latest updates" date="2025-07-28T11:58:12.951" >
          <step title="WebHooksManager.PublishEventAsync: PostDeployment" date="2025-07-28T11:58:12.964" /><!-- duration: 101ms -->
        </step><!-- duration: 116ms -->
        <step title="Executing external process" date="2025-07-28T11:58:13.081" type="process" path="git" arguments="log -n 1 master --" /><!-- duration: 58ms -->
      </step><!-- duration: 2479ms -->
      <step title="Perform deploy exiting successfully" date="2025-07-28T11:58:13.147" 