<step title="Executing external process" date="2025-06-29T14:01:46.508" instance="978831" type="process" path="kudu.exe" arguments="/home/site /opt/Kudu/msbuild" >
  <step title="Cleanup Xml Logs" date="2025-06-29T14:01:46.541" /><!-- duration: 18ms -->
  <step title="Deployment timer started" date="2025-06-29T14:01:46.636" >
    <step title="Executing external process" date="2025-06-29T14:01:46.696" type="process" path="git" arguments="log -n 1 master --" /><!-- duration: 476ms -->
    <step title="DeploymentManager.Deploy(id:fcdb77131efd6cea8e2e672531139906a7bf7ef7)" date="2025-06-29T14:01:47.266" >
      <step title="Collecting changeset information" date="2025-06-29T14:01:47.403" /><!-- duration: 485ms -->
      <step title="Updating to specific changeset" date="2025-06-29T14:01:47.906" >
        <step title="Executing external process" date="2025-06-29T14:01:49.065" type="process" path="git" arguments="checkout master --force" /><!-- duration: 415ms -->
      </step><!-- duration: 1577ms -->
      <step title="Updating submodules" date="2025-06-29T14:01:49.486" /><!-- duration: 143ms -->
      <step title="Determining deployment builder" date="2025-06-29T14:01:49.837" >
        <step title="Builder is OryxBuilder" date="2025-06-29T14:01:49.866" /><!-- duration: 3ms -->
      </step><!-- duration: 39ms -->
      <step title="PreDeployment: context.CleanOutputPath False" date="2025-06-29T14:01:49.913" >
        <step title="PreDeployment: context.OutputPath /home/site/wwwroot" date="2025-06-29T14:01:50.041" >
          <step title="Building" date="2025-06-29T14:01:50.148" >
            <step title="Executing external process" date="2025-06-29T14:01:50.436" type="process" path="bash" arguments="-c &quot;oryx build /home/site/repository -o /home/site/wwwroot --platform python --platform-version 3.9 -p virtualenv_name=antenv --log-file /tmp/build-debug.log  -i /tmp/8ddb7157e5e3ccf --compress-destination-dir | tee /tmp/oryx-build.log ; exit $PIPESTATUS &quot;" /><!-- duration: 75303ms -->
            <step title="Using PythonDeploymentLogParser" date="2025-06-29T14:03:06.194" /><!-- duration: 3ms -->
            <step title="Triggering recycle (preview mode disabled)." date="2025-06-29T14:03:06.992" /><!-- duration: 9ms -->
            <step title="Modified file to trigger a restart of the app container." date="2025-06-29T14:03:07.021" /><!-- duration: 4ms -->
            <step title="Skip function trigger and logicapp sync because function is not enabled." date="2025-06-29T14:03:07.184" /><!-- duration: 17ms -->
          </step><!-- duration: 78302ms -->
        </step><!-- duration: 78429ms -->
        <step title="Cleaning up temp files" date="2025-06-29T14:03:08.507" /><!-- duration: 2093ms -->
        <step title="Cleaning up temp files" date="2025-06-29T14:03:10.612" /><!-- duration: 834ms -->
        <step title="Reloading status file with latest updates" date="2025-06-29T14:03:11.523" >
          <step title="WebHooksManager.PublishEventAsync: PostDeployment" date="2025-06-29T14:03:11.534" /><!-- duration: 522ms -->
        </step><!-- duration: 555ms -->
        <step title="Executing external process" date="2025-06-29T14:03:12.111" type="process" path="git" arguments="log -n 1 master --" /><!-- duration: 328ms -->
      </step><!-- duration: 82533ms -->
      <step title="Perform deploy exiting successfully" date="2025-06-29T14:03:12.456" 