<step title="Incoming Request" date="2025-06-30T13:40:22.260" instance="978831" url="/ai-learning-tracker-bharath.git/info/refs?service=git-receive-pack" method="GET" type="request" pid="807,1,74" Accept="*/*" Host="ai-learning-tracker-bharath.scm.azurewebsites.net" User-Agent="git/2.50.0.windows.1" Accept-Encoding="deflate, gzip, br, zstd" Authorization="Bas..." Pragma="no-cache" X-ARR-LOG-ID="ea94e9fa-d4c2-4b7e-95ac-437a49066f4c" CLIENT-IP="106.201.160.25:57536" X-SITE-DEPLOYMENT-ID="ai-learning-tracker-bharath" WAS-DEFAULT-HOSTNAME="ai-learning-tracker-bharath.scm.azurewebsites.net" X-Forwarded-Proto="https" X-AppService-Proto="https" X-Forwarded-TlsVersion="1.3" X-WAWS-Unencoded-URL="/ai-learning-tracker-bharath.git/info/refs?service=git-receive-pack" X-Client-IP="106.201.160.25" X-Client-Port="57536" >
  <step title="Cleanup Xml Logs" date="2025-06-30T13:40:22.270" /><!-- duration: 6ms -->
  <step title="InfoRefsService.Execute" date="2025-06-30T13:40:22.315" >
    <step title="Executing external process" date="2025-06-30T13:40:22.327" type="process" path="git" arguments="rev-parse --git-dir" /><!-- duration: 81ms -->
    <step title="Assuming git repository at /home/site/repository" date="2025-06-30T13:40:22.412" /><!-- duration: 2ms -->
    <step title="InfoRefsService.SmartInfoRefs" date="2025-06-30T13:40:22.417" >
      <step title="Executing external process" date="2025-06-30T13:40:22.423" type="process" path="git" arguments="rev-parse --git-dir" /><!-- duration: 38ms -->
      <step title="Assuming git repository at /home/site/repository" date="2025-06-30T13:40:22.468" /><!-- duration: 2ms -->
      <step title="GitExeServer.AdvertiseReceivePack" date="2025-06-30T13:40:22.477" >
        <step title="Executing external process" date="2025-06-30T13:40:22.479" type="process" path="git" arguments="receive-pack --stateless-rpc --advertise-refs &quot;/home/site/repository&quot;" /><!-- duration: 40ms -->
      </step><!-- duration: 50ms -->
      <step title="Writing 182 bytes" date="2025-06-30T13:40:22.530" /><!-- duration: 2ms -->
    </step><!-- duration: 120ms -->
  </step><!-- duration: 224ms -->
  <step title="Outgoing response" date="2025-06-30T13:40:22.545" type="response" statusCode="200" statusText="OK" /><!-- duration: 2ms -->
</step><!-- duration: 290ms -->
