<step title="Incoming Request" date="2025-07-19T10:35:19.914" instance="831bc3" url="/ai-learning-tracker-bharath.git/git-receive-pack" method="POST" type="request" pid="807,1,60" Accept="application/x-git-receive-pack-result" Host="ai-learning-tracker-bharath.scm.azurewebsites.net" User-Agent="git/2.50.1.windows.1" Accept-Encoding="deflate, gzip, br, zstd" Authorization="Bas..." Content-Type="application/x-git-receive-pack-request" Content-Length="7954" X-ARR-LOG-ID="e8cda83b-622a-42a6-91a8-22e68a8117ca" CLIENT-IP="122.177.246.142:9861" X-SITE-DEPLOYMENT-ID="ai-learning-tracker-bharath" WAS-DEFAULT-HOSTNAME="ai-learning-tracker-bharath.scm.azurewebsites.net" X-Forwarded-Proto="https" X-AppService-Proto="https" X-Forwarded-TlsVersion="1.3" X-WAWS-Unencoded-URL="/ai-learning-tracker-bharath.git/git-receive-pack" X-Client-IP="122.177.246.142" X-Client-Port="9861" >
  <step title="RpcService.ReceivePack" date="2025-07-19T10:35:19.941" >
    <step title="Executing external process" date="2025-07-19T10:35:19.959" type="process" path="git" arguments="rev-parse --git-dir" /><!-- duration: 56ms -->
    <step title="Assuming git repository at /home/site/repository" date="2025-07-19T10:35:20.024" /><!-- duration: 2ms -->
    <step title="Acquiring Deployment Lock" date="2025-07-19T10:35:20.036" /><!-- duration: 2ms -->
    <step title="Acquired Deployment Lock" date="2025-07-19T10:35:20.164" /><!-- duration: 3ms -->
    <step title="Creating temporary deployment" date="2025-07-19T10:35:20.208" /><!-- duration: 550ms -->
    <step title="GitExeServer.Receive" date="2025-07-19T10:35:20.777" >
      <step title="Executing external process" date="2025-07-19T10:35:20.787" type="process" path="git" arguments="receive-pack --stateless-rpc &quot;/home/site/repository&quot;" /><!-- duration: 97435ms -->
    </step><!-- duration: 97449ms -->
    <step title="Releasing Deployment Lock" date="2025-07-19T10:36:58.360" /><!-- duration: 11ms -->
  </step><!-- duration: 98441ms -->
  <step title="Outgoing response" date="2025-07-19T10:36:58.404" type="response" statusCode="200" statusText="OK" /><!-- duration: 26ms -->
</step><!-- duration: 98520ms -->
