<step title="Incoming Request" date="2025-07-19T20:02:48.030" instance="831bc3" url="/ai-learning-tracker-bharath.git/info/refs?service=git-receive-pack" method="GET" type="request" pid="807,1,72" Accept="*/*" Host="ai-learning-tracker-bharath.scm.azurewebsites.net" User-Agent="git/2.50.1.windows.1" Accept-Encoding="deflate, gzip, br, zstd" Authorization="Bas..." Pragma="no-cache" X-ARR-LOG-ID="3ef9336d-adec-4a17-8c3f-392cc75b0ad0" CLIENT-IP="122.177.246.142:2138" X-SITE-DEPLOYMENT-ID="ai-learning-tracker-bharath" WAS-DEFAULT-HOSTNAME="ai-learning-tracker-bharath.scm.azurewebsites.net" X-Forwarded-Proto="https" X-AppService-Proto="https" X-Forwarded-TlsVersion="1.3" X-WAWS-Unencoded-URL="/ai-learning-tracker-bharath.git/info/refs?service=git-receive-pack" X-Client-IP="122.177.246.142" X-Client-Port="2138" >
  <step title="Cleanup Xml Logs" date="2025-07-19T20:02:48.098" >
    <step title="Cleanup Infos" date="2025-07-19T20:02:48.292" totalFiles="271" totalCleanup="111" /><!-- duration: 60ms -->
  </step><!-- duration: 258ms -->
  <step title="InfoRefsService.Execute" date="2025-07-19T20:02:48.541" >
    <step title="Executing external process" date="2025-07-19T20:02:48.623" type="process" path="git" arguments="rev-parse --git-dir" /><!-- duration: 92ms -->
    <step title="Assuming git repository at /home/site/repository" date="2025-07-19T20:02:48.753" /><!-- duration: 22ms -->
    <step title="InfoRefsService.SmartInfoRefs" date="2025-07-19T20:02:48.783" >
      <step title="Executing external process" date="2025-07-19T20:02:48.805" type="process" path="git" arguments="rev-parse --git-dir" /><!-- duration: 38ms -->
      <step title="Assuming git repository at /home/site/repository" date="2025-07-19T20:02:48.852" /><!-- duration: 3ms -->
      <step title="GitExeServer.AdvertiseReceivePack" date="2025-07-19T20:02:48.867" >
        <step title="Executing external process" date="2025-07-19T20:02:48.872" type="process" path="git" arguments="receive-pack --stateless-rpc --advertise-refs &quot;/home/site/repository&quot;" /><!-- duration: 62ms -->
      </step><!-- duration: 76ms -->
      <step title="Writing 182 bytes" date="2025-07-19T20:02:48.946" /><!-- duration: 2ms -->
    </step><!-- duration: 181ms -->
  </step><!-- duration: 424ms -->
  <step title="Outgoing response" date="2025-07-19T20:02:48.986" type="response" statusCode="200" statusText="OK" /><!-- duration: 7ms -->
</step><!-- duration: 966ms -->
