<step title="Incoming Request" date="2025-06-30T18:34:07.143" instance="978831" url="/ai-learning-tracker-bharath.git/info/refs?service=git-receive-pack" method="GET" type="request" pid="807,1,28" Accept="*/*" Host="ai-learning-tracker-bharath.scm.azurewebsites.net" User-Agent="git/2.50.0.windows.1" Accept-Encoding="deflate, gzip, br, zstd" Authorization="Bas..." Pragma="no-cache" X-ARR-LOG-ID="2e901d29-7d9b-4be2-b296-082fa5697070" CLIENT-IP="106.201.160.25:60006" X-SITE-DEPLOYMENT-ID="ai-learning-tracker-bharath" WAS-DEFAULT-HOSTNAME="ai-learning-tracker-bharath.scm.azurewebsites.net" X-Forwarded-Proto="https" X-AppService-Proto="https" X-Forwarded-TlsVersion="1.3" X-WAWS-Unencoded-URL="/ai-learning-tracker-bharath.git/info/refs?service=git-receive-pack" X-Client-IP="106.201.160.25" X-Client-Port="60006" >
  <step title="Cleanup Xml Logs" date="2025-06-30T18:34:07.158" /><!-- duration: 115ms -->
  <step title="InfoRefsService.Execute" date="2025-06-30T18:34:07.552" >
    <step title="Executing external process" date="2025-06-30T18:34:07.568" type="process" path="git" arguments="rev-parse --git-dir" /><!-- duration: 122ms -->
    <step title="Assuming git repository at /home/site/repository" date="2025-06-30T18:34:07.691" /><!-- duration: 3ms -->
    <step title="InfoRefsService.SmartInfoRefs" date="2025-06-30T18:34:07.698" >
      <step title="Executing external process" date="2025-06-30T18:34:07.711" type="process" path="git" arguments="rev-parse --git-dir" /><!-- duration: 21ms -->
      <step title="Assuming git repository at /home/site/repository" date="2025-06-30T18:34:07.734" /><!-- duration: 3ms -->
      <step title="GitExeServer.AdvertiseReceivePack" date="2025-06-30T18:34:07.744" >
        <step title="Executing external process" date="2025-06-30T18:34:07.747" type="process" path="git" arguments="receive-pack --stateless-rpc --advertise-refs &quot;/home/site/repository&quot;" /><!-- duration: 53ms -->
      </step><!-- duration: 58ms -->
      <step title="Writing 182 bytes" date="2025-06-30T18:34:07.805" /><!-- duration: 2ms -->
    </step><!-- duration: 113ms -->
  </step><!-- duration: 262ms -->
  <step title="Outgoing response" date="2025-06-30T18:34:07.826" type="response" statusCode="200" statusText="OK" /><!-- duration: 3ms -->
</step><!-- duration: 688ms -->
