<step title="Executing external process" date="2025-07-21T08:00:45.641" instance="831bc3" type="process" path="kudu.exe" arguments="/home/site /opt/Kudu/msbuild" >
  <step title="Cleanup Xml Logs" date="2025-07-21T08:00:45.682" >
    <step title="Cleanup Infos" date="2025-07-21T08:00:45.716" totalFiles="312" totalCleanup="152" /><!-- duration: 5ms -->
  </step><!-- duration: 45ms -->
  <step title="Deployment timer started" date="2025-07-21T08:00:45.783" >
    <step title="Executing external process" date="2025-07-21T08:00:45.825" type="process" path="git" arguments="log -n 1 master --" /><!-- duration: 209ms -->
    <step title="DeploymentManager.Deploy(id:4f8e1c9fbd09772590310d3acf3daae0000ea675)" date="2025-07-21T08:00:46.055" >
      <step title="Collecting changeset information" date="2025-07-21T08:00:46.104" /><!-- duration: 263ms -->
      <step title="Updating to specific changeset" date="2025-07-21T08:00:46.408" >
        <step title="Executing external process" date="2025-07-21T08:00:47.600" type="process" path="git" arguments="checkout master --force" /><!-- duration: 1717ms -->
      </step><!-- duration: 2914ms -->
      <step title="Updating submodules" date="2025-07-21T08:00:49.328" /><!-- duration: 155ms -->
      <step title="Determining deployment builder" date="2025-07-21T08:00:49.761" >
        <step title="Builder is OryxBuilder" date="2025-07-21T08:00:49.801" /><!-- duration: 3ms -->
      </step><!-- duration: 51ms -->
      <step title="PreDeployment: context.CleanOutputPath False" date="2025-07-21T08:00:49.852" >
        <step title="PreDeployment: context.OutputPath /home/site/wwwroot" date="2025-07-21T08:00:49.977" >
          <step title="Building" date="2025-07-21T08:00:50.071" >
            <step title="Executing external process" date="2025-07-21T08:00:50.526" type="process" path="bash" arguments="-c &quot;oryx build /home/site/repository -o /home/site/wwwroot --platform python --platform-version 3.9 -p virtualenv_name=antenv --log-file /tmp/build-debug.log  -i /tmp/8ddc82cb50db3c2 --compress-destination-dir | tee /tmp/oryx-build.log ; exit $PIPESTATUS &quot;" >
              <step title="Cpu: python(4017,32.780s)+ts(4018,0.110s)+build.sh(4016,0.000s)+build.sh(4015,0.000s)+build.sh(3931,0.050s)+oryx(3909,4.580s)+tee(3910,0.000s)+bash(3908,0.010s)=total(37.530s)" date="2025-07-21T08:02:34.279" /><!-- duration: 71ms -->
              <step title="bash: no io activity for 60s, prev-cpu=-1.000s, current-cpu=37.530s" date="2025-07-21T08:02:34.488" /><!-- duration: 64ms -->
              <step title="Cpu: python(4017,58.580s)+ts(4018,0.110s)+build.sh(4016,0.000s)+build.sh(4015,0.000s)+build.sh(3931,0.050s)+oryx(3909,4.750s)+tee(3910,0.000s)+bash(3908,0.010s)=total(63.490s)" date="2025-07-21T08:03:35.340" /><!-- duration: 28ms -->
              <step title="bash: no io activity for 123s, prev-cpu=37.530s, current-cpu=63.490s" date="2025-07-21T08:03:35.466" /><!-- duration: 3ms -->
            </step><!-- duration: 254481ms -->
            <step title="Using PythonDeploymentLogParser" date="2025-07-21T08:05:05.947" /><!-- duration: 9ms -->
            <step title="Triggering recycle (preview mode disabled)." date="2025-07-21T08:05:07.369" /><!-- duration: 15ms -->
            <step title="Modified file to trigger a restart of the app container." date="2025-07-21T08:05:07.427" /><!-- duration: 10ms -->
            <step title="Skip function trigger and logicapp sync because function is not enabled." date="2025-07-21T08:05:07.519" /><!-- duration: 3ms -->
            <step title="Purge deployment items" date="2025-07-21T08:05:08.895" >
              <step title="Remove 48cdb04f1, Success, received at 07/19/2025 20:02:53" date="2025-07-21T08:05:08.956" /><!-- duration: 3ms -->
            </step><!-- duration: 73ms -->
          </step><!-- duration: 259004ms -->
        </step><!-- duration: 259102ms -->
        <step title="Cleaning up temp files" date="2025-07-21T08:05:09.082" /><!-- duration: 1900ms -->
        <step title="Cleaning up temp files" date="2025-07-21T08:05:10.994" /><!-- duration: 522ms -->
        <step title="Reloading status file with latest updates" date="2025-07-21T08:05:11.552" >
          <step title="WebHooksManager.PublishEventAsync: PostDeployment" date="2025-07-21T08:05:11.586" /><!-- duration: 243ms -->
        </step><!-- duration: 284ms -->
        <step title="Executing external process" date="2025-07-21T08:05:11.881" type="process" path="git" arguments="log -n 1 master --" /><!-- duration: 247ms -->
      </step><!-- duration: 262296ms -->
      <step title="Perform deploy exiting successfully" date="2025-07-21T08:05:12.164" 