<step title="Executing external process" date="2025-07-01T18:41:55.017" instance="978831" type="process" path="kudu.exe" arguments="/home/site /opt/Kudu/msbuild" >
  <step title="Cleanup Xml Logs" date="2025-07-01T18:41:55.035" /><!-- duration: 10ms -->
  <step title="Deployment timer started" date="2025-07-01T18:41:55.095" >
    <step title="Executing external process" date="2025-07-01T18:41:55.126" type="process" path="git" arguments="log -n 1 master --" /><!-- duration: 147ms -->
    <step title="DeploymentManager.Deploy(id:6d9e0d6c25aa827d8c4cf5a6cee895a5bbfbca07)" date="2025-07-01T18:41:55.291" >
      <step title="Collecting changeset information" date="2025-07-01T18:41:55.340" /><!-- duration: 233ms -->
      <step title="Updating to specific changeset" date="2025-07-01T18:41:55.580" >
        <step title="Executing external process" date="2025-07-01T18:41:56.763" type="process" path="git" arguments="checkout master --force" /><!-- duration: 434ms -->
      </step><!-- duration: 1620ms -->
      <step title="Updating submodules" date="2025-07-01T18:41:57.204" /><!-- duration: 163ms -->
      <step title="Determining deployment builder" date="2025-07-01T18:41:57.596" >
        <step title="Builder is OryxBuilder" date="2025-07-01T18:41:57.655" /><!-- duration: 9ms -->
      </step><!-- duration: 87ms -->
      <step title="PreDeployment: context.CleanOutputPath False" date="2025-07-01T18:41:57.723" >
        <step title="PreDeployment: context.OutputPath /home/site/wwwroot" date="2025-07-01T18:41:57.810" >
          <step title="Building" date="2025-07-01T18:41:57.921" >
            <step title="Executing external process" date="2025-07-01T18:41:58.222" type="process" path="bash" arguments="-c &quot;oryx build /home/site/repository -o /home/site/wwwroot --platform python --platform-version 3.9 -p virtualenv_name=antenv --log-file /tmp/build-debug.log  -i /tmp/8ddb8cef56daab2 --compress-destination-dir | tee /tmp/oryx-build.log ; exit $PIPESTATUS &quot;" /><!-- duration: 71570ms -->
            <step title="Using PythonDeploymentLogParser" date="2025-07-01T18:43:10.222" /><!-- duration: 17ms -->
            <step title="Triggering recycle (preview mode disabled)." date="2025-07-01T18:43:11.064" /><!-- duration: 9ms -->
            <step title="Modified file to trigger a restart of the app container." date="2025-07-01T18:43:11.107" /><!-- duration: 3ms -->
            <step title="Skip function trigger and logicapp sync because function is not enabled." date="2025-07-01T18:43:11.132" /><!-- duration: 33ms -->
            <step title="Purge deployment items" date="2025-07-01T18:43:12.023" >
              <step title="Remove df528c4ac, Success, received at 06/30/2025 18:34:12" date="2025-07-01T18:43:12.055" /><!-- duration: 3ms -->
            </step><!-- duration: 38ms -->
          </step><!-- duration: 74180ms -->
        </step><!-- duration: 74295ms -->
        <step title="Cleaning up temp files" date="2025-07-01T18:43:12.107" /><!-- duration: 1793ms -->
        <step title="Cleaning up temp files" date="2025-07-01T18:43:13.921" /><!-- duration: 520ms -->
        <step title="Reloading status file with latest updates" date="2025-07-01T18:43:14.473" >
          <step title="WebHooksManager.PublishEventAsync: PostDeployment" date="2025-07-01T18:43:14.480" /><!-- duration: 150ms -->
        </step><!-- duration: 166ms -->
        <step title="Executing external process" date="2025-07-01T18:43:14.679" type="process" path="git" arguments="log -n 1 master --" /><!-- duration: 78ms -->
      </step><!-- duration: 77037ms -->
      <step title="Perform deploy exiting successfully" date="2025-07-01T18:43:14.769" 