<step title="Incoming Request" date="2025-07-21T11:29:12.700" instance="831bc3" url="/ai-learning-tracker-bharath.git/info/refs?service=git-receive-pack" method="GET" type="request" pid="803,1,32" Accept="*/*" Host="ai-learning-tracker-bharath.scm.azurewebsites.net" User-Agent="git/2.50.1.windows.1" Accept-Encoding="deflate, gzip, br, zstd" Authorization="Bas..." Pragma="no-cache" X-ARR-LOG-ID="d5d8da67-d552-4af9-a7ef-26bee6ec1c92" CLIENT-IP="122.177.245.132:1049" X-SITE-DEPLOYMENT-ID="ai-learning-tracker-bharath" WAS-DEFAULT-HOSTNAME="ai-learning-tracker-bharath.scm.azurewebsites.net" X-Forwarded-Proto="https" X-AppService-Proto="https" X-Forwarded-TlsVersion="1.3" X-WAWS-Unencoded-URL="/ai-learning-tracker-bharath.git/info/refs?service=git-receive-pack" X-Client-IP="122.177.245.132" X-Client-Port="1049" >
  <step title="Cleanup Xml Logs" date="2025-07-21T11:29:12.717" >
    <step title="Cleanup Infos" date="2025-07-21T11:29:12.742" totalFiles="320" totalCleanup="160" /><!-- duration: 16ms -->
  </step><!-- duration: 45ms -->
  <step title="InfoRefsService.Execute" date="2025-07-21T11:29:12.920" >
    <step title="Executing external process" date="2025-07-21T11:29:12.944" type="process" path="git" arguments="rev-parse --git-dir" /><!-- duration: 135ms -->
    <step title="Assuming git repository at /home/site/repository" date="2025-07-21T11:29:13.084" /><!-- duration: 2ms -->
    <step title="InfoRefsService.SmartInfoRefs" date="2025-07-21T11:29:13.092" >
      <step title="Executing external process" date="2025-07-21T11:29:13.104" type="process" path="git" arguments="rev-parse --git-dir" /><!-- duration: 43ms -->
      <step title="Assuming git repository at /home/site/repository" date="2025-07-21T11:29:13.150" /><!-- duration: 2ms -->
      <step title="GitExeServer.AdvertiseReceivePack" date="2025-07-21T11:29:13.158" >
        <step title="Executing external process" date="2025-07-21T11:29:13.160" type="process" path="git" arguments="receive-pack --stateless-rpc --advertise-refs &quot;/home/site/repository&quot;" /><!-- duration: 54ms -->
      </step><!-- duration: 59ms -->
      <step title="Writing 182 bytes" date="2025-07-21T11:29:13.223" /><!-- duration: 2ms -->
    </step><!-- duration: 143ms -->
  </step><!-- duration: 317ms -->
  <step title="Outgoing response" date="2025-07-21T11:29:13.308" type="response" statusCode="200" statusText="OK" /><!-- duration: 2ms -->
</step><!-- duration: 619ms -->
