<step title="Executing external process" date="2025-07-19T18:48:58.601" instance="831bc3" type="process" path="kudu.exe" arguments="/home/site /opt/Kudu/msbuild" >
  <step title="Cleanup Xml Logs" date="2025-07-19T18:48:58.620" >
    <step title="Cleanup Infos" date="2025-07-19T18:48:58.644" totalFiles="264" totalCleanup="104" /><!-- duration: 8ms -->
  </step><!-- duration: 48ms -->
  <step title="Deployment timer started" date="2025-07-19T18:48:58.740" >
    <step title="Executing external process" date="2025-07-19T18:48:58.775" type="process" path="git" arguments="log -n 1 master --" /><!-- duration: 176ms -->
    <step title="DeploymentManager.Deploy(id:7bfcc5fbadbab649dfbee082589578b6cb592606)" date="2025-07-19T18:48:58.982" >
      <step title="Collecting changeset information" date="2025-07-19T18:48:59.034" /><!-- duration: 286ms -->
      <step title="Updating to specific changeset" date="2025-07-19T18:48:59.329" >
        <step title="Executing external process" date="2025-07-19T18:49:00.482" type="process" path="git" arguments="checkout master --force" /><!-- duration: 686ms -->
      </step><!-- duration: 1842ms -->
      <step title="Updating submodules" date="2025-07-19T18:49:01.175" /><!-- duration: 139ms -->
      <step title="Determining deployment builder" date="2025-07-19T18:49:01.521" >
        <step title="Builder is OryxBuilder" date="2025-07-19T18:49:01.551" /><!-- duration: 3ms -->
      </step><!-- duration: 40ms -->
      <step title="PreDeployment: context.CleanOutputPath False" date="2025-07-19T18:49:01.604" >
        <step title="PreDeployment: context.OutputPath /home/site/wwwroot" date="2025-07-19T18:49:01.716" >
          <step title="Building" date="2025-07-19T18:49:01.838" >
            <step title="Executing external process" date="2025-07-19T18:49:02.413" type="process" path="bash" arguments="-c &quot;oryx build /home/site/repository -o /home/site/wwwroot --platform python --platform-version 3.9 -p virtualenv_name=antenv --log-file /tmp/build-debug.log  -i /tmp/8ddc6f4ed84b26a --compress-destination-dir | tee /tmp/oryx-build.log ; exit $PIPESTATUS &quot;" /><!-- duration: 105004ms -->
            <step title="Using PythonDeploymentLogParser" date="2025-07-19T18:50:47.864" /><!-- duration: 2ms -->
            <step title="Triggering recycle (preview mode disabled)." date="2025-07-19T18:50:49.151" /><!-- duration: 2ms -->
            <step title="Modified file to trigger a restart of the app container." date="2025-07-19T18:50:49.178" /><!-- duration: 2ms -->
            <step title="Skip function trigger and logicapp sync because function is not enabled." date="2025-07-19T18:50:49.202" /><!-- duration: 2ms -->
            <step title="Purge deployment items" date="2025-07-19T18:50:50.250" >
              <step title="Remove 6b5862eae, Success, received at 07/19/2025 07:21:44" date="2025-07-19T18:50:50.319" /><!-- duration: 3ms -->
            </step><!-- duration: 74ms -->
          </step><!-- duration: 108547ms -->
        </step><!-- duration: 108671ms -->
        <step title="Cleaning up temp files" date="2025-07-19T18:50:50.390" /><!-- duration: 494ms -->
        <step title="Cleaning up temp files" date="2025-07-19T18:50:50.890" /><!-- duration: 533ms -->
        <step title="Reloading status file with latest updates" date="2025-07-19T18:50:51.470" >
          <step title="WebHooksManager.PublishEventAsync: PostDeployment" date="2025-07-19T18:50:51.481" /><!-- duration: 183ms -->
        </step><!-- duration: 197ms -->
        <step title="Executing external process" date="2025-07-19T18:50:51.708" type="process" path="git" arguments="log -n 1 master --" /><!-- duration: 131ms -->
      </step><!-- duration: 110246ms -->
      <step title="Perform deploy exiting successfully" date="2025-07-19T18:50:51.859" 