<step title="Executing external process" date="2025-07-26T08:59:46.835" instance="831bc3" type="process" path="kudu.exe" arguments="/home/site /opt/Kudu/msbuild" >
  <step title="Cleanup Xml Logs" date="2025-07-26T08:59:46.863" >
    <step title="Cleanup Infos" date="2025-07-26T08:59:46.903" totalFiles="331" totalCleanup="171" /><!-- duration: 6ms -->
  </step><!-- duration: 53ms -->
  <step title="Deployment timer started" date="2025-07-26T08:59:46.994" >
    <step title="Executing external process" date="2025-07-26T08:59:47.034" type="process" path="git" arguments="log -n 1 master --" /><!-- duration: 204ms -->
    <step title="DeploymentManager.Deploy(id:0955319f742b87c96c7040c241c32f57e5ccb13c)" date="2025-07-26T08:59:47.257" >
      <step title="Collecting changeset information" date="2025-07-26T08:59:47.303" /><!-- duration: 296ms -->
      <step title="Updating to specific changeset" date="2025-07-26T08:59:47.608" >
        <step title="Executing external process" date="2025-07-26T08:59:48.815" type="process" path="git" arguments="checkout master --force" /><!-- duration: 10533ms -->
      </step><!-- duration: 11751ms -->
      <step title="Updating submodules" date="2025-07-26T08:59:59.371" /><!-- duration: 163ms -->
      <step title="Determining deployment builder" date="2025-07-26T08:59:59.792" >
        <step title="Builder is OryxBuilder" date="2025-07-26T08:59:59.813" /><!-- duration: 3ms -->
      </step><!-- duration: 29ms -->
      <step title="PreDeployment: context.CleanOutputPath False" date="2025-07-26T08:59:59.884" >
        <step title="PreDeployment: context.OutputPath /home/site/wwwroot" date="2025-07-26T08:59:59.992" >
          <step title="Building" date="2025-07-26T09:00:00.108" >
            <step title="Executing external process" date="2025-07-26T09:00:00.390" type="process" path="bash" arguments="-c &quot;oryx build /home/site/repository -o /home/site/wwwroot --platform python --platform-version 3.9 -p virtualenv_name=antenv --log-file /tmp/build-debug.log  -i /tmp/8ddcc22cd1691f4 --compress-destination-dir | tee /tmp/oryx-build.log ; exit $PIPESTATUS &quot;" >
              <step title="Cpu: python(98824,44.700s)+ts(98825,0.090s)+build.sh(98823,0.000s)+build.sh(98822,0.000s)+build.sh(98741,0.050s)+oryx(98717,4.630s)+tee(98718,0.000s)+bash(98716,0.000s)=total(49.460s)" date="2025-07-26T09:01:49.717" /><!-- duration: 39ms -->
              <step title="bash: no io activity for 61s, prev-cpu=-1.000s, current-cpu=49.460s" date="2025-07-26T09:01:49.780" /><!-- duration: 19ms -->
            </step><!-- duration: 230951ms -->
            <step title="Using PythonDeploymentLogParser" date="2025-07-26T09:03:52.003" /><!-- duration: 9ms -->
            <step title="Triggering recycle (preview mode disabled)." date="2025-07-26T09:03:53.048" /><!-- duration: 4ms -->
            <step title="Modified file to trigger a restart of the app container." date="2025-07-26T09:03:53.083" /><!-- duration: 4ms -->
            <step title="Skip function trigger and logicapp sync because function is not enabled." date="2025-07-26T09:03:53.112" /><!-- duration: 3ms -->
            <step title="Purge deployment items" date="2025-07-26T09:03:54.447" >
              <step title="Remove 12ec67da4, Success, received at 07/21/2025 05:13:25" date="2025-07-26T09:03:54.522" /><!-- duration: 3ms -->
            </step><!-- duration: 80ms -->
          </step><!-- duration: 234485ms -->
        </step><!-- duration: 234605ms -->
        <step title="Cleaning up temp files" date="2025-07-26T09:03:54.600" /><!-- duration: 1751ms -->
        <step title="Cleaning up temp files" date="2025-07-26T09:03:56.359" /><!-- duration: 581ms -->
        <step title="Reloading status file with latest updates" date="2025-07-26T09:03:56.978" >
          <step title="WebHooksManager.PublishEventAsync: PostDeployment" date="2025-07-26T09:03:56.991" /><!-- duration: 203ms -->
        </step><!-- duration: 220ms -->
        <step title="Executing external process" date="2025-07-26T09:03:57.253" type="process" path="git" arguments="log -n 1 master --" /><!-- duration: 137ms -->
      </step><!-- duration: 237516ms -->
      <step title="Perform deploy exiting successfully" date="2025-07-26T09:03:57.407" 