<step title="Incoming Request" date="2025-07-28T15:57:13.207" instance="831bc3" url="/ai-learning-tracker-bharath.git/info/refs?service=git-receive-pack" method="GET" type="request" pid="803,1,27" Accept="*/*" Host="ai-learning-tracker-bharath.scm.azurewebsites.net" User-Agent="git/2.50.1.windows.1" Accept-Encoding="deflate, gzip, br, zstd" Authorization="Bas..." Pragma="no-cache" X-ARR-LOG-ID="3247f330-fb0f-4367-85ba-cbdbff3bd571" CLIENT-IP="122.177.243.138:30307" X-SITE-DEPLOYMENT-ID="ai-learning-tracker-bharath" WAS-DEFAULT-HOSTNAME="ai-learning-tracker-bharath.scm.azurewebsites.net" X-Forwarded-Proto="https" X-AppService-Proto="https" X-Forwarded-TlsVersion="1.3" X-WAWS-Unencoded-URL="/ai-learning-tracker-bharath.git/info/refs?service=git-receive-pack" X-Client-IP="122.177.243.138" X-Client-Port="30307" >
  <step title="InfoRefsService.Execute" date="2025-07-28T15:57:15.738" >
    <step title="Executing external process" date="2025-07-28T15:57:15.810" type="process" path="git" arguments="rev-parse --git-dir" /><!-- duration: 354ms -->
    <step title="Assuming git repository at /home/site/repository" date="2025-07-28T15:57:16.212" /><!-- duration: 3ms -->
    <step title="InfoRefsService.SmartInfoRefs" date="2025-07-28T15:57:16.246" >
      <step title="Executing external process" date="2025-07-28T15:57:16.324" type="process" path="git" arguments="rev-parse --git-dir" /><!-- duration: 41ms -->
      <step title="Assuming git repository at /home/site/repository" date="2025-07-28T15:57:16.375" /><!-- duration: 9ms -->
      <step title="GitExeServer.AdvertiseReceivePack" date="2025-07-28T15:57:16.417" >
        <step title="Executing external process" date="2025-07-28T15:57:16.443" type="process" path="git" arguments="receive-pack --stateless-rpc --advertise-refs &quot;/home/site/repository&quot;" /><!-- duration: 172ms -->
      </step><!-- duration: 209ms -->
      <step title="Writing 182 bytes" date="2025-07-28T15:57:16.634" /><!-- duration: 10ms -->
    </step><!-- duration: 409ms -->
  </step><!-- duration: 946ms -->
  <step title="Outgoing response" date="2025-07-28T15:57:16.808" type="response" statusCode="200" statusText="OK" /><!-- duration: 20ms -->
</step><!-- duration: 3629ms -->
