<step title="Incoming Request" date="2025-07-19T04:25:09.551" instance="831bc3" url="/ai-learning-tracker-bharath.git/git-receive-pack" method="POST" type="request" pid="803,1,74" Accept="application/x-git-receive-pack-result" Host="ai-learning-tracker-bharath.scm.azurewebsites.net" User-Agent="git/2.50.1.windows.1" Accept-Encoding="deflate, gzip, br, zstd" Authorization="Bas..." Content-Type="application/x-git-receive-pack-request" Content-Length="2032" X-ARR-LOG-ID="b85013b2-c615-4f85-b205-de78b1c10ed8" CLIENT-IP="122.177.246.142:32014" X-SITE-DEPLOYMENT-ID="ai-learning-tracker-bharath" WAS-DEFAULT-HOSTNAME="ai-learning-tracker-bharath.scm.azurewebsites.net" X-Forwarded-Proto="https" X-AppService-Proto="https" X-Forwarded-TlsVersion="1.3" X-WAWS-Unencoded-URL="/ai-learning-tracker-bharath.git/git-receive-pack" X-Client-IP="122.177.246.142" X-Client-Port="32014" >
  <step title="RpcService.ReceivePack" date="2025-07-19T04:25:09.567" >
    <step title="Executing external process" date="2025-07-19T04:25:09.582" type="process" path="git" arguments="rev-parse --git-dir" /><!-- duration: 82ms -->
    <step title="Assuming git repository at /home/site/repository" date="2025-07-19T04:25:09.670" /><!-- duration: 3ms -->
    <step title="Acquiring Deployment Lock" date="2025-07-19T04:25:09.685" /><!-- duration: 2ms -->
    <step title="Acquired Deployment Lock" date="2025-07-19T04:25:09.751" /><!-- duration: 3ms -->
    <step title="Creating temporary deployment" date="2025-07-19T04:25:09.760" /><!-- duration: 113ms -->
    <step title="GitExeServer.Receive" date="2025-07-19T04:25:09.878" >
      <step title="Executing external process" date="2025-07-19T04:25:09.882" type="process" path="git" arguments="receive-pack --stateless-rpc &quot;/home/site/repository&quot;" /><!-- duration: 99037ms -->
    </step><!-- duration: 99050ms -->
    <step title="Releasing Deployment Lock" date="2025-07-19T04:26:49.071" /><!-- duration: 3ms -->
  </step><!-- duration: 99517ms -->
  <step title="Outgoing response" date="2025-07-19T04:26:49.130" type="response" statusCode="200" statusText="OK" /><!-- duration: 4ms -->
</step><!-- duration: 99587ms -->
