<step title="Incoming Request" date="2025-07-28T15:39:56.003" instance="831bc3" url="/ai-learning-tracker-bharath.git/git-receive-pack" method="POST" type="request" pid="803,1,60" Accept="application/x-git-receive-pack-result" Host="ai-learning-tracker-bharath.scm.azurewebsites.net" User-Agent="git/2.50.1.windows.1" Accept-Encoding="deflate, gzip, br, zstd" Authorization="Bas..." Content-Type="application/x-git-receive-pack-request" Content-Length="436" X-ARR-LOG-ID="2415c982-815a-4085-9693-21ec2505b3ff" CLIENT-IP="122.177.243.138:4041" X-SITE-DEPLOYMENT-ID="ai-learning-tracker-bharath" WAS-DEFAULT-HOSTNAME="ai-learning-tracker-bharath.scm.azurewebsites.net" X-Forwarded-Proto="https" X-AppService-Proto="https" X-Forwarded-TlsVersion="1.3" X-WAWS-Unencoded-URL="/ai-learning-tracker-bharath.git/git-receive-pack" X-Client-IP="122.177.243.138" X-Client-Port="4041" >
  <step title="Cleanup Xml Logs" date="2025-07-28T15:39:56.020" >
    <step title="Cleanup Infos" date="2025-07-28T15:39:56.121" totalFiles="372" totalCleanup="212" /><!-- duration: 31ms -->
  </step><!-- duration: 136ms -->
  <step title="RpcService.ReceivePack" date="2025-07-28T15:39:56.365" >
    <step title="Executing external process" date="2025-07-28T15:39:56.443" type="process" path="git" arguments="rev-parse --git-dir" /><!-- duration: 225ms -->
    <step title="Assuming git repository at /home/site/repository" date="2025-07-28T15:39:56.777" /><!-- duration: 11ms -->
    <step title="Acquiring Deployment Lock" date="2025-07-28T15:39:56.847" /><!-- duration: 21ms -->
    <step title="Acquired Deployment Lock" date="2025-07-28T15:39:57.118" /><!-- duration: 12ms -->
    <step title="Creating temporary deployment" date="2025-07-28T15:39:57.190" /><!-- duration: 254ms -->
    <step title="GitExeServer.Receive" date="2025-07-28T15:39:57.453" >
      <step title="Executing external process" date="2025-07-28T15:39:57.523" type="process" path="git" arguments="receive-pack --stateless-rpc &quot;/home/site/repository&quot;" /><!-- duration: 10092ms -->
    </step><!-- duration: 10165ms -->
    <step title="Releasing Deployment Lock" date="2025-07-28T15:40:07.694" /><!-- duration: 4ms -->
  </step><!-- duration: 11343ms -->
  <step title="Outgoing response" date="2025-07-28T15:40:07.712" type="response" statusCode="200" statusText="OK" /><!-- duration: 3ms -->
</step><!-- duration: 11715ms -->
