<step title="Executing external process" date="2025-07-18T05:49:35.092" instance="831bc3" type="process" path="kudu.exe" arguments="/home/site /opt/Kudu/msbuild" >
  <step title="Cleanup Xml Logs" date="2025-07-18T05:49:35.108" >
    <step title="Cleanup Infos" date="2025-07-18T05:49:35.122" totalFiles="201" totalCleanup="41" /><!-- duration: 11ms -->
  </step><!-- duration: 35ms -->
  <step title="Deployment timer started" date="2025-07-18T05:49:35.188" >
    <step title="Executing external process" date="2025-07-18T05:49:35.222" type="process" path="git" arguments="log -n 1 master --" /><!-- duration: 272ms -->
    <step title="DeploymentManager.Deploy(id:ef01c2165b3b8a2276ef5421b6a17d12eb315edf)" date="2025-07-18T05:49:35.513" >
      <step title="Collecting changeset information" date="2025-07-18T05:49:35.571" /><!-- duration: 250ms -->
      <step title="Updating to specific changeset" date="2025-07-18T05:49:35.831" >
        <step title="Executing external process" date="2025-07-18T05:49:37.093" type="process" path="git" arguments="checkout master --force" /><!-- duration: 958ms -->
      </step><!-- duration: 2245ms -->
      <step title="Updating submodules" date="2025-07-18T05:49:38.081" /><!-- duration: 151ms -->
      <step title="Determining deployment builder" date="2025-07-18T05:49:38.584" >
        <step title="Builder is OryxBuilder" date="2025-07-18T05:49:38.615" /><!-- duration: 2ms -->
      </step><!-- duration: 48ms -->
      <step title="PreDeployment: context.CleanOutputPath False" date="2025-07-18T05:49:38.694" >
        <step title="PreDeployment: context.OutputPath /home/site/wwwroot" date="2025-07-18T05:49:38.819" >
          <step title="Building" date="2025-07-18T05:49:38.943" >
            <step title="Executing external process" date="2025-07-18T05:49:39.313" type="process" path="bash" arguments="-c &quot;oryx build /home/site/repository -o /home/site/wwwroot --platform python --platform-version 3.9 -p virtualenv_name=antenv --log-file /tmp/build-debug.log  -i /tmp/8ddc5bee2396737 --compress-destination-dir | tee /tmp/oryx-build.log ; exit $PIPESTATUS &quot;" /><!-- duration: 90116ms -->
            <step title="Using PythonDeploymentLogParser" date="2025-07-18T05:51:09.934" /><!-- duration: 6ms -->
            <step title="Triggering recycle (preview mode disabled)." date="2025-07-18T05:51:10.942" /><!-- duration: 2ms -->
            <step title="Modified file to trigger a restart of the app container." date="2025-07-18T05:51:10.973" /><!-- duration: 2ms -->
            <step title="Skip function trigger and logicapp sync because function is not enabled." date="2025-07-18T05:51:11.005" /><!-- duration: 2ms -->
            <step title="Purge deployment items" date="2025-07-18T05:51:12.063" >
              <step title="Remove 56d4d546c, Success, received at 07/05/2025 06:35:12" date="2025-07-18T05:51:12.153" /><!-- duration: 6ms -->
            </step><!-- duration: 99ms -->
          </step><!-- duration: 93286ms -->
        </step><!-- duration: 93413ms -->
        <step title="Cleaning up temp files" date="2025-07-18T05:51:12.233" /><!-- duration: 521ms -->
        <step title="Cleaning up temp files" date="2025-07-18T05:51:12.762" /><!-- duration: 511ms -->
        <step title="Reloading status file with latest updates" date="2025-07-18T05:51:13.323" >
          <step title="WebHooksManager.PublishEventAsync: PostDeployment" date="2025-07-18T05:51:13.338" /><!-- duration: 158ms -->
        </step><!-- duration: 175ms -->
        <step title="Executing external process" date="2025-07-18T05:51:13.520" type="process" path="git" arguments="log -n 1 master --" /><!-- duration: 97ms -->
      </step><!-- duration: 94932ms -->
      <step title="Perform deploy exiting successfully" date="2025-07-18T05:51:13.636" 