<step title="Incoming Request" date="2025-07-19T04:25:07.192" instance="831bc3" url="/ai-learning-tracker-bharath.git/info/refs?service=git-receive-pack" method="GET" type="request" pid="803,1,74" Accept="*/*" Host="ai-learning-tracker-bharath.scm.azurewebsites.net" User-Agent="git/2.50.1.windows.1" Accept-Encoding="deflate, gzip, br, zstd" Authorization="Bas..." Pragma="no-cache" X-ARR-LOG-ID="9ce62f24-ab66-44d0-a748-6aac5afbb4cd" CLIENT-IP="122.177.246.142:32014" X-SITE-DEPLOYMENT-ID="ai-learning-tracker-bharath" WAS-DEFAULT-HOSTNAME="ai-learning-tracker-bharath.scm.azurewebsites.net" X-Forwarded-Proto="https" X-AppService-Proto="https" X-Forwarded-TlsVersion="1.3" X-WAWS-Unencoded-URL="/ai-learning-tracker-bharath.git/info/refs?service=git-receive-pack" X-Client-IP="122.177.246.142" X-Client-Port="32014" >
  <step title="Cleanup Xml Logs" date="2025-07-19T04:25:07.229" >
    <step title="Cleanup Infos" date="2025-07-19T04:25:07.243" totalFiles="212" totalCleanup="52" /><!-- duration: 60ms -->
  </step><!-- duration: 93ms -->
  <step title="InfoRefsService.Execute" date="2025-07-19T04:25:07.476" >
    <step title="Executing external process" date="2025-07-19T04:25:07.546" type="process" path="git" arguments="rev-parse --git-dir" /><!-- duration: 214ms -->
    <step title="Assuming git repository at /home/site/repository" date="2025-07-19T04:25:07.779" /><!-- duration: 10ms -->
    <step title="InfoRefsService.SmartInfoRefs" date="2025-07-19T04:25:07.810" >
      <step title="Executing external process" date="2025-07-19T04:25:07.921" type="process" path="git" arguments="rev-parse --git-dir" /><!-- duration: 80ms -->
      <step title="Assuming git repository at /home/site/repository" date="2025-07-19T04:25:08.009" /><!-- duration: 10ms -->
      <step title="GitExeServer.AdvertiseReceivePack" date="2025-07-19T04:25:08.052" >
        <step title="Executing external process" date="2025-07-19T04:25:08.070" type="process" path="git" arguments="receive-pack --stateless-rpc --advertise-refs &quot;/home/site/repository&quot;" /><!-- duration: 199ms -->
      </step><!-- duration: 258ms -->
      <step title="Writing 182 bytes" date="2025-07-19T04:25:08.716" /><!-- duration: 3ms -->
    </step><!-- duration: 929ms -->
  </step><!-- duration: 1265ms -->
  <step title="Outgoing response" date="2025-07-19T04:25:08.800" type="response" statusCode="200" statusText="OK" /><!-- duration: 3ms -->
</step><!-- duration: 1612ms -->
