<step title="Incoming Request" date="2025-07-19T04:42:15.449" instance="831bc3" url="/ai-learning-tracker-bharath.git/git-receive-pack" method="POST" type="request" pid="803,1,81" Accept="application/x-git-receive-pack-result" Host="ai-learning-tracker-bharath.scm.azurewebsites.net" User-Agent="git/2.50.1.windows.1" Accept-Encoding="deflate, gzip, br, zstd" Authorization="Bas..." Content-Type="application/x-git-receive-pack-request" Content-Length="550" X-ARR-LOG-ID="c85d63c5-fc98-4e82-8231-b39783197da9" CLIENT-IP="122.177.246.142:7806" X-SITE-DEPLOYMENT-ID="ai-learning-tracker-bharath" WAS-DEFAULT-HOSTNAME="ai-learning-tracker-bharath.scm.azurewebsites.net" X-Forwarded-Proto="https" X-AppService-Proto="https" X-Forwarded-TlsVersion="1.3" X-WAWS-Unencoded-URL="/ai-learning-tracker-bharath.git/git-receive-pack" X-Client-IP="122.177.246.142" X-Client-Port="7806" >
  <step title="RpcService.ReceivePack" date="2025-07-19T04:42:15.515" >
    <step title="Executing external process" date="2025-07-19T04:42:15.547" type="process" path="git" arguments="rev-parse --git-dir" /><!-- duration: 127ms -->
    <step title="Assuming git repository at /home/site/repository" date="2025-07-19T04:42:15.686" /><!-- duration: 47ms -->
    <step title="Acquiring Deployment Lock" date="2025-07-19T04:42:15.944" /><!-- duration: 8ms -->
    <step title="Acquired Deployment Lock" date="2025-07-19T04:42:16.051" /><!-- duration: 10ms -->
    <step title="Creating temporary deployment" date="2025-07-19T04:42:16.090" /><!-- duration: 245ms -->
    <step title="GitExeServer.Receive" date="2025-07-19T04:42:16.361" >
      <step title="Executing external process" date="2025-07-19T04:42:16.364" type="process" path="git" arguments="receive-pack --stateless-rpc &quot;/home/site/repository&quot;" /><!-- duration: 115395ms -->
    </step><!-- duration: 115409ms -->
    <step title="Releasing Deployment Lock" date="2025-07-19T04:44:11.862" /><!-- duration: 2ms -->
  </step><!-- duration: 116356ms -->
  <step title="Outgoing response" date="2025-07-19T04:44:11.890" type="response" statusCode="200" statusText="OK" /><!-- duration: 3ms -->
</step><!-- duration: 116446ms -->
