<step title="Incoming Request" date="2025-07-28T06:25:22.924" instance="831bc3" url="/ai-learning-tracker-bharath.git/info/refs?service=git-receive-pack" method="GET" type="request" pid="805,1,16" Accept="*/*" Host="ai-learning-tracker-bharath.scm.azurewebsites.net" User-Agent="git/2.50.1.windows.1" Accept-Encoding="deflate, gzip, br, zstd" Authorization="Bas..." Pragma="no-cache" X-ARR-LOG-ID="2ab1ce7d-dd08-4ae1-bdfc-d48d377c6ce9" CLIENT-IP="122.177.243.138:32025" X-SITE-DEPLOYMENT-ID="ai-learning-tracker-bharath" WAS-DEFAULT-HOSTNAME="ai-learning-tracker-bharath.scm.azurewebsites.net" X-Forwarded-Proto="https" X-AppService-Proto="https" X-Forwarded-TlsVersion="1.3" X-WAWS-Unencoded-URL="/ai-learning-tracker-bharath.git/info/refs?service=git-receive-pack" X-Client-IP="122.177.243.138" X-Client-Port="32025" >
  <step title="Cleanup Xml Logs" date="2025-07-28T06:25:22.941" >
    <step title="Cleanup Infos" date="2025-07-28T06:25:23.008" totalFiles="356" totalCleanup="196" /><!-- duration: 30ms -->
  </step><!-- duration: 116ms -->
  <step title="InfoRefsService.Execute" date="2025-07-28T06:25:23.288" >
    <step title="Executing external process" date="2025-07-28T06:25:23.362" type="process" path="git" arguments="rev-parse --git-dir" /><!-- duration: 92ms -->
    <step title="Assuming git repository at /home/site/repository" date="2025-07-28T06:25:23.459" /><!-- duration: 3ms -->
    <step title="InfoRefsService.SmartInfoRefs" date="2025-07-28T06:25:23.475" >
      <step title="Executing external process" date="2025-07-28T06:25:23.520" type="process" path="git" arguments="rev-parse --git-dir" /><!-- duration: 26ms -->
      <step title="Assuming git repository at /home/site/repository" date="2025-07-28T06:25:23.550" /><!-- duration: 4ms -->
      <step title="GitExeServer.AdvertiseReceivePack" date="2025-07-28T06:25:23.566" >
        <step title="Executing external process" date="2025-07-28T06:25:23.596" type="process" path="git" arguments="receive-pack --stateless-rpc --advertise-refs &quot;/home/site/repository&quot;" /><!-- duration: 41ms -->
      </step><!-- duration: 74ms -->
      <step title="Writing 182 bytes" date="2025-07-28T06:25:23.644" /><!-- duration: 2ms -->
    </step><!-- duration: 180ms -->
  </step><!-- duration: 369ms -->
  <step title="Outgoing response" date="2025-07-28T06:25:23.729" type="response" statusCode="200" statusText="OK" /><!-- duration: 9ms -->
</step><!-- duration: 823ms -->
