<step title="Incoming Request" date="2025-07-05T18:56:42.114" instance="978831" url="/ai-learning-tracker-bharath.git/git-receive-pack" method="POST" type="request" pid="803,1,30" Accept="application/x-git-receive-pack-result" Host="ai-learning-tracker-bharath.scm.azurewebsites.net" User-Agent="git/2.50.0.windows.2" Accept-Encoding="deflate, gzip, br, zstd" Authorization="Bas..." Content-Type="application/x-git-receive-pack-request" Content-Length="358991" X-ARR-LOG-ID="627fda07-2974-43b4-b05f-dba3b3581c7e" CLIENT-IP="136.185.80.59:49984" X-SITE-DEPLOYMENT-ID="ai-learning-tracker-bharath" WAS-DEFAULT-HOSTNAME="ai-learning-tracker-bharath.scm.azurewebsites.net" X-Forwarded-Proto="https" X-AppService-Proto="https" X-Forwarded-TlsVersion="1.3" X-WAWS-Unencoded-URL="/ai-learning-tracker-bharath.git/git-receive-pack" X-Client-IP="136.185.80.59" X-Client-Port="49984" >
  <step title="RpcService.ReceivePack" date="2025-07-05T18:56:42.151" >
    <step title="Executing external process" date="2025-07-05T18:56:42.163" type="process" path="git" arguments="rev-parse --git-dir" /><!-- duration: 23ms -->
    <step title="Assuming git repository at /home/site/repository" date="2025-07-05T18:56:42.188" /><!-- duration: 2ms -->
    <step title="Acquiring Deployment Lock" date="2025-07-05T18:56:42.195" /><!-- duration: 2ms -->
    <step title="Acquired Deployment Lock" date="2025-07-05T18:56:42.239" /><!-- duration: 2ms -->
    <step title="Creating temporary deployment" date="2025-07-05T18:56:42.244" /><!-- duration: 659ms -->
    <step title="GitExeServer.Receive" date="2025-07-05T18:56:42.906" >
      <step title="Executing external process" date="2025-07-05T18:56:42.910" type="process" path="git" arguments="receive-pack --stateless-rpc &quot;/home/site/repository&quot;" /><!-- duration: 120776ms -->
    </step><!-- duration: 120806ms -->
    <step title="Releasing Deployment Lock" date="2025-07-05T18:58:43.798" /><!-- duration: 3ms -->
  </step><!-- duration: 121657ms -->
  <step title="Outgoing response" date="2025-07-05T18:58:43.816" type="response" statusCode="200" statusText="OK" /><!-- duration: 3ms -->
</step><!-- duration: 121707ms -->
