<step title="Incoming Request" date="2025-07-05T17:49:44.041" instance="978831" url="/ai-learning-tracker-bharath.git/info/refs?service=git-receive-pack" method="GET" type="request" pid="803,1,21" Accept="*/*" Host="ai-learning-tracker-bharath.scm.azurewebsites.net" User-Agent="git/2.50.0.windows.2" Accept-Encoding="deflate, gzip, br, zstd" Authorization="Bas..." Pragma="no-cache" X-ARR-LOG-ID="73e1e201-d3a9-4105-b343-b84b6772be59" CLIENT-IP="136.185.80.59:62735" X-SITE-DEPLOYMENT-ID="ai-learning-tracker-bharath" WAS-DEFAULT-HOSTNAME="ai-learning-tracker-bharath.scm.azurewebsites.net" X-Forwarded-Proto="https" X-AppService-Proto="https" X-Forwarded-TlsVersion="1.3" X-WAWS-Unencoded-URL="/ai-learning-tracker-bharath.git/info/refs?service=git-receive-pack" X-Client-IP="136.185.80.59" X-Client-Port="62735" >
  <step title="Cleanup Xml Logs" date="2025-07-05T17:49:44.046" /><!-- duration: 9ms -->
  <step title="InfoRefsService.Execute" date="2025-07-05T17:49:44.070" >
    <step title="Executing external process" date="2025-07-05T17:49:44.088" type="process" path="git" arguments="rev-parse --git-dir" /><!-- duration: 33ms -->
    <step title="Assuming git repository at /home/site/repository" date="2025-07-05T17:49:44.125" /><!-- duration: 3ms -->
    <step title="InfoRefsService.SmartInfoRefs" date="2025-07-05T17:49:44.131" >
      <step title="Executing external process" date="2025-07-05T17:49:44.149" type="process" path="git" arguments="rev-parse --git-dir" /><!-- duration: 26ms -->
      <step title="Assuming git repository at /home/site/repository" date="2025-07-05T17:49:44.186" /><!-- duration: 5ms -->
      <step title="GitExeServer.AdvertiseReceivePack" date="2025-07-05T17:49:44.197" >
        <step title="Executing external process" date="2025-07-05T17:49:44.200" type="process" path="git" arguments="receive-pack --stateless-rpc --advertise-refs &quot;/home/site/repository&quot;" /><!-- duration: 60ms -->
      </step><!-- duration: 65ms -->
      <step title="Writing 182 bytes" date="2025-07-05T17:49:44.268" /><!-- duration: 2ms -->
    </step><!-- duration: 141ms -->
  </step><!-- duration: 206ms -->
  <step title="Outgoing response" date="2025-07-05T17:49:44.281" type="response" statusCode="200" statusText="OK" /><!-- duration: 2ms -->
</step><!-- duration: 244ms -->
