<step title="Executing external process" date="2025-07-28T06:42:59.883" instance="831bc3" type="process" path="kudu.exe" arguments="/home/site /opt/Kudu/msbuild" >
  <step title="Cleanup Xml Logs" date="2025-07-28T06:42:59.898" >
    <step title="Cleanup Infos" date="2025-07-28T06:42:59.911" totalFiles="361" totalCleanup="201" /><!-- duration: 5ms -->
  </step><!-- duration: 25ms -->
  <step title="Deployment timer started" date="2025-07-28T06:42:59.983" >
    <step title="Executing external process" date="2025-07-28T06:43:00.006" type="process" path="git" arguments="log -n 1 master --" /><!-- duration: 180ms -->
    <step title="DeploymentManager.Deploy(id:66e995f47a9a01fad4f2e71a653204a252046026)" date="2025-07-28T06:43:00.204" >
      <step title="Collecting changeset information" date="2025-07-28T06:43:00.259" /><!-- duration: 328ms -->
      <step title="Updating to specific changeset" date="2025-07-28T06:43:00.598" >
        <step title="Executing external process" date="2025-07-28T06:43:01.757" type="process" path="git" arguments="checkout master --force" /><!-- duration: 850ms -->
      </step><!-- duration: 2011ms -->
      <step title="Updating submodules" date="2025-07-28T06:43:02.613" /><!-- duration: 140ms -->
      <step title="Determining deployment builder" date="2025-07-28T06:43:02.968" >
        <step title="Builder is OryxBuilder" date="2025-07-28T06:43:02.998" /><!-- duration: 2ms -->
      </step><!-- duration: 36ms -->
      <step title="PreDeployment: context.CleanOutputPath False" date="2025-07-28T06:43:03.063" >
        <step title="PreDeployment: context.OutputPath /home/site/wwwroot" date="2025-07-28T06:43:03.181" >
          <step title="Building" date="2025-07-28T06:43:03.356" >
            <step title="Executing external process" date="2025-07-28T06:43:03.748" type="process" path="bash" arguments="-c &quot;oryx build /home/site/repository -o /home/site/wwwroot --platform python --platform-version 3.9 -p virtualenv_name=antenv --log-file /tmp/build-debug.log  -i /tmp/8ddcda2004fae2c --compress-destination-dir | tee /tmp/oryx-build.log ; exit $PIPESTATUS &quot;" >
              <step title="Cpu: python(18520,46.020s)+ts(18521,0.130s)+build.sh(18519,0.000s)+build.sh(18518,0.000s)+build.sh(18434,0.050s)+oryx(18414,4.320s)+tee(18415,0.000s)+bash(18413,0.000s)=total(50.500s)" date="2025-07-28T06:44:36.563" /><!-- duration: 20ms -->
              <step title="bash: no io activity for 61s, prev-cpu=-1.000s, current-cpu=50.500s" date="2025-07-28T06:44:36.622" /><!-- duration: 3ms -->
            </step><!-- duration: 186398ms -->
            <step title="Using PythonDeploymentLogParser" date="2025-07-28T06:46:10.572" /><!-- duration: 3ms -->
            <step title="Triggering recycle (preview mode disabled)." date="2025-07-28T06:46:11.476" /><!-- duration: 4ms -->
            <step title="Modified file to trigger a restart of the app container." date="2025-07-28T06:46:11.500" /><!-- duration: 3ms -->
            <step title="Skip function trigger and logicapp sync because function is not enabled." date="2025-07-28T06:46:11.529" /><!-- duration: 3ms -->
            <step title="Purge deployment items" date="2025-07-28T06:46:12.363" >
              <step title="Remove 7c12aad76, Success, received at 07/21/2025 11:29:17" date="2025-07-28T06:46:12.407" /><!-- duration: 2ms -->
            </step><!-- duration: 50ms -->
          </step><!-- duration: 189113ms -->
        </step><!-- duration: 189310ms -->
        <step title="Cleaning up temp files" date="2025-07-28T06:46:12.502" /><!-- duration: 3948ms -->
        <step title="Cleaning up temp files" date="2025-07-28T06:46:16.455" /><!-- duration: 515ms -->
        <step title="Reloading status file with latest updates" date="2025-07-28T06:46:16.996" >
          <step title="WebHooksManager.PublishEventAsync: PostDeployment" date="2025-07-28T06:46:17.004" /><!-- duration: 131ms -->
        </step><!-- duration: 141ms -->
        <step title="Executing external process" date="2025-07-28T06:46:17.169" type="process" path="git" arguments="log -n 1 master --" /><!-- duration: 86ms -->
      </step><!-- duration: 194196ms -->
      <step title="Perform deploy exiting successfully" date="2025-07-28T06:46:17.262" 