<step title="Executing external process" date="2025-07-19T08:16:21.208" instance="831bc3" type="process" path="kudu.exe" arguments="/home/site /opt/Kudu/msbuild" >
  <step title="Cleanup Xml Logs" date="2025-07-19T08:16:21.227" >
    <step title="Cleanup Infos" date="2025-07-19T08:16:21.239" totalFiles="241" totalCleanup="81" /><!-- duration: 3ms -->
  </step><!-- duration: 23ms -->
  <step title="Deployment timer started" date="2025-07-19T08:16:21.308" >
    <step title="Executing external process" date="2025-07-19T08:16:21.359" type="process" path="git" arguments="log -n 1 master --" /><!-- duration: 169ms -->
    <step title="DeploymentManager.Deploy(id:d4a180aa06d919e78cad7143b437ca8c65a3d3c7)" date="2025-07-19T08:16:21.568" >
      <step title="Collecting changeset information" date="2025-07-19T08:16:21.615" /><!-- duration: 480ms -->
      <step title="Updating to specific changeset" date="2025-07-19T08:16:22.104" >
        <step title="Executing external process" date="2025-07-19T08:16:23.326" type="process" path="git" arguments="checkout master --force" /><!-- duration: 1443ms -->
      </step><!-- duration: 2671ms -->
      <step title="Updating submodules" date="2025-07-19T08:16:24.779" /><!-- duration: 196ms -->
      <step title="Determining deployment builder" date="2025-07-19T08:16:25.261" >
        <step title="Builder is OryxBuilder" date="2025-07-19T08:16:25.298" /><!-- duration: 2ms -->
      </step><!-- duration: 46ms -->
      <step title="PreDeployment: context.CleanOutputPath False" date="2025-07-19T08:16:25.356" >
        <step title="PreDeployment: context.OutputPath /home/site/wwwroot" date="2025-07-19T08:16:25.532" >
          <step title="Building" date="2025-07-19T08:16:25.665" >
            <step title="Executing external process" date="2025-07-19T08:16:25.991" type="process" path="bash" arguments="-c &quot;oryx build /home/site/repository -o /home/site/wwwroot --platform python --platform-version 3.9 -p virtualenv_name=antenv --log-file /tmp/build-debug.log  -i /tmp/8ddc69c8dd331be --compress-destination-dir | tee /tmp/oryx-build.log ; exit $PIPESTATUS &quot;" /><!-- duration: 127915ms -->
            <step title="Using PythonDeploymentLogParser" date="2025-07-19T08:18:34.455" /><!-- duration: 10ms -->
            <step title="Triggering recycle (preview mode disabled)." date="2025-07-19T08:18:35.695" /><!-- duration: 9ms -->
            <step title="Modified file to trigger a restart of the app container." date="2025-07-19T08:18:35.792" /><!-- duration: 10ms -->
            <step title="Skip function trigger and logicapp sync because function is not enabled." date="2025-07-19T08:18:35.860" /><!-- duration: 14ms -->
            <step title="Purge deployment items" date="2025-07-19T08:18:37.104" >
              <step title="Remove 282a1ca10, Success, received at 07/19/2025 04:09:52" date="2025-07-19T08:18:37.220" /><!-- duration: 3ms -->
            </step><!-- duration: 127ms -->
          </step><!-- duration: 131658ms -->
        </step><!-- duration: 131793ms -->
        <step title="Cleaning up temp files" date="2025-07-19T08:18:37.327" /><!-- duration: 546ms -->
        <step title="Cleaning up temp files" date="2025-07-19T08:18:37.885" /><!-- duration: 509ms -->
        <step title="Reloading status file with latest updates" date="2025-07-19T08:18:38.428" >
          <step title="WebHooksManager.PublishEventAsync: PostDeployment" date="2025-07-19T08:18:38.444" /><!-- duration: 237ms -->
        </step><!-- duration: 255ms -->
        <step title="Executing external process" date="2025-07-19T08:18:38.713" type="process" path="git" arguments="log -n 1 master --" /><!-- duration: 89ms -->
      </step><!-- duration: 133451ms -->
      <step title="Perform deploy exiting successfully" date="2025-07-19T08:18:38.812" 