<step title="Executing external process" date="2025-07-01T15:23:37.959" instance="978831" type="process" path="kudu.exe" arguments="/home/site /opt/Kudu/msbuild" >
  <step title="Cleanup Xml Logs" date="2025-07-01T15:23:37.980" /><!-- duration: 20ms -->
  <step title="Deployment timer started" date="2025-07-01T15:23:38.057" >
    <step title="Executing external process" date="2025-07-01T15:23:38.087" type="process" path="git" arguments="log -n 1 master --" /><!-- duration: 146ms -->
    <step title="DeploymentManager.Deploy(id:dcc382fde4fbce845ac13ea483880381735c60b7)" date="2025-07-01T15:23:38.252" >
      <step title="Collecting changeset information" date="2025-07-01T15:23:38.310" /><!-- duration: 412ms -->
      <step title="Updating to specific changeset" date="2025-07-01T15:23:38.731" >
        <step title="Executing external process" date="2025-07-01T15:23:39.860" type="process" path="git" arguments="checkout master --force" /><!-- duration: 317ms -->
      </step><!-- duration: 1449ms -->
      <step title="Updating submodules" date="2025-07-01T15:23:40.183" /><!-- duration: 116ms -->
      <step title="Determining deployment builder" date="2025-07-01T15:23:40.481" >
        <step title="Builder is OryxBuilder" date="2025-07-01T15:23:40.514" /><!-- duration: 3ms -->
      </step><!-- duration: 42ms -->
      <step title="PreDeployment: context.CleanOutputPath False" date="2025-07-01T15:23:40.564" >
        <step title="PreDeployment: context.OutputPath /home/site/wwwroot" date="2025-07-01T15:23:40.662" >
          <step title="Building" date="2025-07-01T15:23:40.759" >
            <step title="Executing external process" date="2025-07-01T15:23:41.039" type="process" path="bash" arguments="-c &quot;oryx build /home/site/repository -o /home/site/wwwroot --platform python --platform-version 3.9 -p virtualenv_name=antenv --log-file /tmp/build-debug.log  -i /tmp/8ddb8b3422b536f --compress-destination-dir | tee /tmp/oryx-build.log ; exit $PIPESTATUS &quot;" /><!-- duration: 60156ms -->
            <step title="Using PythonDeploymentLogParser" date="2025-07-01T15:24:41.626" /><!-- duration: 11ms -->
            <step title="Triggering recycle (preview mode disabled)." date="2025-07-01T15:24:42.526" /><!-- duration: 17ms -->
            <step title="Modified file to trigger a restart of the app container." date="2025-07-01T15:24:42.614" /><!-- duration: 3ms -->
            <step title="Skip function trigger and logicapp sync because function is not enabled." date="2025-07-01T15:24:42.641" /><!-- duration: 3ms -->
            <step title="Purge deployment items" date="2025-07-01T15:24:43.470" >
              <step title="Remove 1ee8762fc, Success, received at 06/29/2025 17:07:59" date="2025-07-01T15:24:43.506" /><!-- duration: 3ms -->
            </step><!-- duration: 41ms -->
          </step><!-- duration: 62799ms -->
        </step><!-- duration: 62899ms -->
        <step title="Cleaning up temp files" date="2025-07-01T15:24:43.564" /><!-- duration: 1820ms -->
        <step title="Cleaning up temp files" date="2025-07-01T15:24:45.396" /><!-- duration: 518ms -->
        <step title="Reloading status file with latest updates" date="2025-07-01T15:24:45.936" >
          <step title="WebHooksManager.PublishEventAsync: PostDeployment" date="2025-07-01T15:24:45.953" /><!-- duration: 128ms -->
        </step><!-- duration: 147ms -->
        <step title="Executing external process" date="2025-07-01T15:24:46.101" type="process" path="git" arguments="log -n 1 master --" /><!-- duration: 72ms -->
      </step><!-- duration: 65611ms -->
      <step title="Perform deploy exiting successfully" date="2025-07-01T15:24:46.179" 