<step title="Incoming Request" date="2025-07-19T07:16:02.336" instance="831bc3" url="/ai-learning-tracker-bharath.git/info/refs?service=git-receive-pack" method="GET" type="request" pid="803,1,49" Accept="*/*" Host="ai-learning-tracker-bharath.scm.azurewebsites.net" User-Agent="git/2.50.1.windows.1" Accept-Encoding="deflate, gzip, br, zstd" Authorization="Bas..." Pragma="no-cache" X-ARR-LOG-ID="daa95123-2233-4248-8e50-f8874e5705f4" CLIENT-IP="122.177.246.142:12279" X-SITE-DEPLOYMENT-ID="ai-learning-tracker-bharath" WAS-DEFAULT-HOSTNAME="ai-learning-tracker-bharath.scm.azurewebsites.net" X-Forwarded-Proto="https" X-AppService-Proto="https" X-Forwarded-TlsVersion="1.3" X-WAWS-Unencoded-URL="/ai-learning-tracker-bharath.git/info/refs?service=git-receive-pack" X-Client-IP="122.177.246.142" X-Client-Port="12279" >
  <step title="Cleanup Xml Logs" date="2025-07-19T07:16:02.373" >
    <step title="Cleanup Infos" date="2025-07-19T07:16:02.453" totalFiles="227" totalCleanup="67" /><!-- duration: 65ms -->
  </step><!-- duration: 149ms -->
  <step title="InfoRefsService.Execute" date="2025-07-19T07:16:02.947" >
    <step title="Executing external process" date="2025-07-19T07:16:03.124" type="process" path="git" arguments="rev-parse --git-dir" /><!-- duration: 451ms -->
    <step title="Assuming git repository at /home/site/repository" date="2025-07-19T07:16:03.604" /><!-- duration: 10ms -->
    <step title="InfoRefsService.SmartInfoRefs" date="2025-07-19T07:16:03.625" >
      <step title="Executing external process" date="2025-07-19T07:16:03.706" type="process" path="git" arguments="rev-parse --git-dir" /><!-- duration: 121ms -->
      <step title="Assuming git repository at /home/site/repository" date="2025-07-19T07:16:03.835" /><!-- duration: 20ms -->
      <step title="GitExeServer.AdvertiseReceivePack" date="2025-07-19T07:16:03.895" >
        <step title="Executing external process" date="2025-07-19T07:16:03.924" type="process" path="git" arguments="receive-pack --stateless-rpc --advertise-refs &quot;/home/site/repository&quot;" /><!-- duration: 79ms -->
      </step><!-- duration: 110ms -->
      <step title="Writing 182 bytes" date="2025-07-19T07:16:04.009" /><!-- duration: 1ms -->
    </step><!-- duration: 394ms -->
  </step><!-- duration: 1074ms -->
  <step title="Outgoing response" date="2025-07-19T07:16:04.040" type="response" statusCode="200" statusText="OK" /><!-- duration: 3ms -->
</step><!-- duration: 1709ms -->
