<step title="Incoming Request" date="2025-07-26T09:53:10.385" instance="831bc3" url="/ai-learning-tracker-bharath.git/git-receive-pack" method="POST" type="request" pid="801,1,31" Accept="application/x-git-receive-pack-result" Host="ai-learning-tracker-bharath.scm.azurewebsites.net" User-Agent="git/2.50.1.windows.1" Accept-Encoding="deflate, gzip, br, zstd" Authorization="Bas..." Content-Type="application/x-git-receive-pack-request" Content-Length="4372" X-ARR-LOG-ID="21714ec4-d91c-430b-b157-4302c8b3e89a" CLIENT-IP="122.177.246.54:1326" X-SITE-DEPLOYMENT-ID="ai-learning-tracker-bharath" WAS-DEFAULT-HOSTNAME="ai-learning-tracker-bharath.scm.azurewebsites.net" X-Forwarded-Proto="https" X-AppService-Proto="https" X-Forwarded-TlsVersion="1.3" X-WAWS-Unencoded-URL="/ai-learning-tracker-bharath.git/git-receive-pack" X-Client-IP="122.177.246.54" X-Client-Port="1326" >
  <step title="RpcService.ReceivePack" date="2025-07-26T09:53:10.428" >
    <step title="Executing external process" date="2025-07-26T09:53:10.457" type="process" path="git" arguments="rev-parse --git-dir" /><!-- duration: 51ms -->
    <step title="Assuming git repository at /home/site/repository" date="2025-07-26T09:53:10.511" /><!-- duration: 3ms -->
    <step title="Acquiring Deployment Lock" date="2025-07-26T09:53:10.522" /><!-- duration: 3ms -->
    <step title="Acquired Deployment Lock" date="2025-07-26T09:53:10.561" /><!-- duration: 2ms -->
    <step title="Creating temporary deployment" date="2025-07-26T09:53:10.569" /><!-- duration: 85ms -->
    <step title="GitExeServer.Receive" date="2025-07-26T09:53:10.657" >
      <step title="Executing external process" date="2025-07-26T09:53:10.855" type="process" path="git" arguments="receive-pack --stateless-rpc &quot;/home/site/repository&quot;" /><!-- duration: 180816ms -->
    </step><!-- duration: 181057ms -->
    <step title="Releasing Deployment Lock" date="2025-07-26T09:56:11.848" /><!-- duration: 4ms -->
  </step><!-- duration: 181436ms -->
  <step title="Outgoing response" date="2025-07-26T09:56:11.884" type="response" statusCode="200" statusText="OK" /><!-- duration: 3ms -->
</step><!-- duration: 181506ms -->
