<step title="Incoming Request" date="2025-07-21T06:14:13.492" instance="831bc3" url="/ai-learning-tracker-bharath.git/git-receive-pack" method="POST" type="request" pid="803,1,25" Accept="application/x-git-receive-pack-result" Host="ai-learning-tracker-bharath.scm.azurewebsites.net" User-Agent="git/2.50.1.windows.1" Accept-Encoding="deflate, gzip, br, zstd" Authorization="Bas..." Content-Type="application/x-git-receive-pack-request" Content-Length="2387" X-ARR-LOG-ID="f34856cf-f075-4b78-8de3-9c8cc33997e5" CLIENT-IP="223.228.112.97:37938" X-SITE-DEPLOYMENT-ID="ai-learning-tracker-bharath" WAS-DEFAULT-HOSTNAME="ai-learning-tracker-bharath.scm.azurewebsites.net" X-Forwarded-Proto="https" X-AppService-Proto="https" X-Forwarded-TlsVersion="1.3" X-WAWS-Unencoded-URL="/ai-learning-tracker-bharath.git/git-receive-pack" X-Client-IP="223.228.112.97" X-Client-Port="37938" >
  <step title="RpcService.ReceivePack" date="2025-07-21T06:14:13.545" >
    <step title="Executing external process" date="2025-07-21T06:14:13.580" type="process" path="git" arguments="rev-parse --git-dir" /><!-- duration: 28ms -->
    <step title="Assuming git repository at /home/site/repository" date="2025-07-21T06:14:13.614" /><!-- duration: 2ms -->
    <step title="Acquiring Deployment Lock" date="2025-07-21T06:14:13.621" /><!-- duration: 2ms -->
    <step title="Acquired Deployment Lock" date="2025-07-21T06:14:13.656" /><!-- duration: 2ms -->
    <step title="Creating temporary deployment" date="2025-07-21T06:14:13.662" /><!-- duration: 66ms -->
    <step title="GitExeServer.Receive" date="2025-07-21T06:14:13.730" >
      <step title="Executing external process" date="2025-07-21T06:14:13.931" type="process" path="git" arguments="receive-pack --stateless-rpc &quot;/home/site/repository&quot;" /><!-- duration: 259125ms -->
    </step><!-- duration: 259342ms -->
    <step title="Releasing Deployment Lock" date="2025-07-21T06:18:33.195" /><!-- duration: 3ms -->
  </step><!-- duration: 259673ms -->
  <step title="Outgoing response" date="2025-07-21T06:18:33.235" type="response" statusCode="200" statusText="OK" /><!-- duration: 3ms -->
</step><!-- duration: 259753ms -->
