<step title="Incoming Request" date="2025-07-19T04:09:47.878" instance="831bc3" url="/ai-learning-tracker-bharath.git/info/refs?service=git-receive-pack" method="GET" type="request" pid="803,1,65" Accept="*/*" Host="ai-learning-tracker-bharath.scm.azurewebsites.net" User-Agent="git/2.50.1.windows.1" Accept-Encoding="deflate, gzip, br, zstd" Authorization="Bas..." Pragma="no-cache" X-ARR-LOG-ID="4a5e2f09-2819-4813-a964-ce341cfdf6d4" CLIENT-IP="122.177.246.142:4606" X-SITE-DEPLOYMENT-ID="ai-learning-tracker-bharath" WAS-DEFAULT-HOSTNAME="ai-learning-tracker-bharath.scm.azurewebsites.net" X-Forwarded-Proto="https" X-AppService-Proto="https" X-Forwarded-TlsVersion="1.3" X-WAWS-Unencoded-URL="/ai-learning-tracker-bharath.git/info/refs?service=git-receive-pack" X-Client-IP="122.177.246.142" X-Client-Port="4606" >
  <step title="Cleanup Xml Logs" date="2025-07-19T04:09:47.888" >
    <step title="Cleanup Infos" date="2025-07-19T04:09:47.905" totalFiles="209" totalCleanup="49" /><!-- duration: 10ms -->
  </step><!-- duration: 36ms -->
  <step title="InfoRefsService.Execute" date="2025-07-19T04:09:48.005" >
    <step title="Executing external process" date="2025-07-19T04:09:48.021" type="process" path="git" arguments="rev-parse --git-dir" /><!-- duration: 132ms -->
    <step title="Assuming git repository at /home/site/repository" date="2025-07-19T04:09:48.157" /><!-- duration: 3ms -->
    <step title="InfoRefsService.SmartInfoRefs" date="2025-07-19T04:09:48.171" >
      <step title="Executing external process" date="2025-07-19T04:09:48.190" type="process" path="git" arguments="rev-parse --git-dir" /><!-- duration: 44ms -->
      <step title="Assuming git repository at /home/site/repository" date="2025-07-19T04:09:48.237" /><!-- duration: 4ms -->
      <step title="GitExeServer.AdvertiseReceivePack" date="2025-07-19T04:09:48.249" >
        <step title="Executing external process" date="2025-07-19T04:09:48.252" type="process" path="git" arguments="receive-pack --stateless-rpc --advertise-refs &quot;/home/site/repository&quot;" /><!-- duration: 48ms -->
      </step><!-- duration: 55ms -->
      <step title="Writing 182 bytes" date="2025-07-19T04:09:48.335" /><!-- duration: 2ms -->
    </step><!-- duration: 174ms -->
  </step><!-- duration: 343ms -->
  <step title="Outgoing response" date="2025-07-19T04:09:48.359" type="response" statusCode="200" statusText="OK" /><!-- duration: 3ms -->
</step><!-- duration: 486ms -->
