<step title="Incoming Request" date="2025-07-05T17:46:35.880" instance="978831" url="/ai-learning-tracker-bharath.git/git-receive-pack" method="POST" type="request" pid="803,1,21" Accept="application/x-git-receive-pack-result" Host="ai-learning-tracker-bharath.scm.azurewebsites.net" User-Agent="git/2.50.0.windows.2" Accept-Encoding="deflate, gzip, br, zstd" Authorization="Bas..." Content-Type="application/x-git-receive-pack-request" Content-Length="396965" X-ARR-LOG-ID="635ad6c2-d947-445b-9eb0-ffd82c4bcae3" CLIENT-IP="136.185.80.59:62638" X-SITE-DEPLOYMENT-ID="ai-learning-tracker-bharath" WAS-DEFAULT-HOSTNAME="ai-learning-tracker-bharath.scm.azurewebsites.net" X-Forwarded-Proto="https" X-AppService-Proto="https" X-Forwarded-TlsVersion="1.3" X-WAWS-Unencoded-URL="/ai-learning-tracker-bharath.git/git-receive-pack" X-Client-IP="136.185.80.59" X-Client-Port="62638" >
  <step title="Cleanup Xml Logs" date="2025-07-05T17:46:35.892" /><!-- duration: 48ms -->
  <step title="RpcService.ReceivePack" date="2025-07-05T17:46:36.000" >
    <step title="Executing external process" date="2025-07-05T17:46:36.030" type="process" path="git" arguments="rev-parse --git-dir" /><!-- duration: 96ms -->
    <step title="Assuming git repository at /home/site/repository" date="2025-07-05T17:46:36.136" /><!-- duration: 3ms -->
    <step title="Acquiring Deployment Lock" date="2025-07-05T17:46:36.168" /><!-- duration: 5ms -->
    <step title="Acquired Deployment Lock" date="2025-07-05T17:46:36.207" /><!-- duration: 4ms -->
    <step title="Creating temporary deployment" date="2025-07-05T17:46:36.238" /><!-- duration: 74ms -->
    <step title="GitExeServer.Receive" date="2025-07-05T17:46:36.321" >
      <step title="Executing external process" date="2025-07-05T17:46:36.324" type="process" path="git" arguments="receive-pack --stateless-rpc &quot;/home/site/repository&quot;" /><!-- duration: 106418ms -->
    </step><!-- duration: 106427ms -->
    <step title="Releasing Deployment Lock" date="2025-07-05T17:48:22.924" /><!-- duration: 3ms -->
  </step><!-- duration: 106936ms -->
  <step title="Outgoing response" date="2025-07-05T17:48:22.954" type="response" statusCode="200" statusText="OK" /><!-- duration: 8ms -->
</step><!-- duration: 107084ms -->
