<step title="Incoming Request" date="2025-07-26T12:52:30.364" instance="831bc3" url="/ai-learning-tracker-bharath.git/git-receive-pack" method="POST" type="request" pid="801,1,42" Accept="application/x-git-receive-pack-result" Host="ai-learning-tracker-bharath.scm.azurewebsites.net" User-Agent="git/2.50.1.windows.1" Accept-Encoding="deflate, gzip, br, zstd" Authorization="Bas..." Content-Type="application/x-git-receive-pack-request" Content-Length="1061" X-ARR-LOG-ID="458d8bb8-b492-4fda-a6b5-2013bd7099cb" CLIENT-IP="122.177.246.54:26074" X-SITE-DEPLOYMENT-ID="ai-learning-tracker-bharath" WAS-DEFAULT-HOSTNAME="ai-learning-tracker-bharath.scm.azurewebsites.net" X-Forwarded-Proto="https" X-AppService-Proto="https" X-Forwarded-TlsVersion="1.3" X-WAWS-Unencoded-URL="/ai-learning-tracker-bharath.git/git-receive-pack" X-Client-IP="122.177.246.54" X-Client-Port="26074" >
  <step title="RpcService.ReceivePack" date="2025-07-26T12:52:30.858" >
    <step title="Executing external process" date="2025-07-26T12:52:30.888" type="process" path="git" arguments="rev-parse --git-dir" /><!-- duration: 90ms -->
    <step title="Assuming git repository at /home/site/repository" date="2025-07-26T12:52:30.988" /><!-- duration: 23ms -->
    <step title="Acquiring Deployment Lock" date="2025-07-26T12:52:31.081" /><!-- duration: 9ms -->
    <step title="Acquired Deployment Lock" date="2025-07-26T12:52:31.270" /><!-- duration: 9ms -->
    <step title="Creating temporary deployment" date="2025-07-26T12:52:31.311" /><!-- duration: 603ms -->
    <step title="GitExeServer.Receive" date="2025-07-26T12:52:31.954" >
      <step title="Executing external process" date="2025-07-26T12:52:31.964" type="process" path="git" arguments="receive-pack --stateless-rpc &quot;/home/site/repository&quot;" /><!-- duration: 218693ms -->
    </step><!-- duration: 218733ms -->
    <step title="Releasing Deployment Lock" date="2025-07-26T12:56:11.240" /><!-- duration: 13ms -->
  </step><!-- duration: 220415ms -->
  <step title="Outgoing response" date="2025-07-26T12:56:11.336" type="response" statusCode="200" statusText="OK" /><!-- duration: 4ms -->
</step><!-- duration: 220980ms -->
