<step title="Incoming Request" date="2025-07-19T08:58:06.876" instance="831bc3" url="/ai-learning-tracker-bharath.git/info/refs?service=git-receive-pack" method="GET" type="request" pid="807,1,15" Accept="*/*" Host="ai-learning-tracker-bharath.scm.azurewebsites.net" User-Agent="git/2.50.1.windows.1" Accept-Encoding="deflate, gzip, br, zstd" Authorization="Bas..." Pragma="no-cache" X-ARR-LOG-ID="692ea118-3d0e-40d4-b5fc-df7862e99fa0" CLIENT-IP="122.177.246.142:21408" X-SITE-DEPLOYMENT-ID="ai-learning-tracker-bharath" WAS-DEFAULT-HOSTNAME="ai-learning-tracker-bharath.scm.azurewebsites.net" X-Forwarded-Proto="https" X-AppService-Proto="https" X-Forwarded-TlsVersion="1.3" X-WAWS-Unencoded-URL="/ai-learning-tracker-bharath.git/info/refs?service=git-receive-pack" X-Client-IP="122.177.246.142" X-Client-Port="21408" >
  <step title="InfoRefsService.Execute" date="2025-07-19T08:58:13.957" >
    <step title="Executing external process" date="2025-07-19T08:58:14.024" type="process" path="git" arguments="rev-parse --git-dir" /><!-- duration: 902ms -->
    <step title="Assuming git repository at /home/site/repository" date="2025-07-19T08:58:14.948" /><!-- duration: 8ms -->
    <step title="InfoRefsService.SmartInfoRefs" date="2025-07-19T08:58:14.999" >
      <step title="Executing external process" date="2025-07-19T08:58:15.289" type="process" path="git" arguments="rev-parse --git-dir" /><!-- duration: 90ms -->
      <step title="Assuming git repository at /home/site/repository" date="2025-07-19T08:58:15.387" /><!-- duration: 10ms -->
      <step title="GitExeServer.AdvertiseReceivePack" date="2025-07-19T08:58:15.468" >
        <step title="Executing external process" date="2025-07-19T08:58:15.471" type="process" path="git" arguments="receive-pack --stateless-rpc --advertise-refs &quot;/home/site/repository&quot;" /><!-- duration: 470ms -->
      </step><!-- duration: 504ms -->
      <step title="Writing 182 bytes" date="2025-07-19T08:58:16.028" /><!-- duration: 98ms -->
    </step><!-- duration: 1140ms -->
  </step><!-- duration: 2260ms -->
  <step title="Outgoing response" date="2025-07-19T08:58:16.505" type="response" statusCode="200" statusText="OK" /><!-- duration: 9ms -->
</step><!-- duration: 9647ms -->
