<step title="Incoming Request" date="2025-07-05T17:46:34.335" instance="978831" url="/ai-learning-tracker-bharath.git/info/refs?service=git-receive-pack" method="GET" type="request" pid="803,1,21" Accept="*/*" Host="ai-learning-tracker-bharath.scm.azurewebsites.net" User-Agent="git/2.50.0.windows.2" Accept-Encoding="deflate, gzip, br, zstd" Authorization="Bas..." Pragma="no-cache" X-ARR-LOG-ID="3feec921-ae9a-42d9-9a07-8eaf3da69eb6" CLIENT-IP="136.185.80.59:62638" X-SITE-DEPLOYMENT-ID="ai-learning-tracker-bharath" WAS-DEFAULT-HOSTNAME="ai-learning-tracker-bharath.scm.azurewebsites.net" X-Forwarded-Proto="https" X-AppService-Proto="https" X-Forwarded-TlsVersion="1.3" X-WAWS-Unencoded-URL="/ai-learning-tracker-bharath.git/info/refs?service=git-receive-pack" X-Client-IP="136.185.80.59" X-Client-Port="62638" >
  <step title="InfoRefsService.Execute" date="2025-07-05T17:46:34.346" >
    <step title="Executing external process" date="2025-07-05T17:46:34.362" type="process" path="git" arguments="rev-parse --git-dir" /><!-- duration: 27ms -->
    <step title="Assuming git repository at /home/site/repository" date="2025-07-05T17:46:34.391" /><!-- duration: 18ms -->
    <step title="InfoRefsService.SmartInfoRefs" date="2025-07-05T17:46:34.412" >
      <step title="Executing external process" date="2025-07-05T17:46:34.426" type="process" path="git" arguments="rev-parse --git-dir" /><!-- duration: 24ms -->
      <step title="Assuming git repository at /home/site/repository" date="2025-07-05T17:46:34.452" /><!-- duration: 2ms -->
      <step title="GitExeServer.AdvertiseReceivePack" date="2025-07-05T17:46:34.462" >
        <step title="Executing external process" date="2025-07-05T17:46:34.466" type="process" path="git" arguments="receive-pack --stateless-rpc --advertise-refs &quot;/home/site/repository&quot;" /><!-- duration: 39ms -->
      </step><!-- duration: 46ms -->
      <step title="Writing 182 bytes" date="2025-07-05T17:46:34.511" /><!-- duration: 2ms -->
    </step><!-- duration: 103ms -->
  </step><!-- duration: 171ms -->
  <step title="Outgoing response" date="2025-07-05T17:46:34.528" type="response" statusCode="200" statusText="OK" /><!-- duration: 2ms -->
</step><!-- duration: 197ms -->
