<step title="Incoming Request" date="2025-07-05T17:42:40.300" instance="978831" url="/ai-learning-tracker-bharath.git/git-receive-pack" method="POST" type="request" pid="803,1,21" Accept="application/x-git-receive-pack-result" Host="ai-learning-tracker-bharath.scm.azurewebsites.net" User-Agent="git/2.50.0.windows.2" Accept-Encoding="deflate, gzip, br, zstd" Authorization="Bas..." Content-Type="application/x-git-receive-pack-request" Content-Length="19819" X-ARR-LOG-ID="88ff4aec-a489-48e3-8875-c7fd577373e5" CLIENT-IP="136.185.80.59:62414" X-SITE-DEPLOYMENT-ID="ai-learning-tracker-bharath" WAS-DEFAULT-HOSTNAME="ai-learning-tracker-bharath.scm.azurewebsites.net" X-Forwarded-Proto="https" X-AppService-Proto="https" X-Forwarded-TlsVersion="1.3" X-WAWS-Unencoded-URL="/ai-learning-tracker-bharath.git/git-receive-pack" X-Client-IP="136.185.80.59" X-Client-Port="62414" >
  <step title="RpcService.ReceivePack" date="2025-07-05T17:42:40.526" >
    <step title="Executing external process" date="2025-07-05T17:42:40.533" type="process" path="git" arguments="rev-parse --git-dir" /><!-- duration: 22ms -->
    <step title="Assuming git repository at /home/site/repository" date="2025-07-05T17:42:40.557" /><!-- duration: 2ms -->
    <step title="Acquiring Deployment Lock" date="2025-07-05T17:42:40.569" /><!-- duration: 2ms -->
    <step title="Acquired Deployment Lock" date="2025-07-05T17:42:40.661" /><!-- duration: 2ms -->
    <step title="Creating temporary deployment" date="2025-07-05T17:42:40.669" /><!-- duration: 222ms -->
    <step title="GitExeServer.Receive" date="2025-07-05T17:42:40.893" >
      <step title="Executing external process" date="2025-07-05T17:42:40.895" type="process" path="git" arguments="receive-pack --stateless-rpc &quot;/home/site/repository&quot;" /><!-- duration: 100299ms -->
    </step><!-- duration: 100309ms -->
    <step title="Releasing Deployment Lock" date="2025-07-05T17:44:21.274" /><!-- duration: 5ms -->
  </step><!-- duration: 100759ms -->
  <step title="Outgoing response" date="2025-07-05T17:44:21.293" type="response" statusCode="200" statusText="OK" /><!-- duration: 2ms -->
</step><!-- duration: 100999ms -->
