﻿<?xml version="1.0" encoding="utf-8"?>
<deployment>
  <id>52a140739696eaef2c118d949e800df89cc2c5d9</id>
  <author>Bharath Srinivasan</author>
  <deployer>bharath-deploy</deployer>
  <authorEmail>sbharathind@gmail.com</authorEmail>
  <message>Fix admin login session issue - resolve sqlite3.Row .get() method error and add session configuration</message>
  <progress></progress>
  <status>Success</status>
  <statusText></statusText>
  <lastSuccessEndTime>2025-08-08T13:41:35.7019497Z</lastSuccessEndTime>
  <receivedTime>2025-08-08T13:37:03.762265Z</receivedTime>
  <startTime>2025-08-08T13:37:26.5842319Z</startTime>
  <endTime>2025-08-08T13:41:35.7019497Z</endTime>
  <complete>True</complete>
  <is_temp>False</is_temp>
  <is_readonly>False</is_readonly>
  <buildSummary />
</deployment>