﻿<?xml version="1.0" encoding="utf-8"?>
<deployment>
  <id>6450d121f64e2716c75a0531add4b728db871ec9</id>
  <author>Bharath Srinivasan</author>
  <deployer>bharath-deploy</deployer>
  <authorEmail>sbharathind@gmail.com</authorEmail>
  <message>Improve database manager with fallback and retry logic
    
    - Add automatic fallback to SQLite if Azure SQL fails
    - Add retry logic for database connections
    - Add proper error handling for missing pyodbc
    - Ensure application can still start even if Azure SQL is unreachable</message>
  <progress></progress>
  <status>Success</status>
  <statusText></statusText>
  <lastSuccessEndTime>2025-08-01T17:53:58.9073249Z</lastSuccessEndTime>
  <receivedTime>2025-08-01T17:53:01.5983383Z</receivedTime>
  <startTime>2025-08-01T17:53:03.8279652Z</startTime>
  <endTime>2025-08-01T17:53:58.9073249Z</endTime>
  <complete>True</complete>
  <is_temp>False</is_temp>
  <is_readonly>False</is_readonly>
  <buildSummary />
</deployment>