﻿<?xml version="1.0" encoding="utf-8"?>
<deployment>
  <id>9221aabb8ab5810315b083386e9866ec37495032</id>
  <author>Bharath Srinivasan</author>
  <deployer>bharath-deploy</deployer>
  <authorEmail>sbharathind@gmail.com</authorEmail>
  <message>Azure SQL database initialization and verification tools
    
    - Added comprehensive Azure SQL database initialization with sample data
    - Added Azure SQL verification and analysis tools
    - Successfully initialized Azure SQL with demo user and sample course
    - All 14 tables properly structured and populated with test data
    - Fixed Azure SQL connection issues with ODBC Driver 17</message>
  <progress></progress>
  <status>Success</status>
  <statusText></statusText>
  <lastSuccessEndTime>2025-08-03T11:34:09.2529958Z</lastSuccessEndTime>
  <receivedTime>2025-08-03T11:31:24.7723403Z</receivedTime>
  <startTime>2025-08-03T11:31:30.5437033Z</startTime>
  <endTime>2025-08-03T11:34:09.2529958Z</endTime>
  <complete>True</complete>
  <is_temp>False</is_temp>
  <is_readonly>False</is_readonly>
  <buildSummary />
</deployment>