﻿<?xml version="1.0" encoding="utf-8"?>
<deployment>
  <id>18222e87d204f66b93fd2740c0acb31cebe6ca86</id>
  <author>Bharath Srinivasan</author>
  <deployer>bharath-deploy</deployer>
  <authorEmail>sbharathind@gmail.com</authorEmail>
  <message>Add secure admin password reset function</message>
  <progress></progress>
  <status>Success</status>
  <statusText></statusText>
  <lastSuccessEndTime>2025-08-07T20:22:51.0956309Z</lastSuccessEndTime>
  <receivedTime>2025-08-07T20:20:16.579217Z</receivedTime>
  <startTime>2025-08-07T20:20:18.8397088Z</startTime>
  <endTime>2025-08-07T20:22:51.0956309Z</endTime>
  <complete>True</complete>
  <is_temp>False</is_temp>
  <is_readonly>False</is_readonly>
  <buildSummary />
</deployment>