﻿<?xml version="1.0" encoding="utf-8"?>
<deployment>
  <id>fb41df7576e234b163e4a9e2c54d12df83375b3c</id>
  <author>bh-srinivasan</author>
  <deployer>bharath-deploy</deployer>
  <authorEmail>bhsrinivasan@microsoft.com</authorEmail>
  <message>Deploy: URL validation system and course filtering fixes</message>
  <progress></progress>
  <status>Success</status>
  <statusText></statusText>
  <lastSuccessEndTime>2025-07-01T13:54:29.6798978Z</lastSuccessEndTime>
  <receivedTime>2025-07-01T13:53:22.8487508Z</receivedTime>
  <startTime>2025-07-01T13:53:25.6863478Z</startTime>
  <endTime>2025-07-01T13:54:29.6798978Z</endTime>
  <complete>True</complete>
  <is_temp>False</is_temp>
  <is_readonly>False</is_readonly>
  <buildSummary />
</deployment>