﻿<?xml version="1.0" encoding="utf-8"?>
<deployment>
  <id>f4aef3a3ff4ae2234ae1f29753eff480d01db7fe</id>
  <author>Bharath Srinivasan</author>
  <deployer>bharath-deploy</deployer>
  <authorEmail>sbharathind@gmail.com</authorEmail>
  <message>Add force-init-admin route for Azure database initialization fix</message>
  <progress></progress>
  <status>Success</status>
  <statusText></statusText>
  <lastSuccessEndTime>2025-08-02T18:22:56.7098854Z</lastSuccessEndTime>
  <receivedTime>2025-08-02T18:19:33.4337678Z</receivedTime>
  <startTime>2025-08-02T18:19:39.5322906Z</startTime>
  <endTime>2025-08-02T18:22:56.7098854Z</endTime>
  <complete>True</complete>
  <is_temp>False</is_temp>
  <is_readonly>False</is_readonly>
  <buildSummary />
</deployment>