﻿<?xml version="1.0" encoding="utf-8"?>
<deployment>
  <id>28d2363805c2221743ce9578c2f0d57a9e095451</id>
  <author>bh-srinivasan</author>
  <deployer>bharath-deploy</deployer>
  <authorEmail>bhsrinivasan@microsoft.com</authorEmail>
  <message>Codebase cleanup: Organized files into /docs, /scripts, /tests, and /archived folders for better maintainability</message>
  <progress></progress>
  <status>Success</status>
  <statusText></statusText>
  <lastSuccessEndTime>2025-07-05T17:48:18.7746168Z</lastSuccessEndTime>
  <receivedTime>2025-07-05T17:46:43.1459327Z</receivedTime>
  <startTime>2025-07-05T17:46:46.4469131Z</startTime>
  <endTime>2025-07-05T17:48:18.7746168Z</endTime>
  <complete>True</complete>
  <is_temp>False</is_temp>
  <is_readonly>False</is_readonly>
  <buildSummary />
</deployment>