﻿<?xml version="1.0" encoding="utf-8"?>
<deployment>
  <id>b5575adfd877c502b0a11ada827cf559305f03ae</id>
  <author>Bharath Srinivasan</author>
  <deployer>bharath-deploy</deployer>
  <authorEmail>sbharathind@gmail.com</authorEmail>
  <message>Fix Azure port configuration - use PORT environment variable</message>
  <progress></progress>
  <status>Success</status>
  <statusText></statusText>
  <lastSuccessEndTime>2025-08-01T16:01:18.0856336Z</lastSuccessEndTime>
  <receivedTime>2025-08-01T15:59:48.0394615Z</receivedTime>
  <startTime>2025-08-01T15:59:50.8383117Z</startTime>
  <endTime>2025-08-01T16:01:18.0856336Z</endTime>
  <complete>True</complete>
  <is_temp>False</is_temp>
  <is_readonly>False</is_readonly>
  <buildSummary />
</deployment>