﻿<?xml version="1.0" encoding="utf-8"?>
<deployment>
  <id>15a72b50df3831a7656de9ca9343ad79d47d36f3</id>
  <author>Bharath Srinivasan</author>
  <deployer>bharath-deploy</deployer>
  <authorEmail>sbharathind@gmail.com</authorEmail>
  <message>Fix Azure SQL dialect issues: enhanced debug routes and admin courses error handling</message>
  <progress></progress>
  <status>Success</status>
  <statusText></statusText>
  <lastSuccessEndTime>2025-08-10T12:08:58.5543291Z</lastSuccessEndTime>
  <receivedTime>2025-08-10T12:05:26.4796708Z</receivedTime>
  <startTime>2025-08-10T12:05:33.2666464Z</startTime>
  <endTime>2025-08-10T12:08:58.5543291Z</endTime>
  <complete>True</complete>
  <is_temp>False</is_temp>
  <is_readonly>False</is_readonly>
  <buildSummary />
</deployment>