﻿<?xml version="1.0" encoding="utf-8"?>
<deployment>
  <id>b8fd62ce8a892b483dc0c00cb29f2e717cc557f7</id>
  <author>bh-srinivasan</author>
  <deployer>bharath-deploy</deployer>
  <authorEmail>bhsrinivasan@microsoft.com</authorEmail>
  <message>Fix URL Status filter in Manage Courses + codebase cleanup
    
    - Implemented robust URL Status filter with smart text extraction
    - Fixed text parsing to handle HTML badges and icons correctly
    - Added Working, Not Working, Broken, and Unchecked filter options
    - Enhanced filter logic with exact matching and case handling
    - Cleaned up codebase and organized files into proper directories
    - Resolved all workspace warnings and import issues
    - Updated security and production configurations
    - Added comprehensive documentation and test files
    
    Status: URL Status filter now fully functional in admin interface</message>
  <progress></progress>
  <status>Success</status>
  <statusText></statusText>
  <lastSuccessEndTime>2025-07-05T17:44:17.1838499Z</lastSuccessEndTime>
  <receivedTime>2025-07-05T17:42:45.764294Z</receivedTime>
  <startTime>2025-07-05T17:42:56.0602576Z</startTime>
  <endTime>2025-07-05T17:44:17.1838499Z</endTime>
  <complete>True</complete>
  <is_temp>False</is_temp>
  <is_readonly>False</is_readonly>
  <buildSummary />
</deployment>