﻿<?xml version="1.0" encoding="utf-8"?>
<deployment>
  <id>23277e4fd852a4ad44b49eed86766558e4b6c97f</id>
  <author>Bharath Srinivasan</author>
  <deployer>bharath-deploy</deployer>
  <authorEmail>sbharathind@gmail.com</authorEmail>
  <message>Fix: Add missing dependencies pandas, openpyxl, xlsxwriter, numpy to requirements.txt
    
    - Resolves 12 import errors in app.py and app_backup.py
    - Ensures Excel export functionality works properly
    - Required for Azure deployment with data analysis features</message>
  <progress></progress>
  <status>Success</status>
  <statusText></statusText>
  <lastSuccessEndTime>2025-08-02T06:06:48.8681019Z</lastSuccessEndTime>
  <receivedTime>2025-08-02T06:03:15.4694422Z</receivedTime>
  <startTime>2025-08-02T06:03:20.1489627Z</startTime>
  <endTime>2025-08-02T06:06:48.8681019Z</endTime>
  <complete>True</complete>
  <is_temp>False</is_temp>
  <is_readonly>False</is_readonly>
  <buildSummary />
</deployment>