﻿<?xml version="1.0" encoding="utf-8"?>
<deployment>
  <id>fe7d6ecdd4099201ec974390cd8c3ff43e335eff</id>
  <author>Bharath Srinivasan</author>
  <deployer>bharath-deploy</deployer>
  <authorEmail>sbharathind@gmail.com</authorEmail>
  <message>Fix admin dashboard session validation and add session debug endpoint
    
    - Replace complex session validation in admin dashboard with centralized validate_admin_access
    - Add debug/session-info endpoint to diagnose session issues
    - Simplify admin dashboard route logic</message>
  <progress></progress>
  <status>Success</status>
  <statusText></statusText>
  <lastSuccessEndTime>2025-08-08T04:14:57.594495Z</lastSuccessEndTime>
  <receivedTime>2025-08-08T04:12:37.5179854Z</receivedTime>
  <startTime>2025-08-08T04:12:39.952601Z</startTime>
  <endTime>2025-08-08T04:14:57.594495Z</endTime>
  <complete>True</complete>
  <is_temp>False</is_temp>
  <is_readonly>False</is_readonly>
  <buildSummary />
</deployment>