﻿<?xml version="1.0" encoding="utf-8"?>
<deployment>
  <id>ac226196c5d35c1921e607b21508e1bebacfacfe</id>
  <author>Bharath Srinivasan</author>
  <deployer>bharath-deploy</deployer>
  <authorEmail>sbharathind@gmail.com</authorEmail>
  <message>Add debug endpoint to fix missing is_admin column in Azure SQL database</message>
  <progress></progress>
  <status>Success</status>
  <statusText></statusText>
  <lastSuccessEndTime>2025-08-07T20:09:06.7385788Z</lastSuccessEndTime>
  <receivedTime>2025-08-07T20:06:25.1883476Z</receivedTime>
  <startTime>2025-08-07T20:06:27.533852Z</startTime>
  <endTime>2025-08-07T20:09:06.7385788Z</endTime>
  <complete>True</complete>
  <is_temp>False</is_temp>
  <is_readonly>False</is_readonly>
  <buildSummary />
</deployment>