﻿<?xml version="1.0" encoding="utf-8"?>
<deployment>
  <id>0d45f78cde2e756add2cd68da9f498756f40b02f</id>
  <author>Bharath Srinivasan</author>
  <deployer>bharath-deploy</deployer>
  <authorEmail>sbharathind@gmail.com</authorEmail>
  <message>Fix Azure deployment - add missing dependencies and ensure proper app configuration</message>
  <progress></progress>
  <status>Success</status>
  <statusText></statusText>
  <lastSuccessEndTime>2025-08-01T11:43:58.8541461Z</lastSuccessEndTime>
  <receivedTime>2025-08-01T11:42:58.6509366Z</receivedTime>
  <startTime>2025-08-01T11:43:00.9563037Z</startTime>
  <endTime>2025-08-01T11:43:58.8541461Z</endTime>
  <complete>True</complete>
  <is_temp>False</is_temp>
  <is_readonly>False</is_readonly>
  <buildSummary />
</deployment>