﻿<?xml version="1.0" encoding="utf-8"?>
<deployment>
  <id>56d4d546cc9cf27472054159c51ac95e7fe8c391</id>
  <author>bh-srinivasan</author>
  <deployer>bharath-deploy</deployer>
  <authorEmail>bhsrinivasan@microsoft.com</authorEmail>
  <message>CRITICAL FIX: Resolve Flask endpoint conflict - unique production_safe operation names</message>
  <progress></progress>
  <status>Success</status>
  <statusText></statusText>
  <lastSuccessEndTime>2025-07-05T06:36:14.467553Z</lastSuccessEndTime>
  <receivedTime>2025-07-05T06:35:12.3224251Z</receivedTime>
  <startTime>2025-07-05T06:35:14.4441436Z</startTime>
  <endTime>2025-07-05T06:36:14.467553Z</endTime>
  <complete>True</complete>
  <is_temp>False</is_temp>
  <is_readonly>False</is_readonly>
  <buildSummary />
</deployment>