﻿<?xml version="1.0" encoding="utf-8"?>
<deployment>
  <id>b69af169d6d395a15fbc26b193300bb7ea51f95e</id>
  <author>bh-srinivasan</author>
  <deployer>bharath-deploy</deployer>
  <authorEmail>bhsrinivasan@microsoft.com</authorEmail>
  <message>CRITICAL FIX: Add blueprint registration and before_request handler - fixes widespread Azure errors</message>
  <progress></progress>
  <status>Success</status>
  <statusText></statusText>
  <lastSuccessEndTime>2025-07-01T17:01:51.7805516Z</lastSuccessEndTime>
  <receivedTime>2025-07-01T17:00:49.1006729Z</receivedTime>
  <startTime>2025-07-01T17:00:50.8831325Z</startTime>
  <endTime>2025-07-01T17:01:51.7805516Z</endTime>
  <complete>True</complete>
  <is_temp>False</is_temp>
  <is_readonly>False</is_readonly>
  <buildSummary />
</deployment>