﻿<?xml version="1.0" encoding="utf-8"?>
<deployment>
  <id>a522c694b321cf1b1f846d41240ac6b5c35501f0</id>
  <author>Bharath Srinivasan</author>
  <deployer>bharath-deploy</deployer>
  <authorEmail>sbharathind@gmail.com</authorEmail>
  <message>fix(startup): fix Flask app logging configuration order
    
    - Move gunicorn logger binding after Flask app creation
    - Remove duplicate logging configuration
    - Add startup test script for Azure diagnostics
    - Fixes Application Error on Azure startup</message>
  <progress></progress>
  <status>Success</status>
  <statusText></statusText>
  <lastSuccessEndTime>2025-08-10T09:47:09.4788409Z</lastSuccessEndTime>
  <receivedTime>2025-08-10T09:44:23.7653816Z</receivedTime>
  <startTime>2025-08-10T09:44:30.3531909Z</startTime>
  <endTime>2025-08-10T09:47:09.4788409Z</endTime>
  <complete>True</complete>
  <is_temp>False</is_temp>
  <is_readonly>False</is_readonly>
  <buildSummary />
</deployment>