﻿<?xml version="1.0" encoding="utf-8"?>
<deployment>
  <id>e7981443f1854b1510024611d65c336cda4cfe62</id>
  <author>Bharath Srinivasan</author>
  <deployer>bharath-deploy</deployer>
  <authorEmail>sbharathind@gmail.com</authorEmail>
  <message>feat: Azure SQL compatibility via view-based approach
    
    - Add db detection helper function detect_db_kind()
    - Create Azure SQL compatibility view (dbo.courses_app)
    - Refactor admin_courses route for dual backend support
    - Add defensive logging for duration conversion failures
    - Update README with Azure deployment instructions
    - Add comprehensive test suite for database compatibility
    
    Fixes: Invalid column name 'duration_hours' error in Admin Courses</message>
  <progress></progress>
  <status>Success</status>
  <statusText></statusText>
  <lastSuccessEndTime>2025-08-11T18:48:43.0204981Z</lastSuccessEndTime>
  <receivedTime>2025-08-11T18:45:24.3319638Z</receivedTime>
  <startTime>2025-08-11T18:45:32.3246902Z</startTime>
  <endTime>2025-08-11T18:48:43.0204981Z</endTime>
  <complete>True</complete>
  <is_temp>False</is_temp>
  <is_readonly>False</is_readonly>
  <buildSummary />
</deployment>