﻿<?xml version="1.0" encoding="utf-8"?>
<deployment>
  <id>4946a3786ab09d5ab96cd0a2994275e7e85140bc</id>
  <author>Bharath Srinivasan</author>
  <deployer>bharath-deploy</deployer>
  <authorEmail>sbharathind@gmail.com</authorEmail>
  <message>Deploy local database to Azure to ensure data consistency between localhost and Azure</message>
  <progress></progress>
  <status>Success</status>
  <statusText></statusText>
  <lastSuccessEndTime>2025-08-01T10:54:28.1586871Z</lastSuccessEndTime>
  <receivedTime>2025-08-01T10:53:08.7888688Z</receivedTime>
  <startTime>2025-08-01T10:53:12.6211469Z</startTime>
  <endTime>2025-08-01T10:54:28.1586871Z</endTime>
  <complete>True</complete>
  <is_temp>False</is_temp>
  <is_readonly>False</is_readonly>
  <buildSummary />
</deployment>