﻿<?xml version="1.0" encoding="utf-8"?>
<deployment>
  <id>d7a9c359bedd9fa16c478f0b12def0ffdd40d946</id>
  <author>bh-srinivasan</author>
  <deployer>bharath-deploy</deployer>
  <authorEmail>bhsrinivasan@microsoft.com</authorEmail>
  <message>Minimal admin dashboard fix with maximum error handling for Azure</message>
  <progress></progress>
  <status>Success</status>
  <statusText></statusText>
  <lastSuccessEndTime>2025-07-01T16:14:54.3622273Z</lastSuccessEndTime>
  <receivedTime>2025-07-01T16:13:51.0182789Z</receivedTime>
  <startTime>2025-07-01T16:13:52.9688554Z</startTime>
  <endTime>2025-07-01T16:14:54.3622273Z</endTime>
  <complete>True</complete>
  <is_temp>False</is_temp>
  <is_readonly>False</is_readonly>
  <buildSummary />
</deployment>