<step title="Incoming Request" date="2025-06-30T19:03:34.702" instance="978831" url="/ai-learning-tracker-bharath.git/info/refs?service=git-receive-pack" method="GET" type="request" pid="807,1,22" Accept="*/*" Host="ai-learning-tracker-bharath.scm.azurewebsites.net" User-Agent="git/2.50.0.windows.1" Accept-Encoding="deflate, gzip, br, zstd" Authorization="Bas..." Pragma="no-cache" X-ARR-LOG-ID="d8fbf60f-0e75-4f03-bcad-27b5f4848da6" CLIENT-IP="106.201.160.25:61458" X-SITE-DEPLOYMENT-ID="ai-learning-tracker-bharath" WAS-DEFAULT-HOSTNAME="ai-learning-tracker-bharath.scm.azurewebsites.net" X-Forwarded-Proto="https" X-AppService-Proto="https" X-Forwarded-TlsVersion="1.3" X-WAWS-Unencoded-URL="/ai-learning-tracker-bharath.git/info/refs?service=git-receive-pack" X-Client-IP="106.201.160.25" X-Client-Port="61458" >
  <step title="Cleanup Xml Logs" date="2025-06-30T19:03:34.731" /><!-- duration: 46ms -->
  <step title="InfoRefsService.Execute" date="2025-06-30T19:03:34.800" >
    <step title="Executing external process" date="2025-06-30T19:03:34.818" type="process" path="git" arguments="rev-parse --git-dir" /><!-- duration: 49ms -->
    <step title="Assuming git repository at /home/site/repository" date="2025-06-30T19:03:34.870" /><!-- duration: 2ms -->
    <step title="InfoRefsService.SmartInfoRefs" date="2025-06-30T19:03:34.876" >
      <step title="Executing external process" date="2025-06-30T19:03:34.889" type="process" path="git" arguments="rev-parse --git-dir" /><!-- duration: 21ms -->
      <step title="Assuming git repository at /home/site/repository" date="2025-06-30T19:03:34.913" /><!-- duration: 8ms -->
      <step title="GitExeServer.AdvertiseReceivePack" date="2025-06-30T19:03:34.928" >
        <step title="Executing external process" date="2025-06-30T19:03:34.931" type="process" path="git" arguments="receive-pack --stateless-rpc --advertise-refs &quot;/home/site/repository&quot;" /><!-- duration: 72ms -->
      </step><!-- duration: 77ms -->
      <step title="Writing 182 bytes" date="2025-06-30T19:03:35.008" /><!-- duration: 2ms -->
    </step><!-- duration: 138ms -->
  </step><!-- duration: 215ms -->
  <step title="Outgoing response" date="2025-06-30T19:03:35.030" type="response" statusCode="200" statusText="OK" /><!-- duration: 2ms -->
</step><!-- duration: 332ms -->
