<step title="Incoming Request" date="2025-06-29T11:01:55.790" instance="978831" url="/ai-learning-tracker-bharath.git/git-receive-pack" method="POST" type="request" pid="807,1,7" Accept="application/x-git-receive-pack-result" Host="ai-learning-tracker-bharath.scm.azurewebsites.net" User-Agent="git/2.50.0.windows.1" Accept-Encoding="deflate, gzip, br, zstd" Authorization="Bas..." Content-Type="application/x-git-receive-pack-request" Content-Length="5189" X-ARR-LOG-ID="08fcedae-23e9-4b39-8310-9d234835b808" CLIENT-IP="106.201.160.25:53910" X-SITE-DEPLOYMENT-ID="ai-learning-tracker-bharath" WAS-DEFAULT-HOSTNAME="ai-learning-tracker-bharath.scm.azurewebsites.net" X-Forwarded-Proto="https" X-AppService-Proto="https" X-Forwarded-TlsVersion="1.3" X-WAWS-Unencoded-URL="/ai-learning-tracker-bharath.git/git-receive-pack" X-Client-IP="106.201.160.25" X-Client-Port="53910" >
  <step title="RpcService.ReceivePack" date="2025-06-29T11:01:55.837" >
    <step title="Executing external process" date="2025-06-29T11:01:55.863" type="process" path="git" arguments="rev-parse --git-dir" /><!-- duration: 34ms -->
    <step title="Assuming git repository at /home/site/repository" date="2025-06-29T11:01:55.899" /><!-- duration: 2ms -->
    <step title="Acquiring Deployment Lock" date="2025-06-29T11:01:55.911" /><!-- duration: 2ms -->
    <step title="Acquired Deployment Lock" date="2025-06-29T11:01:55.952" /><!-- duration: 2ms -->
    <step title="Creating temporary deployment" date="2025-06-29T11:01:55.959" /><!-- duration: 135ms -->
    <step title="GitExeServer.Receive" date="2025-06-29T11:01:56.096" >
      <step title="Executing external process" date="2025-06-29T11:01:56.098" type="process" path="git" arguments="receive-pack --stateless-rpc &quot;/home/site/repository&quot;" /><!-- duration: 83385ms -->
    </step><!-- duration: 83393ms -->
    <step title="Releasing Deployment Lock" date="2025-06-29T11:03:19.560" /><!-- duration: 2ms -->
  </step><!-- duration: 83745ms -->
  <step title="Outgoing response" date="2025-06-29T11:03:19.587" type="response" statusCode="200" statusText="OK" /><!-- duration: 5ms -->
</step><!-- duration: 83805ms -->
