<step title="Incoming Request" date="2025-07-05T06:23:58.933" instance="978831" url="/ai-learning-tracker-bharath.git/info/refs?service=git-receive-pack" method="GET" type="request" pid="802,1,15" Accept="*/*" Host="ai-learning-tracker-bharath.scm.azurewebsites.net" User-Agent="git/2.50.0.windows.2" Accept-Encoding="deflate, gzip, br, zstd" Authorization="Bas..." Pragma="no-cache" X-ARR-LOG-ID="f7c794bb-47d4-4ba3-9c71-fd86ad53a4dd" CLIENT-IP="136.185.80.59:53097" X-SITE-DEPLOYMENT-ID="ai-learning-tracker-bharath" WAS-DEFAULT-HOSTNAME="ai-learning-tracker-bharath.scm.azurewebsites.net" X-Forwarded-Proto="https" X-AppService-Proto="https" X-Forwarded-TlsVersion="1.3" X-WAWS-Unencoded-URL="/ai-learning-tracker-bharath.git/info/refs?service=git-receive-pack" X-Client-IP="136.185.80.59" X-Client-Port="53097" >
  <step title="Cleanup Xml Logs" date="2025-07-05T06:23:58.954" /><!-- duration: 8ms -->
  <step title="InfoRefsService.Execute" date="2025-07-05T06:23:59.036" >
    <step title="Executing external process" date="2025-07-05T06:23:59.060" type="process" path="git" arguments="rev-parse --git-dir" /><!-- duration: 92ms -->
    <step title="Assuming git repository at /home/site/repository" date="2025-07-05T06:23:59.162" /><!-- duration: 2ms -->
    <step title="InfoRefsService.SmartInfoRefs" date="2025-07-05T06:23:59.182" >
      <step title="Executing external process" date="2025-07-05T06:23:59.194" type="process" path="git" arguments="rev-parse --git-dir" /><!-- duration: 38ms -->
      <step title="Assuming git repository at /home/site/repository" date="2025-07-05T06:23:59.235" /><!-- duration: 7ms -->
      <step title="GitExeServer.AdvertiseReceivePack" date="2025-07-05T06:23:59.247" >
        <step title="Executing external process" date="2025-07-05T06:23:59.251" type="process" path="git" arguments="receive-pack --stateless-rpc --advertise-refs &quot;/home/site/repository&quot;" /><!-- duration: 49ms -->
      </step><!-- duration: 55ms -->
      <step title="Writing 182 bytes" date="2025-07-05T06:23:59.304" /><!-- duration: 2ms -->
    </step><!-- duration: 130ms -->
  </step><!-- duration: 278ms -->
  <step title="Outgoing response" date="2025-07-05T06:23:59.320" type="response" statusCode="200" statusText="OK" /><!-- duration: 2ms -->
</step><!-- duration: 390ms -->
