﻿<?xml version="1.0" encoding="utf-8"?>
<deployment>
  <id>ad58f00646bb610540a62f9cbc81a211215271e9</id>
  <author>Bharath Srinivasan</author>
  <deployer>bharath-deploy</deployer>
  <authorEmail>sbharathind@gmail.com</authorEmail>
  <message>Fix authentication whitelist to allow admin initialization routes</message>
  <progress></progress>
  <status>Success</status>
  <statusText></statusText>
  <lastSuccessEndTime>2025-08-03T10:36:09.0282372Z</lastSuccessEndTime>
  <receivedTime>2025-08-03T10:32:58.4888623Z</receivedTime>
  <startTime>2025-08-03T10:33:04.9175542Z</startTime>
  <endTime>2025-08-03T10:36:09.0282372Z</endTime>
  <complete>True</complete>
  <is_temp>False</is_temp>
  <is_readonly>False</is_readonly>
  <buildSummary />
</deployment>