﻿<?xml version="1.0" encoding="utf-8"?>
<deployment>
  <id>76d9ebd184eed544ddbe0b86acf82a75bf0f6841</id>
  <author>Bharath Srinivasan</author>
  <deployer>bharath-deploy</deployer>
  <authorEmail>sbharathind@gmail.com</authorEmail>
  <message>Fix Azure SQL schema initialization - Add missing tables (courses, learning_entries, security_logs)</message>
  <progress></progress>
  <status>Success</status>
  <statusText></statusText>
  <lastSuccessEndTime>2025-08-10T03:42:16.6638948Z</lastSuccessEndTime>
  <receivedTime>2025-08-10T03:39:30.805609Z</receivedTime>
  <startTime>2025-08-10T03:39:33.7228452Z</startTime>
  <endTime>2025-08-10T03:42:16.6638948Z</endTime>
  <complete>True</complete>
  <is_temp>False</is_temp>
  <is_readonly>False</is_readonly>
  <buildSummary />
</deployment>