﻿<?xml version="1.0" encoding="utf-8"?>
<deployment>
  <id>54f3cf0264bd578120a1a0571a28919ac918d94b</id>
  <author>Bharath Srinivasan</author>
  <deployer>bharath-deploy</deployer>
  <authorEmail>sbharathind@gmail.com</authorEmail>
  <message>fix(templates): safe datetime handling for Azure/SQLite compatibility
    
    - Use fallback for created_at_formatted in sessions template
    - Handle both raw datetime objects (Azure) and formatted strings (SQLite)</message>
  <progress></progress>
  <status>Success</status>
  <statusText></statusText>
  <lastSuccessEndTime>2025-08-10T05:37:44.1513209Z</lastSuccessEndTime>
  <receivedTime>2025-08-10T05:33:42.5505051Z</receivedTime>
  <startTime>2025-08-10T05:33:52.5407488Z</startTime>
  <endTime>2025-08-10T05:37:44.1513209Z</endTime>
  <complete>True</complete>
  <is_temp>False</is_temp>
  <is_readonly>False</is_readonly>
  <buildSummary />
</deployment>