﻿<?xml version="1.0" encoding="utf-8"?>
<deployment>
  <id>188aa03d80a0a96a9b407702fc6cc101f89ecacf</id>
  <author>Bharath Srinivasan</author>
  <deployer>bharath-deploy</deployer>
  <authorEmail>sbharathind@gmail.com</authorEmail>
  <message>Add Azure startup script to fix deployment issues - initialize database properly</message>
  <progress></progress>
  <status>Success</status>
  <statusText></statusText>
  <lastSuccessEndTime>2025-08-01T09:56:03.8528521Z</lastSuccessEndTime>
  <receivedTime>2025-08-01T09:54:39.5137622Z</receivedTime>
  <startTime>2025-08-01T09:54:43.7947793Z</startTime>
  <endTime>2025-08-01T09:56:03.8528521Z</endTime>
  <complete>True</complete>
  <is_temp>False</is_temp>
  <is_readonly>False</is_readonly>
  <buildSummary />
</deployment>