﻿<?xml version="1.0" encoding="utf-8"?>
<deployment>
  <id>a0678e5f51c78007a4be2721e823c6d3e709fae4</id>
  <author>bh-srinivasan</author>
  <deployer>bharath-deploy</deployer>
  <authorEmail>bhsrinivasan@microsoft.com</authorEmail>
  <message>Deploy secure user management with production safeguards
    
    - Added multi-layer security guards for user deletion and password resets
    - Implemented environment-based production safety controls
    - Added UI-only access for sensitive operations in production
    - All admin actions now logged and audited
    - Password resets require explicit authorization
    - Comprehensive security testing completed (17/17 tests passed)
    - Ready for secure Azure deployment</message>
  <progress></progress>
  <status>Success</status>
  <statusText></statusText>
  <lastSuccessEndTime>2025-07-05T05:55:09.8688323Z</lastSuccessEndTime>
  <receivedTime>2025-07-05T05:53:32.3446125Z</receivedTime>
  <startTime>2025-07-05T05:53:41.1658405Z</startTime>
  <endTime>2025-07-05T05:55:09.8688323Z</endTime>
  <complete>True</complete>
  <is_temp>False</is_temp>
  <is_readonly>False</is_readonly>
  <buildSummary />
</deployment>