﻿<?xml version="1.0" encoding="utf-8"?>
<deployment>
  <id>086ff1b7ba8cd2e7f370b36e436f438cf8c8ce01</id>
  <author>Bharath Srinivasan</author>
  <deployer>bharath-deploy</deployer>
  <authorEmail>sbharathind@gmail.com</authorEmail>
  <message>Fix Azure app startup error - comment out missing admin_reports_routes import</message>
  <progress></progress>
  <status>Success</status>
  <statusText></statusText>
  <lastSuccessEndTime>2025-08-01T12:23:40.7968008Z</lastSuccessEndTime>
  <receivedTime>2025-08-01T12:22:39.3783194Z</receivedTime>
  <startTime>2025-08-01T12:22:41.9433977Z</startTime>
  <endTime>2025-08-01T12:23:40.7968008Z</endTime>
  <complete>True</complete>
  <is_temp>False</is_temp>
  <is_readonly>False</is_readonly>
  <buildSummary />
</deployment>