{"timestamp": "2025-07-06T00:14:15.266168", "event_type": "production_readiness_check", "environment": "development", "details": {"data_source": "ai_learning.db", "target_environment": "production"}, "user": "unknown", "hostname": "MININT-T9VEIJO"}
{"timestamp": "2025-07-06T00:18:05.576542", "event_type": "production_readiness_check", "environment": "development", "details": {"data_source": "ai_learning.db", "target_environment": "production"}, "user": "unknown", "hostname": "MININT-T9VEIJO"}
{"timestamp": "2025-07-06T00:23:38.441829", "event_type": "production_readiness_check", "environment": "development", "details": {"data_source": "ai_learning.db", "target_environment": "production"}, "user": "unknown", "hostname": "MININT-T9VEIJO"}
{"timestamp": "2025-07-06T00:23:38.456117", "event_type": "production_readiness_check", "environment": "development", "details": {"data_source": "ai_learning.db", "target_environment": "development"}, "user": "unknown", "hostname": "MININT-T9VEIJO"}
{"timestamp": "2025-07-06T00:23:38.493399", "event_type": "function_execution", "environment": "development", "details": {"function": "safe_test_function", "args": "('test_value',)", "kwargs": "{}", "success": true}, "user": "unknown", "hostname": "MININT-T9VEIJO"}
{"timestamp": "2025-07-06T00:23:38.618891", "event_type": "test_event", "environment": "development", "details": {"test_data": "audit_test", "timestamp": "2025-07-06T00:23:38.618891"}, "user": "unknown", "hostname": "MININT-T9VEIJO"}
