﻿<?xml version="1.0" encoding="utf-8"?>
<deployment>
  <id>fae2263c2faa1ce4f0342b8482eb54303986acfa</id>
  <author>Bharath Srinivasan</author>
  <deployer>bharath-deploy</deployer>
  <authorEmail>sbharathind@gmail.com</authorEmail>
  <message>Add comprehensive Azure route and login testing endpoints</message>
  <progress></progress>
  <status>Success</status>
  <statusText></statusText>
  <lastSuccessEndTime>2025-08-07T19:38:22.4774272Z</lastSuccessEndTime>
  <receivedTime>2025-08-07T19:35:20.0534648Z</receivedTime>
  <startTime>2025-08-07T19:35:25.8880353Z</startTime>
  <endTime>2025-08-07T19:38:22.4774272Z</endTime>
  <complete>True</complete>
  <is_temp>False</is_temp>
  <is_readonly>False</is_readonly>
  <buildSummary />
</deployment>