<step title="Incoming Request" date="2025-06-29T17:07:55.490" instance="978831" url="/ai-learning-tracker-bharath.git/git-receive-pack" method="POST" type="request" pid="807,1,85" Accept="application/x-git-receive-pack-result" Host="ai-learning-tracker-bharath.scm.azurewebsites.net" User-Agent="git/2.50.0.windows.1" Accept-Encoding="deflate, gzip, br, zstd" Authorization="Bas..." Content-Type="application/x-git-receive-pack-request" Content-Length="6970" X-ARR-LOG-ID="da8b65c0-3081-40bd-be68-666cbdc2499b" CLIENT-IP="106.201.160.25:64837" X-SITE-DEPLOYMENT-ID="ai-learning-tracker-bharath" WAS-DEFAULT-HOSTNAME="ai-learning-tracker-bharath.scm.azurewebsites.net" X-Forwarded-Proto="https" X-AppService-Proto="https" X-Forwarded-TlsVersion="1.3" X-WAWS-Unencoded-URL="/ai-learning-tracker-bharath.git/git-receive-pack" X-Client-IP="106.201.160.25" X-Client-Port="64837" >
  <step title="RpcService.ReceivePack" date="2025-06-29T17:07:55.547" >
    <step title="Executing external process" date="2025-06-29T17:07:55.573" type="process" path="git" arguments="rev-parse --git-dir" /><!-- duration: 42ms -->
    <step title="Assuming git repository at /home/site/repository" date="2025-06-29T17:07:55.624" /><!-- duration: 7ms -->
    <step title="Acquiring Deployment Lock" date="2025-06-29T17:07:55.643" /><!-- duration: 11ms -->
    <step title="Acquired Deployment Lock" date="2025-06-29T17:07:55.721" /><!-- duration: 3ms -->
    <step title="Creating temporary deployment" date="2025-06-29T17:07:55.732" /><!-- duration: 166ms -->
    <step title="GitExeServer.Receive" date="2025-06-29T17:07:55.907" >
      <step title="Executing external process" date="2025-06-29T17:07:56.167" type="process" path="git" arguments="receive-pack --stateless-rpc &quot;/home/site/repository&quot;" /><!-- duration: 65614ms -->
    </step><!-- duration: 65881ms -->
    <step title="Releasing Deployment Lock" date="2025-06-29T17:09:01.853" /><!-- duration: 2ms -->
  </step><!-- duration: 66320ms -->
  <step title="Outgoing response" date="2025-06-29T17:09:01.870" type="response" statusCode="200" statusText="OK" /><!-- duration: 2ms -->
</step><!-- duration: 66384ms -->
