<step title="Incoming Request" date="2025-07-21T05:00:54.934" instance="831bc3" url="/ai-learning-tracker-bharath.git/git-receive-pack" method="POST" type="request" pid="807,1,27" Accept="application/x-git-receive-pack-result" Host="ai-learning-tracker-bharath.scm.azurewebsites.net" User-Agent="git/2.50.1.windows.1" Accept-Encoding="deflate, gzip, br, zstd" Authorization="Bas..." Content-Type="application/x-git-receive-pack-request" Content-Length="2199" X-ARR-LOG-ID="b43e52ec-afd6-40d6-8b35-1febb479ab69" CLIENT-IP="223.228.112.97:41767" X-SITE-DEPLOYMENT-ID="ai-learning-tracker-bharath" WAS-DEFAULT-HOSTNAME="ai-learning-tracker-bharath.scm.azurewebsites.net" X-Forwarded-Proto="https" X-AppService-Proto="https" X-Forwarded-TlsVersion="1.3" X-WAWS-Unencoded-URL="/ai-learning-tracker-bharath.git/git-receive-pack" X-Client-IP="223.228.112.97" X-Client-Port="41767" >
  <step title="RpcService.ReceivePack" date="2025-07-21T05:00:54.985" >
    <step title="Executing external process" date="2025-07-21T05:00:55.036" type="process" path="git" arguments="rev-parse --git-dir" /><!-- duration: 191ms -->
    <step title="Assuming git repository at /home/site/repository" date="2025-07-21T05:00:55.237" /><!-- duration: 19ms -->
    <step title="Acquiring Deployment Lock" date="2025-07-21T05:00:55.287" /><!-- duration: 9ms -->
    <step title="Acquired Deployment Lock" date="2025-07-21T05:00:55.386" /><!-- duration: 19ms -->
    <step title="Creating temporary deployment" date="2025-07-21T05:00:55.418" /><!-- duration: 250ms -->
    <step title="GitExeServer.Receive" date="2025-07-21T05:00:55.678" >
      <step title="Executing external process" date="2025-07-21T05:00:55.697" type="process" path="git" arguments="receive-pack --stateless-rpc &quot;/home/site/repository&quot;" /><!-- duration: 232284ms -->
    </step><!-- duration: 232310ms -->
    <step title="Releasing Deployment Lock" date="2025-07-21T05:04:48.105" /><!-- duration: 11ms -->
  </step><!-- duration: 233144ms -->
  <step title="Outgoing response" date="2025-07-21T05:04:48.144" type="response" statusCode="200" statusText="OK" /><!-- duration: 5ms -->
</step><!-- duration: 233222ms -->
