<step title="Incoming Request" date="2025-07-21T05:54:03.805" instance="831bc3" url="/ai-learning-tracker-bharath.git/info/refs?service=git-receive-pack" method="GET" type="request" pid="803,1,34" Accept="*/*" Host="ai-learning-tracker-bharath.scm.azurewebsites.net" User-Agent="git/2.50.1.windows.1" Accept-Encoding="deflate, gzip, br, zstd" Authorization="Bas..." Pragma="no-cache" X-ARR-LOG-ID="4c4d6767-0a88-4d39-a6e3-470c134afee9" CLIENT-IP="223.228.112.97:33036" X-SITE-DEPLOYMENT-ID="ai-learning-tracker-bharath" WAS-DEFAULT-HOSTNAME="ai-learning-tracker-bharath.scm.azurewebsites.net" X-Forwarded-Proto="https" X-AppService-Proto="https" X-Forwarded-TlsVersion="1.3" X-WAWS-Unencoded-URL="/ai-learning-tracker-bharath.git/info/refs?service=git-receive-pack" X-Client-IP="223.228.112.97" X-Client-Port="33036" >
  <step title="Cleanup Xml Logs" date="2025-07-21T05:54:03.816" >
    <step title="Cleanup Infos" date="2025-07-21T05:54:03.848" totalFiles="298" totalCleanup="138" /><!-- duration: 40ms -->
  </step><!-- duration: 84ms -->
  <step title="InfoRefsService.Execute" date="2025-07-21T05:54:03.957" >
    <step title="Executing external process" date="2025-07-21T05:54:03.979" type="process" path="git" arguments="rev-parse --git-dir" /><!-- duration: 141ms -->
    <step title="Assuming git repository at /home/site/repository" date="2025-07-21T05:54:04.123" /><!-- duration: 2ms -->
    <step title="InfoRefsService.SmartInfoRefs" date="2025-07-21T05:54:04.130" >
      <step title="Executing external process" date="2025-07-21T05:54:04.143" type="process" path="git" arguments="rev-parse --git-dir" /><!-- duration: 19ms -->
      <step title="Assuming git repository at /home/site/repository" date="2025-07-21T05:54:04.167" /><!-- duration: 2ms -->
      <step title="GitExeServer.AdvertiseReceivePack" date="2025-07-21T05:54:04.174" >
        <step title="Executing external process" date="2025-07-21T05:54:04.176" type="process" path="git" arguments="receive-pack --stateless-rpc --advertise-refs &quot;/home/site/repository&quot;" /><!-- duration: 43ms -->
      </step><!-- duration: 47ms -->
      <step title="Writing 182 bytes" date="2025-07-21T05:54:04.223" /><!-- duration: 2ms -->
    </step><!-- duration: 101ms -->
  </step><!-- duration: 276ms -->
  <step title="Outgoing response" date="2025-07-21T05:54:04.242" type="response" statusCode="200" statusText="OK" /><!-- duration: 7ms -->
</step><!-- duration: 453ms -->
