<step title="Incoming Request" date="2025-07-19T19:17:27.217" instance="831bc3" url="/ai-learning-tracker-bharath.git/git-receive-pack" method="POST" type="request" pid="807,1,21" Accept="application/x-git-receive-pack-result" Host="ai-learning-tracker-bharath.scm.azurewebsites.net" User-Agent="git/2.50.1.windows.1" Accept-Encoding="deflate, gzip, br, zstd" Authorization="Bas..." Content-Type="application/x-git-receive-pack-request" Content-Length="3572" X-ARR-LOG-ID="f302ab78-cc77-4b06-a3f6-e408392edbf6" CLIENT-IP="122.177.246.142:9075" X-SITE-DEPLOYMENT-ID="ai-learning-tracker-bharath" WAS-DEFAULT-HOSTNAME="ai-learning-tracker-bharath.scm.azurewebsites.net" X-Forwarded-Proto="https" X-AppService-Proto="https" X-Forwarded-TlsVersion="1.3" X-WAWS-Unencoded-URL="/ai-learning-tracker-bharath.git/git-receive-pack" X-Client-IP="122.177.246.142" X-Client-Port="9075" >
  <step title="RpcService.ReceivePack" date="2025-07-19T19:17:27.239" >
    <step title="Executing external process" date="2025-07-19T19:17:27.262" type="process" path="git" arguments="rev-parse --git-dir" /><!-- duration: 38ms -->
    <step title="Assuming git repository at /home/site/repository" date="2025-07-19T19:17:27.316" /><!-- duration: 3ms -->
    <step title="Acquiring Deployment Lock" date="2025-07-19T19:17:27.329" /><!-- duration: 1ms -->
    <step title="Acquired Deployment Lock" date="2025-07-19T19:17:27.352" /><!-- duration: 2ms -->
    <step title="Creating temporary deployment" date="2025-07-19T19:17:27.362" /><!-- duration: 60ms -->
    <step title="GitExeServer.Receive" date="2025-07-19T19:17:27.424" >
      <step title="Executing external process" date="2025-07-19T19:17:27.425" type="process" path="git" arguments="receive-pack --stateless-rpc &quot;/home/site/repository&quot;" /><!-- duration: 138735ms -->
    </step><!-- duration: 138755ms -->
    <step title="Releasing Deployment Lock" date="2025-07-19T19:19:46.357" /><!-- duration: 4ms -->
  </step><!-- duration: 139139ms -->
  <step title="Outgoing response" date="2025-07-19T19:19:46.409" type="response" statusCode="200" statusText="OK" /><!-- duration: 11ms -->
</step><!-- duration: 139211ms -->
