<step title="Incoming Request" date="2025-07-21T08:47:14.394" instance="831bc3" url="/ai-learning-tracker-bharath.git/info/refs?service=git-upload-pack" method="GET" type="request" pid="803,1,54" Accept="*/*" Host="ai-learning-tracker-bharath.scm.azurewebsites.net" User-Agent="git/2.50.1.windows.1 (Windows 11 Enterprise 10.0.26100; win32 x64) vscode/1.99.3 (Cursor)" Accept-Encoding="deflate, gzip, br, zstd" Authorization="Bas..." Pragma="no-cache" git-protocol="version=2" X-ARR-LOG-ID="581eb96d-47ff-4ca3-ad5d-418f67ef7d8e" CLIENT-IP="122.177.245.132:18996" X-SITE-DEPLOYMENT-ID="ai-learning-tracker-bharath" WAS-DEFAULT-HOSTNAME="ai-learning-tracker-bharath.scm.azurewebsites.net" X-Forwarded-Proto="https" X-AppService-Proto="https" X-Forwarded-TlsVersion="1.3" X-WAWS-Unencoded-URL="/ai-learning-tracker-bharath.git/info/refs?service=git-upload-pack" X-Client-IP="122.177.245.132" X-Client-Port="18996" >
  <step title="Cleanup Xml Logs" date="2025-07-21T08:47:14.424" >
    <step title="Cleanup Infos" date="2025-07-21T08:47:14.511" totalFiles="316" totalCleanup="156" /><!-- duration: 13ms -->
  </step><!-- duration: 111ms -->
  <step title="InfoRefsService.Execute" date="2025-07-21T08:47:14.669" >
    <step title="Executing external process" date="2025-07-21T08:47:14.735" type="process" path="git" arguments="rev-parse --git-dir" /><!-- duration: 224ms -->
    <step title="Assuming git repository at /home/site/repository" date="2025-07-21T08:47:14.979" /><!-- duration: 9ms -->
    <step title="InfoRefsService.SmartInfoRefs" date="2025-07-21T08:47:15.000" >
      <step title="Executing external process" date="2025-07-21T08:47:15.135" type="process" path="git" arguments="rev-parse --git-dir" /><!-- duration: 98ms -->
      <step title="Assuming git repository at /home/site/repository" date="2025-07-21T08:47:15.249" /><!-- duration: 9ms -->
      <step title="GitExeServer.AdvertiseUploadPack" date="2025-07-21T08:47:15.277" >
        <step title="Executing external process" date="2025-07-21T08:47:15.287" type="process" path="git" arguments="upload-pack --stateless-rpc --advertise-refs &quot;/home/site/repository&quot;" /><!-- duration: 177ms -->
      </step><!-- duration: 205ms -->
      <step title="Writing 351 bytes" date="2025-07-21T08:47:15.491" /><!-- duration: 8ms -->
    </step><!-- duration: 510ms -->
  </step><!-- duration: 843ms -->
  <step title="Outgoing response" date="2025-07-21T08:47:15.567" type="response" statusCode="200" statusText="OK" /><!-- duration: 9ms -->
</step><!-- duration: 1191ms -->
