<step title="Executing external process" date="2025-06-30T18:05:09.092" instance="978831" type="process" path="kudu.exe" arguments="/home/site /opt/Kudu/msbuild" >
  <step title="Cleanup Xml Logs" date="2025-06-30T18:05:09.114" /><!-- duration: 13ms -->
  <step title="Deployment timer started" date="2025-06-30T18:05:09.176" >
    <step title="Executing external process" date="2025-06-30T18:05:09.216" type="process" path="git" arguments="log -n 1 master --" /><!-- duration: 154ms -->
    <step title="DeploymentManager.Deploy(id:652f128336f18f3fb21a5ebec1bcf468456a7134)" date="2025-06-30T18:05:09.389" >
      <step title="Collecting changeset information" date="2025-06-30T18:05:09.446" /><!-- duration: 239ms -->
      <step title="Updating to specific changeset" date="2025-06-30T18:05:09.713" >
        <step title="Executing external process" date="2025-06-30T18:05:10.841" type="process" path="git" arguments="checkout master --force" /><!-- duration: 434ms -->
      </step><!-- duration: 1565ms -->
      <step title="Updating submodules" date="2025-06-30T18:05:11.282" /><!-- duration: 136ms -->
      <step title="Determining deployment builder" date="2025-06-30T18:05:11.598" >
        <step title="Builder is OryxBuilder" date="2025-06-30T18:05:11.633" /><!-- duration: 3ms -->
      </step><!-- duration: 50ms -->
      <step title="PreDeployment: context.CleanOutputPath False" date="2025-06-30T18:05:11.691" >
        <step title="PreDeployment: context.OutputPath /home/site/wwwroot" date="2025-06-30T18:05:11.774" >
          <step title="Building" date="2025-06-30T18:05:11.875" >
            <step title="Executing external process" date="2025-06-30T18:05:12.191" type="process" path="bash" arguments="-c &quot;oryx build /home/site/repository -o /home/site/wwwroot --platform python --platform-version 3.9 -p virtualenv_name=antenv --log-file /tmp/build-debug.log  -i /tmp/8ddb800a81da69e --compress-destination-dir | tee /tmp/oryx-build.log ; exit $PIPESTATUS &quot;" /><!-- duration: 55717ms -->
            <step title="Using PythonDeploymentLogParser" date="2025-06-30T18:06:08.302" /><!-- duration: 3ms -->
            <step title="Triggering recycle (preview mode disabled)." date="2025-06-30T18:06:09.256" /><!-- duration: 6ms -->
            <step title="Modified file to trigger a restart of the app container." date="2025-06-30T18:06:09.282" /><!-- duration: 6ms -->
            <step title="Skip function trigger and logicapp sync because function is not enabled." date="2025-06-30T18:06:09.309" /><!-- duration: 8ms -->
            <step title="Purge deployment items" date="2025-06-30T18:06:10.535" >
              <step title="Remove 15389a2c4, Success, received at 06/28/2025 19:24:20" date="2025-06-30T18:06:10.575" /><!-- duration: 5ms -->
            </step><!-- duration: 53ms -->
          </step><!-- duration: 58761ms -->
        </step><!-- duration: 58875ms -->
        <step title="Cleaning up temp files" date="2025-06-30T18:06:10.651" /><!-- duration: 2119ms -->
        <step title="Cleaning up temp files" date="2025-06-30T18:06:12.810" /><!-- duration: 529ms -->
        <step title="Reloading status file with latest updates" date="2025-06-30T18:06:13.436" >
          <step title="WebHooksManager.PublishEventAsync: PostDeployment" date="2025-06-30T18:06:13.494" /><!-- duration: 313ms -->
        </step><!-- duration: 379ms -->
        <step title="Executing external process" date="2025-06-30T18:06:13.866" type="process" path="git" arguments="log -n 1 master --" /><!-- duration: 186ms -->
      </step><!-- duration: 62370ms -->
      <step title="Perform deploy exiting successfully" date="2025-06-30T18:06:14.101" 