<step title="Executing external process" date="2025-06-29T16:50:40.517" instance="978831" type="process" path="kudu.exe" arguments="/home/site /opt/Kudu/msbuild" >
  <step title="Cleanup Xml Logs" date="2025-06-29T16:50:40.536" /><!-- duration: 9ms -->
  <step title="Deployment timer started" date="2025-06-29T16:50:40.594" >
    <step title="Executing external process" date="2025-06-29T16:50:40.621" type="process" path="git" arguments="log -n 1 master --" /><!-- duration: 148ms -->
    <step title="DeploymentManager.Deploy(id:005b9bc213aaf04ff0c02d2b82733d022cd695c6)" date="2025-06-29T16:50:40.788" >
      <step title="Collecting changeset information" date="2025-06-29T16:50:40.835" /><!-- duration: 273ms -->
      <step title="Updating to specific changeset" date="2025-06-29T16:50:41.114" >
        <step title="Executing external process" date="2025-06-29T16:50:42.284" type="process" path="git" arguments="checkout master --force" /><!-- duration: 288ms -->
      </step><!-- duration: 1460ms -->
      <step title="Updating submodules" date="2025-06-29T16:50:42.578" /><!-- duration: 126ms -->
      <step title="Determining deployment builder" date="2025-06-29T16:50:42.967" >
        <step title="Builder is OryxBuilder" date="2025-06-29T16:50:43.000" /><!-- duration: 3ms -->
      </step><!-- duration: 45ms -->
      <step title="PreDeployment: context.CleanOutputPath False" date="2025-06-29T16:50:43.073" >
        <step title="PreDeployment: context.OutputPath /home/site/wwwroot" date="2025-06-29T16:50:43.171" >
          <step title="Building" date="2025-06-29T16:50:43.261" >
            <step title="Executing external process" date="2025-06-29T16:50:43.540" type="process" path="bash" arguments="-c &quot;oryx build /home/site/repository -o /home/site/wwwroot --platform python --platform-version 3.9 -p virtualenv_name=antenv --log-file /tmp/build-debug.log  -i /tmp/8ddb72d163136d3 --compress-destination-dir | tee /tmp/oryx-build.log ; exit $PIPESTATUS &quot;" /><!-- duration: 50109ms -->
            <step title="Using PythonDeploymentLogParser" date="2025-06-29T16:51:34.034" /><!-- duration: 8ms -->
            <step title="Triggering recycle (preview mode disabled)." date="2025-06-29T16:51:34.890" /><!-- duration: 6ms -->
            <step title="Modified file to trigger a restart of the app container." date="2025-06-29T16:51:34.918" /><!-- duration: 2ms -->
            <step title="Skip function trigger and logicapp sync because function is not enabled." date="2025-06-29T16:51:34.946" /><!-- duration: 3ms -->
            <step title="Purge deployment items" date="2025-06-29T16:51:35.758" >
              <step title="Remove 1621e5076, Success, received at 06/28/2025 06:45:44" date="2025-06-29T16:51:35.796" /><!-- duration: 3ms -->
            </step><!-- duration: 43ms -->
          </step><!-- duration: 52579ms -->
        </step><!-- duration: 52672ms -->
        <step title="Cleaning up temp files" date="2025-06-29T16:51:35.847" /><!-- duration: 1812ms -->
        <step title="Cleaning up temp files" date="2025-06-29T16:51:37.664" /><!-- duration: 515ms -->
        <step title="Reloading status file with latest updates" date="2025-06-29T16:51:38.207" >
          <step title="WebHooksManager.PublishEventAsync: PostDeployment" date="2025-06-29T16:51:38.218" /><!-- duration: 152ms -->
        </step><!-- duration: 170ms -->
        <step title="Executing external process" date="2025-06-29T16:51:38.413" type="process" path="git" arguments="log -n 1 master --" /><!-- duration: 135ms -->
      </step><!-- duration: 55478ms -->
      <step title="Perform deploy exiting successfully" date="2025-06-29T16:51:38.556" 