<step title="Incoming Request" date="2025-07-21T04:26:15.031" instance="831bc3" url="/ai-learning-tracker-bharath.git/git-receive-pack" method="POST" type="request" pid="807,1,39" Accept="application/x-git-receive-pack-result" Host="ai-learning-tracker-bharath.scm.azurewebsites.net" User-Agent="git/2.50.1.windows.1" Accept-Encoding="deflate, gzip, br, zstd" Authorization="Bas..." Content-Type="application/x-git-receive-pack-request" Content-Length="636" X-ARR-LOG-ID="9bcf3a14-dc6c-4a9f-9d3f-1a1b4aa6e235" CLIENT-IP="122.177.245.132:1681" X-SITE-DEPLOYMENT-ID="ai-learning-tracker-bharath" WAS-DEFAULT-HOSTNAME="ai-learning-tracker-bharath.scm.azurewebsites.net" X-Forwarded-Proto="https" X-AppService-Proto="https" X-Forwarded-TlsVersion="1.3" X-WAWS-Unencoded-URL="/ai-learning-tracker-bharath.git/git-receive-pack" X-Client-IP="122.177.245.132" X-Client-Port="1681" >
  <step title="RpcService.ReceivePack" date="2025-07-21T04:26:15.042" >
    <step title="Executing external process" date="2025-07-21T04:26:15.056" type="process" path="git" arguments="rev-parse --git-dir" /><!-- duration: 29ms -->
    <step title="Assuming git repository at /home/site/repository" date="2025-07-21T04:26:15.087" /><!-- duration: 2ms -->
    <step title="Acquiring Deployment Lock" date="2025-07-21T04:26:15.099" /><!-- duration: 3ms -->
    <step title="Acquired Deployment Lock" date="2025-07-21T04:26:15.132" /><!-- duration: 3ms -->
    <step title="Creating temporary deployment" date="2025-07-21T04:26:15.142" /><!-- duration: 71ms -->
    <step title="GitExeServer.Receive" date="2025-07-21T04:26:15.220" >
      <step title="Executing external process" date="2025-07-21T04:26:15.223" type="process" path="git" arguments="receive-pack --stateless-rpc &quot;/home/site/repository&quot;" /><!-- duration: 239694ms -->
    </step><!-- duration: 239705ms -->
    <step title="Releasing Deployment Lock" date="2025-07-21T04:30:15.243" /><!-- duration: 71ms -->
  </step><!-- duration: 240401ms -->
  <step title="Outgoing response" date="2025-07-21T04:30:15.647" type="response" statusCode="200" statusText="OK" /><!-- duration: 81ms -->
</step><!-- duration: 240755ms -->
