<step title="Incoming Request" date="2025-06-27T23:29:30.927" instance="978831" url="/ai-learning-tracker-bharath.git/info/refs?service=git-upload-pack" method="GET" type="request" pid="807,1,71" Accept="*/*" Host="ai-learning-tracker-bharath.scm.azurewebsites.net" User-Agent="git/2.50.0.windows.1" Accept-Encoding="deflate, gzip, br, zstd" Authorization="Bas..." Pragma="no-cache" git-protocol="version=2" X-ARR-LOG-ID="244d0665-7c6a-4c8c-9eaa-da360b778006" CLIENT-IP="106.201.160.25:52884" X-SITE-DEPLOYMENT-ID="ai-learning-tracker-bharath" WAS-DEFAULT-HOSTNAME="ai-learning-tracker-bharath.scm.azurewebsites.net" X-Forwarded-Proto="https" X-AppService-Proto="https" X-Forwarded-TlsVersion="1.3" X-WAWS-Unencoded-URL="/ai-learning-tracker-bharath.git/info/refs?service=git-upload-pack" X-Client-IP="106.201.160.25" X-Client-Port="52884" >
  <step title="InfoRefsService.Execute" date="2025-06-27T23:29:32.150" >
    <step title="Executing external process" date="2025-06-27T23:29:32.166" type="process" path="git" arguments="rev-parse --git-dir" /><!-- duration: 205ms -->
    <step title="Assuming git repository at /home/site/repository" date="2025-06-27T23:29:32.379" /><!-- duration: 2ms -->
    <step title="InfoRefsService.SmartInfoRefs" date="2025-06-27T23:29:32.387" >
      <step title="Executing external process" date="2025-06-27T23:29:32.421" type="process" path="git" arguments="rev-parse --git-dir" /><!-- duration: 28ms -->
      <step title="Assuming git repository at /home/site/repository" date="2025-06-27T23:29:32.459" /><!-- duration: 2ms -->
      <step title="GitExeServer.AdvertiseUploadPack" date="2025-06-27T23:29:32.465" >
        <step title="Executing external process" date="2025-06-27T23:29:32.467" type="process" path="git" arguments="upload-pack --stateless-rpc --advertise-refs &quot;/home/site/repository&quot;" /><!-- duration: 189ms -->
      </step><!-- duration: 204ms -->
      <step title="Writing 351 bytes" date="2025-06-27T23:29:32.671" /><!-- duration: 2ms -->
    </step><!-- duration: 290ms -->
  </step><!-- duration: 529ms -->
  <step title="Outgoing response" date="2025-06-27T23:29:32.701" type="response" statusCode="200" statusText="OK" /><!-- duration: 8ms -->
</step><!-- duration: 1786ms -->
