<step title="Incoming Request" date="2025-07-19T09:57:59.753" instance="831bc3" url="/ai-learning-tracker-bharath.git/git-receive-pack" method="POST" type="request" pid="807,1,76" Accept="application/x-git-receive-pack-result" Host="ai-learning-tracker-bharath.scm.azurewebsites.net" User-Agent="git/2.50.1.windows.1" Accept-Encoding="deflate, gzip, br, zstd" Authorization="Bas..." Content-Type="application/x-git-receive-pack-request" Content-Length="1199" X-ARR-LOG-ID="6a40e632-7586-4c36-9c19-f7ccf329e04f" CLIENT-IP="122.177.246.142:26129" X-SITE-DEPLOYMENT-ID="ai-learning-tracker-bharath" WAS-DEFAULT-HOSTNAME="ai-learning-tracker-bharath.scm.azurewebsites.net" X-Forwarded-Proto="https" X-AppService-Proto="https" X-Forwarded-TlsVersion="1.3" X-WAWS-Unencoded-URL="/ai-learning-tracker-bharath.git/git-receive-pack" X-Client-IP="122.177.246.142" X-Client-Port="26129" >
  <step title="RpcService.ReceivePack" date="2025-07-19T09:57:59.837" >
    <step title="Executing external process" date="2025-07-19T09:57:59.874" type="process" path="git" arguments="rev-parse --git-dir" /><!-- duration: 23ms -->
    <step title="Assuming git repository at /home/site/repository" date="2025-07-19T09:57:59.899" /><!-- duration: 4ms -->
    <step title="Acquiring Deployment Lock" date="2025-07-19T09:57:59.912" /><!-- duration: 2ms -->
    <step title="Acquired Deployment Lock" date="2025-07-19T09:57:59.977" /><!-- duration: 2ms -->
    <step title="Creating temporary deployment" date="2025-07-19T09:57:59.982" /><!-- duration: 105ms -->
    <step title="GitExeServer.Receive" date="2025-07-19T09:58:00.096" >
      <step title="Executing external process" date="2025-07-19T09:58:00.098" type="process" path="git" arguments="receive-pack --stateless-rpc &quot;/home/site/repository&quot;" /><!-- duration: 90073ms -->
    </step><!-- duration: 90082ms -->
    <step title="Releasing Deployment Lock" date="2025-07-19T09:59:30.296" /><!-- duration: 9ms -->
  </step><!-- duration: 90480ms -->
  <step title="Outgoing response" date="2025-07-19T09:59:30.345" type="response" statusCode="200" statusText="OK" /><!-- duration: 3ms -->
</step><!-- duration: 90596ms -->
