<step title="Incoming Request" date="2025-06-29T11:01:54.046" instance="978831" url="/ai-learning-tracker-bharath.git/info/refs?service=git-receive-pack" method="GET" type="request" pid="807,1,7" Accept="*/*" Host="ai-learning-tracker-bharath.scm.azurewebsites.net" User-Agent="git/2.50.0.windows.1" Accept-Encoding="deflate, gzip, br, zstd" Authorization="Bas..." Pragma="no-cache" X-ARR-LOG-ID="c9656b24-4fa4-4b5d-a1f9-a4c1c125e153" CLIENT-IP="106.201.160.25:53910" X-SITE-DEPLOYMENT-ID="ai-learning-tracker-bharath" WAS-DEFAULT-HOSTNAME="ai-learning-tracker-bharath.scm.azurewebsites.net" X-Forwarded-Proto="https" X-AppService-Proto="https" X-Forwarded-TlsVersion="1.3" X-WAWS-Unencoded-URL="/ai-learning-tracker-bharath.git/info/refs?service=git-receive-pack" X-Client-IP="106.201.160.25" X-Client-Port="53910" >
  <step title="Cleanup Xml Logs" date="2025-06-29T11:01:54.085" /><!-- duration: 66ms -->
  <step title="InfoRefsService.Execute" date="2025-06-29T11:01:54.426" >
    <step title="Executing external process" date="2025-06-29T11:01:54.454" type="process" path="git" arguments="rev-parse --git-dir" /><!-- duration: 116ms -->
    <step title="Assuming git repository at /home/site/repository" date="2025-06-29T11:01:54.578" /><!-- duration: 2ms -->
    <step title="InfoRefsService.SmartInfoRefs" date="2025-06-29T11:01:54.599" >
      <step title="Executing external process" date="2025-06-29T11:01:54.637" type="process" path="git" arguments="rev-parse --git-dir" /><!-- duration: 40ms -->
      <step title="Assuming git repository at /home/site/repository" date="2025-06-29T11:01:54.685" /><!-- duration: 3ms -->
      <step title="GitExeServer.AdvertiseReceivePack" date="2025-06-29T11:01:54.692" >
        <step title="Executing external process" date="2025-06-29T11:01:54.695" type="process" path="git" arguments="receive-pack --stateless-rpc --advertise-refs &quot;/home/site/repository&quot;" /><!-- duration: 74ms -->
      </step><!-- duration: 79ms -->
      <step title="Writing 182 bytes" date="2025-06-29T11:01:54.774" /><!-- duration: 2ms -->
    </step><!-- duration: 181ms -->
  </step><!-- duration: 356ms -->
  <step title="Outgoing response" date="2025-06-29T11:01:54.791" type="response" statusCode="200" statusText="OK" /><!-- duration: 2ms -->
</step><!-- duration: 749ms -->
