<step title="Incoming Request" date="2025-06-28T13:03:15.933" instance="978831" url="/ai-learning-tracker-bharath.git/info/refs?service=git-upload-pack" method="GET" type="request" pid="807,1,49" Accept="*/*" Host="ai-learning-tracker-bharath.scm.azurewebsites.net" User-Agent="git/2.50.0.windows.1" Accept-Encoding="deflate, gzip, br, zstd" Authorization="Bas..." Pragma="no-cache" git-protocol="version=2" X-ARR-LOG-ID="1112568c-5fa5-4161-81da-55f5cda0b1cc" CLIENT-IP="106.201.160.25:51153" X-SITE-DEPLOYMENT-ID="ai-learning-tracker-bharath" WAS-DEFAULT-HOSTNAME="ai-learning-tracker-bharath.scm.azurewebsites.net" X-Forwarded-Proto="https" X-AppService-Proto="https" X-Forwarded-TlsVersion="1.3" X-WAWS-Unencoded-URL="/ai-learning-tracker-bharath.git/info/refs?service=git-upload-pack" X-Client-IP="106.201.160.25" X-Client-Port="51153" >
  <step title="Cleanup Xml Logs" date="2025-06-28T13:03:15.946" /><!-- duration: 18ms -->
  <step title="InfoRefsService.Execute" date="2025-06-28T13:03:16.244" >
    <step title="Executing external process" date="2025-06-28T13:03:16.269" type="process" path="git" arguments="rev-parse --git-dir" /><!-- duration: 115ms -->
    <step title="Assuming git repository at /home/site/repository" date="2025-06-28T13:03:16.390" /><!-- duration: 1ms -->
    <step title="InfoRefsService.SmartInfoRefs" date="2025-06-28T13:03:16.395" >
      <step title="Executing external process" date="2025-06-28T13:03:16.406" type="process" path="git" arguments="rev-parse --git-dir" /><!-- duration: 22ms -->
      <step title="Assuming git repository at /home/site/repository" date="2025-06-28T13:03:16.432" /><!-- duration: 4ms -->
      <step title="GitExeServer.AdvertiseUploadPack" date="2025-06-28T13:03:16.441" >
        <step title="Executing external process" date="2025-06-28T13:03:16.443" type="process" path="git" arguments="upload-pack --stateless-rpc --advertise-refs &quot;/home/site/repository&quot;" /><!-- duration: 59ms -->
      </step><!-- duration: 63ms -->
      <step title="Writing 351 bytes" date="2025-06-28T13:03:16.509" /><!-- duration: 2ms -->
    </step><!-- duration: 122ms -->
  </step><!-- duration: 274ms -->
  <step title="Outgoing response" date="2025-06-28T13:03:16.537" type="response" statusCode="200" statusText="OK" /><!-- duration: 17ms -->
</step><!-- duration: 622ms -->
