<step title="Incoming Request" date="2025-07-01T18:09:09.755" instance="978831" url="/ai-learning-tracker-bharath.git/git-receive-pack" method="POST" type="request" pid="807,1,62" Accept="application/x-git-receive-pack-result" Host="ai-learning-tracker-bharath.scm.azurewebsites.net" User-Agent="git/2.50.0.windows.1" Accept-Encoding="deflate, gzip, br, zstd" Authorization="Bas..." Content-Type="application/x-git-receive-pack-request" Content-Length="203" X-ARR-LOG-ID="ddbb17ad-f8d6-45a0-9167-3c47ef828f27" CLIENT-IP="122.174.71.5:51725" X-SITE-DEPLOYMENT-ID="ai-learning-tracker-bharath" WAS-DEFAULT-HOSTNAME="ai-learning-tracker-bharath.scm.azurewebsites.net" X-Forwarded-Proto="https" X-AppService-Proto="https" X-Forwarded-TlsVersion="1.3" X-WAWS-Unencoded-URL="/ai-learning-tracker-bharath.git/git-receive-pack" X-Client-IP="122.174.71.5" X-Client-Port="51725" >
  <step title="RpcService.ReceivePack" date="2025-07-01T18:09:09.770" >
    <step title="Executing external process" date="2025-07-01T18:09:09.777" type="process" path="git" arguments="rev-parse --git-dir" /><!-- duration: 23ms -->
    <step title="Assuming git repository at /home/site/repository" date="2025-07-01T18:09:09.802" /><!-- duration: 2ms -->
    <step title="Acquiring Deployment Lock" date="2025-07-01T18:09:09.809" /><!-- duration: 1ms -->
    <step title="Acquired Deployment Lock" date="2025-07-01T18:09:09.832" /><!-- duration: 2ms -->
    <step title="Creating temporary deployment" date="2025-07-01T18:09:09.836" /><!-- duration: 62ms -->
    <step title="GitExeServer.Receive" date="2025-07-01T18:09:09.901" >
      <step title="Executing external process" date="2025-07-01T18:09:09.903" type="process" path="git" arguments="receive-pack --stateless-rpc &quot;/home/site/repository&quot;" /><!-- duration: 73668ms -->
    </step><!-- duration: 73718ms -->
    <step title="Releasing Deployment Lock" date="2025-07-01T18:10:24.405" /><!-- duration: 5ms -->
  </step><!-- duration: 74649ms -->
  <step title="Outgoing response" date="2025-07-01T18:10:24.465" type="response" statusCode="200" statusText="OK" /><!-- duration: 3ms -->
</step><!-- duration: 74716ms -->
