<step title="Executing external process" date="2025-07-21T06:14:16.969" instance="831bc3" type="process" path="kudu.exe" arguments="/home/site /opt/Kudu/msbuild" >
  <step title="Cleanup Xml Logs" date="2025-07-21T06:14:16.987" >
    <step title="Cleanup Infos" date="2025-07-21T06:14:17.003" totalFiles="303" totalCleanup="143" /><!-- duration: 8ms -->
  </step><!-- duration: 33ms -->
  <step title="Deployment timer started" date="2025-07-21T06:14:17.060" >
    <step title="Executing external process" date="2025-07-21T06:14:17.087" type="process" path="git" arguments="log -n 1 master --" /><!-- duration: 143ms -->
    <step title="DeploymentManager.Deploy(id:74f91a886e342fc65bf0b2741a404f81efaeca4a)" date="2025-07-21T06:14:17.249" >
      <step title="Collecting changeset information" date="2025-07-21T06:14:17.308" /><!-- duration: 331ms -->
      <step title="Updating to specific changeset" date="2025-07-21T06:14:17.646" >
        <step title="Executing external process" date="2025-07-21T06:14:18.832" type="process" path="git" arguments="checkout master --force" /><!-- duration: 7783ms -->
      </step><!-- duration: 8976ms -->
      <step title="Updating submodules" date="2025-07-21T06:14:26.628" /><!-- duration: 171ms -->
      <step title="Determining deployment builder" date="2025-07-21T06:14:27.131" >
        <step title="Builder is OryxBuilder" date="2025-07-21T06:14:27.158" /><!-- duration: 6ms -->
      </step><!-- duration: 43ms -->
      <step title="PreDeployment: context.CleanOutputPath False" date="2025-07-21T06:14:27.223" >
        <step title="PreDeployment: context.OutputPath /home/site/wwwroot" date="2025-07-21T06:14:27.373" >
          <step title="Building" date="2025-07-21T06:14:27.499" >
            <step title="Executing external process" date="2025-07-21T06:14:27.891" type="process" path="bash" arguments="-c &quot;oryx build /home/site/repository -o /home/site/wwwroot --platform python --platform-version 3.9 -p virtualenv_name=antenv --log-file /tmp/build-debug.log  -i /tmp/8ddc81dd8b42f1c --compress-destination-dir | tee /tmp/oryx-build.log ; exit $PIPESTATUS &quot;" >
              <step title="Error occurred" date="2025-07-21T06:16:11.298" type="error" text="GetParentProcessLinux (2262) failed.: Could not find a part of the path &apos;/proc/2262/stat&apos;." stackTrace="   at Interop.ThrowExceptionForIoErrno(ErrorInfo errorInfo, String path, Boolean isDirError)
   at Microsoft.Win32.SafeHandles.SafeFileHandle.Open(String fullPath, FileMode mode, FileAccess access, FileShare share, FileOptions options, Int64 preallocationSize, UnixFileMode openPermissions, Int64&amp; fileLength, UnixFileMode&amp; filePermissions, Boolean failForSymlink, Boolean&amp; wasSymlink, Func`4 createOpenException)
   at System.IO.Strategies.OSFileStreamStrategy..ctor(String path, FileMode mode, FileAccess access, FileShare share, FileOptions options, Int64 preallocationSize, Nullable`1 unixCreateMode)
   at System.IO.StreamReader.ValidateArgsAndOpenPath(String path, Encoding encoding, Int32 bufferSize)
   at System.IO.File.ReadLines(String path)
   at Kudu.Core.Infrastructure.ProcessExtensions.GetParentProcessLinux(Process process, ITracer tracer) in /tmp/KuduLite/Kudu.Core/Infrastructure/ProcessExtensions.cs:line 155" /><!-- duration: 19ms -->
              <step title="Cpu: python(2236,42.100s)+ts(2237,0.100s)+build.sh(2235,0.000s)+build.sh(2234,0.000s)+build.sh(2152,0.020s)+oryx(2129,4.800s)+tee(2130,0.000s)+bash(2128,0.010s)=total(47.020s)" date="2025-07-21T06:16:11.490" /><!-- duration: 9ms -->
              <step title="bash: no io activity for 61s, prev-cpu=-1.000s, current-cpu=47.020s" date="2025-07-21T06:16:11.509" /><!-- duration: 20ms -->
              <step title="Cpu: gzip(2293,17.190s)+sh(2292,0.000s)+tar(2291,1.630s)+build.sh(2152,0.030s)+oryx(2129,5.180s)+tee(2130,0.000s)+bash(2128,0.010s)=total(24.040s)" date="2025-07-21T06:17:53.816" /><!-- duration: 68ms -->
              <step title="bash: no io activity for 61s, prev-cpu=-1.000s, current-cpu=24.040s" date="2025-07-21T06:17:53.974" /><!-- duration: 19ms -->
            </step><!-- duration: 239371ms -->
            <step title="Using PythonDeploymentLogParser" date="2025-07-21T06:18:27.790" /><!-- duration: 4ms -->
            <step title="Triggering recycle (preview mode disabled)." date="2025-07-21T06:18:29.002" /><!-- duration: 20ms -->
            <step title="Modified file to trigger a restart of the app container." date="2025-07-21T06:18:29.064" /><!-- duration: 18ms -->
            <step title="Skip function trigger and logicapp sync because function is not enabled." date="2025-07-21T06:18:29.151" /><!-- duration: 4ms -->
            <step title="Purge deployment items" date="2025-07-21T06:18:30.278" >
              <step title="Remove cbe497cff, Success, received at 07/19/2025 19:17:31" date="2025-07-21T06:18:30.331" /><!-- duration: 3ms -->
            </step><!-- duration: 62ms -->
          </step><!-- duration: 242908ms -->
        </step><!-- duration: 243038ms -->
        <step title="Cleaning up temp files" date="2025-07-21T06:18:30.413" /><!-- duration: 1686ms -->
        <step title="Cleaning up temp files" date="2025-07-21T06:18:32.106" /><!-- duration: 515ms -->
        <step title="Reloading status file with latest updates" date="2025-07-21T06:18:32.660" >
          <step title="WebHooksManager.PublishEventAsync: PostDeployment" date="2025-07-21T06:18:32.678" /><!-- duration: 134ms -->
        </step><!-- duration: 156ms -->
        <step title="Executing external process" date="2025-07-21T06:18:32.835" type="process" path="git" arguments="log -n 1 master --" /><!-- duration: 91ms -->
      </step><!-- duration: 245707ms -->
      <step title="Perform deploy exiting successfully" date="2025-07-21T06:18:32.935" 