<step title="Incoming Request" date="2025-07-25T08:49:30.213" instance="831bc3" url="/ai-learning-tracker-bharath.git/git-receive-pack" method="POST" type="request" pid="803,1,83" Accept="application/x-git-receive-pack-result" Host="ai-learning-tracker-bharath.scm.azurewebsites.net" User-Agent="git/2.50.1.windows.1" Accept-Encoding="deflate, gzip, br, zstd" Authorization="Bas..." Content-Type="application/x-git-receive-pack-request" Content-Length="34944" X-ARR-LOG-ID="2d6c6bb6-d181-4d55-ae0e-8b0a475927e4" CLIENT-IP="122.177.246.54:2436" X-SITE-DEPLOYMENT-ID="ai-learning-tracker-bharath" WAS-DEFAULT-HOSTNAME="ai-learning-tracker-bharath.scm.azurewebsites.net" X-Forwarded-Proto="https" X-AppService-Proto="https" X-Forwarded-TlsVersion="1.3" X-WAWS-Unencoded-URL="/ai-learning-tracker-bharath.git/git-receive-pack" X-Client-IP="122.177.246.54" X-Client-Port="2436" >
  <step title="Cleanup Xml Logs" date="2025-07-25T08:49:30.225" >
    <step title="Cleanup Infos" date="2025-07-25T08:49:30.245" totalFiles="327" totalCleanup="167" /><!-- duration: 7ms -->
  </step><!-- duration: 32ms -->
  <step title="RpcService.ReceivePack" date="2025-07-25T08:49:30.437" >
    <step title="Executing external process" date="2025-07-25T08:49:30.466" type="process" path="git" arguments="rev-parse --git-dir" /><!-- duration: 29ms -->
    <step title="Assuming git repository at /home/site/repository" date="2025-07-25T08:49:30.498" /><!-- duration: 3ms -->
    <step title="Acquiring Deployment Lock" date="2025-07-25T08:49:30.510" /><!-- duration: 2ms -->
    <step title="Acquired Deployment Lock" date="2025-07-25T08:49:30.581" /><!-- duration: 4ms -->
    <step title="Creating temporary deployment" date="2025-07-25T08:49:30.593" /><!-- duration: 159ms -->
    <step title="GitExeServer.Receive" date="2025-07-25T08:49:30.754" >
      <step title="Executing external process" date="2025-07-25T08:49:30.892" type="process" path="git" arguments="receive-pack --stateless-rpc &quot;/home/site/repository&quot;" /><!-- duration: 261790ms -->
    </step><!-- duration: 261951ms -->
    <step title="Releasing Deployment Lock" date="2025-07-25T08:53:53.136" /><!-- duration: 28ms -->
  </step><!-- duration: 262785ms -->
  <step title="Outgoing response" date="2025-07-25T08:53:53.289" type="response" statusCode="200" statusText="OK" /><!-- duration: 29ms -->
</step><!-- duration: 263114ms -->
