<step title="Incoming Request" date="2025-06-30T18:05:03.859" instance="978831" url="/ai-learning-tracker-bharath.git/info/refs?service=git-receive-pack" method="GET" type="request" pid="807,1,61" Accept="*/*" Host="ai-learning-tracker-bharath.scm.azurewebsites.net" User-Agent="git/2.50.0.windows.1" Accept-Encoding="deflate, gzip, br, zstd" Authorization="Bas..." Pragma="no-cache" X-ARR-LOG-ID="9ca99087-7660-49c2-8391-3a8374256c2d" CLIENT-IP="106.201.160.25:58491" X-SITE-DEPLOYMENT-ID="ai-learning-tracker-bharath" WAS-DEFAULT-HOSTNAME="ai-learning-tracker-bharath.scm.azurewebsites.net" X-Forwarded-Proto="https" X-AppService-Proto="https" X-Forwarded-TlsVersion="1.3" X-WAWS-Unencoded-URL="/ai-learning-tracker-bharath.git/info/refs?service=git-receive-pack" X-Client-IP="106.201.160.25" X-Client-Port="58491" >
  <step title="Cleanup Xml Logs" date="2025-06-30T18:05:03.882" /><!-- duration: 25ms -->
  <step title="InfoRefsService.Execute" date="2025-06-30T18:05:04.083" >
    <step title="Executing external process" date="2025-06-30T18:05:04.127" type="process" path="git" arguments="rev-parse --git-dir" /><!-- duration: 79ms -->
    <step title="Assuming git repository at /home/site/repository" date="2025-06-30T18:05:04.211" /><!-- duration: 2ms -->
    <step title="InfoRefsService.SmartInfoRefs" date="2025-06-30T18:05:04.223" >
      <step title="Executing external process" date="2025-06-30T18:05:04.241" type="process" path="git" arguments="rev-parse --git-dir" /><!-- duration: 45ms -->
      <step title="Assuming git repository at /home/site/repository" date="2025-06-30T18:05:04.289" /><!-- duration: 3ms -->
      <step title="GitExeServer.AdvertiseReceivePack" date="2025-06-30T18:05:04.300" >
        <step title="Executing external process" date="2025-06-30T18:05:04.303" type="process" path="git" arguments="receive-pack --stateless-rpc --advertise-refs &quot;/home/site/repository&quot;" /><!-- duration: 52ms -->
      </step><!-- duration: 57ms -->
      <step title="Writing 182 bytes" date="2025-06-30T18:05:04.361" /><!-- duration: 2ms -->
    </step><!-- duration: 154ms -->
  </step><!-- duration: 296ms -->
  <step title="Outgoing response" date="2025-06-30T18:05:04.403" type="response" statusCode="200" statusText="OK" /><!-- duration: 2ms -->
</step><!-- duration: 548ms -->
