<step title="Incoming Request" date="2025-06-30T19:12:00.939" instance="978831" url="/ai-learning-tracker-bharath.git/info/refs?service=git-receive-pack" method="GET" type="request" pid="807,1,81" Accept="*/*" Host="ai-learning-tracker-bharath.scm.azurewebsites.net" User-Agent="git/2.50.0.windows.1" Accept-Encoding="deflate, gzip, br, zstd" Authorization="Bas..." Pragma="no-cache" X-ARR-LOG-ID="c1c1fff1-41e1-4b97-a5ee-67ccb7980391" CLIENT-IP="106.201.160.25:61954" X-SITE-DEPLOYMENT-ID="ai-learning-tracker-bharath" WAS-DEFAULT-HOSTNAME="ai-learning-tracker-bharath.scm.azurewebsites.net" X-Forwarded-Proto="https" X-AppService-Proto="https" X-Forwarded-TlsVersion="1.3" X-WAWS-Unencoded-URL="/ai-learning-tracker-bharath.git/info/refs?service=git-receive-pack" X-Client-IP="106.201.160.25" X-Client-Port="61954" >
  <step title="Cleanup Xml Logs" date="2025-06-30T19:12:00.947" /><!-- duration: 8ms -->
  <step title="InfoRefsService.Execute" date="2025-06-30T19:12:00.977" >
    <step title="Executing external process" date="2025-06-30T19:12:00.989" type="process" path="git" arguments="rev-parse --git-dir" /><!-- duration: 35ms -->
    <step title="Assuming git repository at /home/site/repository" date="2025-06-30T19:12:01.030" /><!-- duration: 2ms -->
    <step title="InfoRefsService.SmartInfoRefs" date="2025-06-30T19:12:01.036" >
      <step title="Executing external process" date="2025-06-30T19:12:01.046" type="process" path="git" arguments="rev-parse --git-dir" /><!-- duration: 44ms -->
      <step title="Assuming git repository at /home/site/repository" date="2025-06-30T19:12:01.092" /><!-- duration: 9ms -->
      <step title="GitExeServer.AdvertiseReceivePack" date="2025-06-30T19:12:01.112" >
        <step title="Executing external process" date="2025-06-30T19:12:01.118" type="process" path="git" arguments="receive-pack --stateless-rpc --advertise-refs &quot;/home/site/repository&quot;" /><!-- duration: 78ms -->
      </step><!-- duration: 87ms -->
      <step title="Writing 182 bytes" date="2025-06-30T19:12:01.204" /><!-- duration: 2ms -->
    </step><!-- duration: 180ms -->
  </step><!-- duration: 241ms -->
  <step title="Outgoing response" date="2025-06-30T19:12:01.227" type="response" statusCode="200" statusText="OK" /><!-- duration: 10ms -->
</step><!-- duration: 305ms -->
