<step title="Incoming Request" date="2025-07-21T05:54:05.432" instance="831bc3" url="/ai-learning-tracker-bharath.git/git-receive-pack" method="POST" type="request" pid="803,1,34" Accept="application/x-git-receive-pack-result" Host="ai-learning-tracker-bharath.scm.azurewebsites.net" User-Agent="git/2.50.1.windows.1" Accept-Encoding="deflate, gzip, br, zstd" Authorization="Bas..." Content-Type="application/x-git-receive-pack-request" Content-Length="1098" X-ARR-LOG-ID="f44ab9a0-757a-483d-b92a-84d4b6787d6d" CLIENT-IP="223.228.112.97:33036" X-SITE-DEPLOYMENT-ID="ai-learning-tracker-bharath" WAS-DEFAULT-HOSTNAME="ai-learning-tracker-bharath.scm.azurewebsites.net" X-Forwarded-Proto="https" X-AppService-Proto="https" X-Forwarded-TlsVersion="1.3" X-WAWS-Unencoded-URL="/ai-learning-tracker-bharath.git/git-receive-pack" X-Client-IP="223.228.112.97" X-Client-Port="33036" >
  <step title="RpcService.ReceivePack" date="2025-07-21T05:54:05.468" >
    <step title="Executing external process" date="2025-07-21T05:54:05.478" type="process" path="git" arguments="rev-parse --git-dir" /><!-- duration: 25ms -->
    <step title="Assuming git repository at /home/site/repository" date="2025-07-21T05:54:05.505" /><!-- duration: 3ms -->
    <step title="Acquiring Deployment Lock" date="2025-07-21T05:54:05.513" /><!-- duration: 2ms -->
    <step title="Acquired Deployment Lock" date="2025-07-21T05:54:05.625" /><!-- duration: 2ms -->
    <step title="Creating temporary deployment" date="2025-07-21T05:54:05.632" /><!-- duration: 82ms -->
    <step title="GitExeServer.Receive" date="2025-07-21T05:54:05.717" >
      <step title="Executing external process" date="2025-07-21T05:54:05.720" type="process" path="git" arguments="receive-pack --stateless-rpc &quot;/home/site/repository&quot;" /><!-- duration: 253399ms -->
    </step><!-- duration: 253422ms -->
    <step title="Releasing Deployment Lock" date="2025-07-21T05:58:19.591" /><!-- duration: 41ms -->
  </step><!-- duration: 254224ms -->
  <step title="Outgoing response" date="2025-07-21T05:58:19.905" type="response" statusCode="200" statusText="OK" /><!-- duration: 101ms -->
</step><!-- duration: 254591ms -->
