<step title="Incoming Request" date="2025-07-19T18:17:27.086" instance="831bc3" url="/ai-learning-tracker-bharath.git/info/refs?service=git-receive-pack" method="GET" type="request" pid="807,1,71" Accept="*/*" Host="ai-learning-tracker-bharath.scm.azurewebsites.net" User-Agent="git/2.50.1.windows.1" Accept-Encoding="deflate, gzip, br, zstd" Authorization="Bas..." Pragma="no-cache" X-ARR-LOG-ID="d84009da-e389-46e8-b6f2-52b16de163b9" CLIENT-IP="122.177.246.142:12247" X-SITE-DEPLOYMENT-ID="ai-learning-tracker-bharath" WAS-DEFAULT-HOSTNAME="ai-learning-tracker-bharath.scm.azurewebsites.net" X-Forwarded-Proto="https" X-AppService-Proto="https" X-Forwarded-TlsVersion="1.3" X-WAWS-Unencoded-URL="/ai-learning-tracker-bharath.git/info/refs?service=git-receive-pack" X-Client-IP="122.177.246.142" X-Client-Port="12247" >
  <step title="Cleanup Xml Logs" date="2025-07-19T18:17:27.105" >
    <step title="Cleanup Infos" date="2025-07-19T18:17:27.139" totalFiles="259" totalCleanup="99" /><!-- duration: 21ms -->
  </step><!-- duration: 62ms -->
  <step title="InfoRefsService.Execute" date="2025-07-19T18:17:27.790" >
    <step title="Executing external process" date="2025-07-19T18:17:27.860" type="process" path="git" arguments="rev-parse --git-dir" /><!-- duration: 129ms -->
    <step title="Assuming git repository at /home/site/repository" date="2025-07-19T18:17:27.995" /><!-- duration: 1ms -->
    <step title="InfoRefsService.SmartInfoRefs" date="2025-07-19T18:17:28.006" >
      <step title="Executing external process" date="2025-07-19T18:17:28.013" type="process" path="git" arguments="rev-parse --git-dir" /><!-- duration: 33ms -->
      <step title="Assuming git repository at /home/site/repository" date="2025-07-19T18:17:28.051" /><!-- duration: 1ms -->
      <step title="GitExeServer.AdvertiseReceivePack" date="2025-07-19T18:17:28.056" >
        <step title="Executing external process" date="2025-07-19T18:17:28.064" type="process" path="git" arguments="receive-pack --stateless-rpc --advertise-refs &quot;/home/site/repository&quot;" /><!-- duration: 67ms -->
      </step><!-- duration: 80ms -->
      <step title="Writing 182 bytes" date="2025-07-19T18:17:28.141" /><!-- duration: 2ms -->
    </step><!-- duration: 144ms -->
  </step><!-- duration: 362ms -->
  <step title="Outgoing response" date="2025-07-19T18:17:28.173" type="response" statusCode="200" statusText="OK" /><!-- duration: 7ms -->
</step><!-- duration: 1096ms -->
