<step title="Executing external process" date="2025-07-01T19:29:33.991" instance="978831" type="process" path="kudu.exe" arguments="/home/site /opt/Kudu/msbuild" >
  <step title="Cleanup Xml Logs" date="2025-07-01T19:29:34.021" /><!-- duration: 11ms -->
  <step title="Deployment timer started" date="2025-07-01T19:29:34.119" >
    <step title="Executing external process" date="2025-07-01T19:29:34.150" type="process" path="git" arguments="log -n 1 master --" /><!-- duration: 144ms -->
    <step title="DeploymentManager.Deploy(id:164d810944cc3e89ae04e2fb520a2891cc8de3ac)" date="2025-07-01T19:29:34.312" >
      <step title="Collecting changeset information" date="2025-07-01T19:29:34.337" /><!-- duration: 258ms -->
      <step title="Updating to specific changeset" date="2025-07-01T19:29:34.602" >
        <step title="Executing external process" date="2025-07-01T19:29:35.958" type="process" path="git" arguments="checkout master --force" /><!-- duration: 3640ms -->
      </step><!-- duration: 5002ms -->
      <step title="Updating submodules" date="2025-07-01T19:29:39.608" /><!-- duration: 148ms -->
      <step title="Determining deployment builder" date="2025-07-01T19:29:39.926" >
        <step title="Builder is OryxBuilder" date="2025-07-01T19:29:39.940" /><!-- duration: 3ms -->
      </step><!-- duration: 21ms -->
      <step title="PreDeployment: context.CleanOutputPath False" date="2025-07-01T19:29:39.983" >
        <step title="PreDeployment: context.OutputPath /home/site/wwwroot" date="2025-07-01T19:29:40.058" >
          <step title="Building" date="2025-07-01T19:29:40.143" >
            <step title="Executing external process" date="2025-07-01T19:29:40.448" type="process" path="bash" arguments="-c &quot;oryx build /home/site/repository -o /home/site/wwwroot --platform python --platform-version 3.9 -p virtualenv_name=antenv --log-file /tmp/build-debug.log  -i /tmp/8ddb8d59f78712b --compress-destination-dir | tee /tmp/oryx-build.log ; exit $PIPESTATUS &quot;" /><!-- duration: 78733ms -->
            <step title="Using PythonDeploymentLogParser" date="2025-07-01T19:30:59.568" /><!-- duration: 10ms -->
            <step title="Triggering recycle (preview mode disabled)." date="2025-07-01T19:31:00.512" /><!-- duration: 10ms -->
            <step title="Modified file to trigger a restart of the app container." date="2025-07-01T19:31:00.582" /><!-- duration: 10ms -->
            <step title="Skip function trigger and logicapp sync because function is not enabled." date="2025-07-01T19:31:00.612" /><!-- duration: 8ms -->
            <step title="Purge deployment items" date="2025-07-01T19:31:01.612" >
              <step title="Remove c20899b66, Failed, received at 07/01/2025 18:48:42" date="2025-07-01T19:31:01.652" /><!-- duration: 2ms -->
              <step title="Remove temp-8f06, Failed, received at 07/01/2025 18:48:24" date="2025-07-01T19:31:01.686" /><!-- duration: 4ms -->
              <step title="Remove ba2516ff1, Success, received at 06/30/2025 19:03:40" date="2025-07-01T19:31:01.725" /><!-- duration: 3ms -->
            </step><!-- duration: 119ms -->
          </step><!-- duration: 81630ms -->
        </step><!-- duration: 81718ms -->
        <step title="Cleaning up temp files" date="2025-07-01T19:31:01.779" /><!-- duration: 1916ms -->
        <step title="Cleaning up temp files" date="2025-07-01T19:31:03.703" /><!-- duration: 526ms -->
        <step title="Reloading status file with latest updates" date="2025-07-01T19:31:04.287" >
          <step title="WebHooksManager.PublishEventAsync: PostDeployment" date="2025-07-01T19:31:04.319" /><!-- duration: 794ms -->
        </step><!-- duration: 831ms -->
        <step title="Executing external process" date="2025-07-01T19:31:05.288" type="process" path="git" arguments="log -n 1 master --" /><!-- duration: 350ms -->
      </step><!-- duration: 85663ms -->
      <step title="Perform deploy exiting successfully" date="2025-07-01T19:31:05.678" 