<step title="Incoming Request" date="2025-07-05T06:35:08.621" instance="978831" url="/ai-learning-tracker-bharath.git/git-receive-pack" method="POST" type="request" pid="802,1,5" Accept="application/x-git-receive-pack-result" Host="ai-learning-tracker-bharath.scm.azurewebsites.net" User-Agent="git/2.50.0.windows.2" Accept-Encoding="deflate, gzip, br, zstd" Authorization="Bas..." Content-Type="application/x-git-receive-pack-request" Content-Length="582" X-ARR-LOG-ID="d29bc298-01d5-420d-87dd-b7329bb888fd" CLIENT-IP="136.185.80.59:53757" X-SITE-DEPLOYMENT-ID="ai-learning-tracker-bharath" WAS-DEFAULT-HOSTNAME="ai-learning-tracker-bharath.scm.azurewebsites.net" X-Forwarded-Proto="https" X-AppService-Proto="https" X-Forwarded-TlsVersion="1.3" X-WAWS-Unencoded-URL="/ai-learning-tracker-bharath.git/git-receive-pack" X-Client-IP="136.185.80.59" X-Client-Port="53757" >
  <step title="RpcService.ReceivePack" date="2025-07-05T06:35:08.642" >
    <step title="Executing external process" date="2025-07-05T06:35:08.648" type="process" path="git" arguments="rev-parse --git-dir" /><!-- duration: 26ms -->
    <step title="Assuming git repository at /home/site/repository" date="2025-07-05T06:35:08.676" /><!-- duration: 6ms -->
    <step title="Acquiring Deployment Lock" date="2025-07-05T06:35:08.686" /><!-- duration: 2ms -->
    <step title="Acquired Deployment Lock" date="2025-07-05T06:35:08.708" /><!-- duration: 2ms -->
    <step title="Creating temporary deployment" date="2025-07-05T06:35:08.712" /><!-- duration: 98ms -->
    <step title="GitExeServer.Receive" date="2025-07-05T06:35:08.813" >
      <step title="Executing external process" date="2025-07-05T06:35:08.815" type="process" path="git" arguments="receive-pack --stateless-rpc &quot;/home/site/repository&quot;" /><!-- duration: 69183ms -->
    </step><!-- duration: 69188ms -->
    <step title="Releasing Deployment Lock" date="2025-07-05T06:36:18.137" /><!-- duration: 8ms -->
  </step><!-- duration: 69510ms -->
  <step title="Outgoing response" date="2025-07-05T06:36:18.159" type="response" statusCode="200" statusText="OK" /><!-- duration: 2ms -->
</step><!-- duration: 69542ms -->
