<step title="Incoming Request" date="2025-07-21T05:00:53.095" instance="831bc3" url="/ai-learning-tracker-bharath.git/info/refs?service=git-receive-pack" method="GET" type="request" pid="807,1,27" Accept="*/*" Host="ai-learning-tracker-bharath.scm.azurewebsites.net" User-Agent="git/2.50.1.windows.1" Accept-Encoding="deflate, gzip, br, zstd" Authorization="Bas..." Pragma="no-cache" X-ARR-LOG-ID="60204044-0b05-465e-9918-9a54158f77f5" CLIENT-IP="223.228.112.97:41767" X-SITE-DEPLOYMENT-ID="ai-learning-tracker-bharath" WAS-DEFAULT-HOSTNAME="ai-learning-tracker-bharath.scm.azurewebsites.net" X-Forwarded-Proto="https" X-AppService-Proto="https" X-Forwarded-TlsVersion="1.3" X-WAWS-Unencoded-URL="/ai-learning-tracker-bharath.git/info/refs?service=git-receive-pack" X-Client-IP="223.228.112.97" X-Client-Port="41767" >
  <step title="Cleanup Xml Logs" date="2025-07-21T05:00:53.137" >
    <step title="Cleanup Infos" date="2025-07-21T05:00:53.163" totalFiles="287" totalCleanup="127" /><!-- duration: 11ms -->
  </step><!-- duration: 41ms -->
  <step title="InfoRefsService.Execute" date="2025-07-21T05:00:53.240" >
    <step title="Executing external process" date="2025-07-21T05:00:53.250" type="process" path="git" arguments="rev-parse --git-dir" /><!-- duration: 65ms -->
    <step title="Assuming git repository at /home/site/repository" date="2025-07-21T05:00:53.324" /><!-- duration: 2ms -->
    <step title="InfoRefsService.SmartInfoRefs" date="2025-07-21T05:00:53.330" >
      <step title="Executing external process" date="2025-07-21T05:00:53.340" type="process" path="git" arguments="rev-parse --git-dir" /><!-- duration: 48ms -->
      <step title="Assuming git repository at /home/site/repository" date="2025-07-21T05:00:53.391" /><!-- duration: 8ms -->
      <step title="GitExeServer.AdvertiseReceivePack" date="2025-07-21T05:00:53.409" >
        <step title="Executing external process" date="2025-07-21T05:00:53.436" type="process" path="git" arguments="receive-pack --stateless-rpc --advertise-refs &quot;/home/site/repository&quot;" /><!-- duration: 68ms -->
      </step><!-- duration: 100ms -->
      <step title="Writing 182 bytes" date="2025-07-21T05:00:53.512" /><!-- duration: 3ms -->
    </step><!-- duration: 192ms -->
  </step><!-- duration: 284ms -->
  <step title="Outgoing response" date="2025-07-21T05:00:53.895" type="response" statusCode="200" statusText="OK" /><!-- duration: 10ms -->
</step><!-- duration: 819ms -->
