<step title="Incoming Request" date="2025-06-30T13:37:10.970" instance="978831" url="/ai-learning-tracker-bharath.git/git-receive-pack" method="POST" type="request" pid="807,1,74" Accept="application/x-git-receive-pack-result" Host="ai-learning-tracker-bharath.scm.azurewebsites.net" User-Agent="git/2.50.0.windows.1" Accept-Encoding="deflate, gzip, br, zstd" Authorization="Bas..." Content-Type="application/x-git-receive-pack-request" Content-Length="48313" X-ARR-LOG-ID="97a44b9e-2880-4d9a-aefe-263173187733" CLIENT-IP="106.201.160.25:57307" X-SITE-DEPLOYMENT-ID="ai-learning-tracker-bharath" WAS-DEFAULT-HOSTNAME="ai-learning-tracker-bharath.scm.azurewebsites.net" X-Forwarded-Proto="https" X-AppService-Proto="https" X-Forwarded-TlsVersion="1.3" X-WAWS-Unencoded-URL="/ai-learning-tracker-bharath.git/git-receive-pack" X-Client-IP="106.201.160.25" X-Client-Port="57307" >
  <step title="RpcService.ReceivePack" date="2025-06-30T13:37:11.231" >
    <step title="Executing external process" date="2025-06-30T13:37:11.287" type="process" path="git" arguments="rev-parse --git-dir" /><!-- duration: 80ms -->
    <step title="Assuming git repository at /home/site/repository" date="2025-06-30T13:37:11.375" /><!-- duration: 9ms -->
    <step title="Acquiring Deployment Lock" date="2025-06-30T13:37:11.434" /><!-- duration: 18ms -->
    <step title="Acquired Deployment Lock" date="2025-06-30T13:37:11.613" /><!-- duration: 8ms -->
    <step title="Creating temporary deployment" date="2025-06-30T13:37:11.632" /><!-- duration: 539ms -->
    <step title="GitExeServer.Receive" date="2025-06-30T13:37:12.192" >
      <step title="Executing external process" date="2025-06-30T13:37:12.278" type="process" path="git" arguments="receive-pack --stateless-rpc &quot;/home/site/repository&quot;" /><!-- duration: 82964ms -->
    </step><!-- duration: 83126ms -->
    <step title="Releasing Deployment Lock" date="2025-06-30T13:38:35.578" /><!-- duration: 3ms -->
  </step><!-- duration: 84380ms -->
  <step title="Outgoing response" date="2025-06-30T13:38:35.630" type="response" statusCode="200" statusText="OK" /><!-- duration: 8ms -->
</step><!-- duration: 84677ms -->
