<step title="Executing external process" date="2025-07-19T05:25:19.100" instance="831bc3" type="process" path="kudu.exe" arguments="/home/site /opt/Kudu/msbuild" >
  <step title="Cleanup Xml Logs" date="2025-07-19T05:25:19.122" >
    <step title="Cleanup Infos" date="2025-07-19T05:25:19.142" totalFiles="226" totalCleanup="66" /><!-- duration: 7ms -->
  </step><!-- duration: 36ms -->
  <step title="Deployment timer started" date="2025-07-19T05:25:19.200" >
    <step title="Executing external process" date="2025-07-19T05:25:19.232" type="process" path="git" arguments="log -n 1 master --" /><!-- duration: 159ms -->
    <step title="DeploymentManager.Deploy(id:ae896c8ee4f978f83bb8ed86405c9fd887aa29db)" date="2025-07-19T05:25:19.411" >
      <step title="Collecting changeset information" date="2025-07-19T05:25:19.454" /><!-- duration: 335ms -->
      <step title="Updating to specific changeset" date="2025-07-19T05:25:19.801" >
        <step title="Executing external process" date="2025-07-19T05:25:20.997" type="process" path="git" arguments="checkout master --force" /><!-- duration: 763ms -->
      </step><!-- duration: 1962ms -->
      <step title="Updating submodules" date="2025-07-19T05:25:21.766" /><!-- duration: 126ms -->
      <step title="Determining deployment builder" date="2025-07-19T05:25:22.118" >
        <step title="Builder is OryxBuilder" date="2025-07-19T05:25:22.145" /><!-- duration: 5ms -->
      </step><!-- duration: 48ms -->
      <step title="PreDeployment: context.CleanOutputPath False" date="2025-07-19T05:25:22.208" >
        <step title="PreDeployment: context.OutputPath /home/site/wwwroot" date="2025-07-19T05:25:22.322" >
          <step title="Building" date="2025-07-19T05:25:22.523" >
            <step title="Executing external process" date="2025-07-19T05:25:22.894" type="process" path="bash" arguments="-c &quot;oryx build /home/site/repository -o /home/site/wwwroot --platform python --platform-version 3.9 -p virtualenv_name=antenv --log-file /tmp/build-debug.log  -i /tmp/8ddc684a8841fb8 --compress-destination-dir | tee /tmp/oryx-build.log ; exit $PIPESTATUS &quot;" /><!-- duration: 85581ms -->
            <step title="Using PythonDeploymentLogParser" date="2025-07-19T05:26:48.914" /><!-- duration: 8ms -->
            <step title="Triggering recycle (preview mode disabled)." date="2025-07-19T05:26:49.909" /><!-- duration: 9ms -->
            <step title="Modified file to trigger a restart of the app container." date="2025-07-19T05:26:49.938" /><!-- duration: 2ms -->
            <step title="Skip function trigger and logicapp sync because function is not enabled." date="2025-07-19T05:26:49.957" /><!-- duration: 2ms -->
            <step title="Purge deployment items" date="2025-07-19T05:26:50.949" >
              <step title="Remove abff74efc, Success, received at 07/18/2025 02:26:14" date="2025-07-19T05:26:50.988" /><!-- duration: 3ms -->
            </step><!-- duration: 47ms -->
          </step><!-- duration: 88533ms -->
        </step><!-- duration: 88737ms -->
        <step title="Cleaning up temp files" date="2025-07-19T05:26:51.061" /><!-- duration: 644ms -->
        <step title="Cleaning up temp files" date="2025-07-19T05:26:51.717" /><!-- duration: 523ms -->
        <step title="Reloading status file with latest updates" date="2025-07-19T05:26:52.280" >
          <step title="WebHooksManager.PublishEventAsync: PostDeployment" date="2025-07-19T05:26:52.310" /><!-- duration: 447ms -->
        </step><!-- duration: 487ms -->
        <step title="Executing external process" date="2025-07-19T05:26:52.826" type="process" path="git" arguments="log -n 1 master --" /><!-- duration: 172ms -->
      </step><!-- duration: 90798ms -->
      <step title="Perform deploy exiting successfully" date="2025-07-19T05:26:53.016" 