<step title="Executing external process" date="2025-07-19T10:35:28.317" instance="831bc3" type="process" path="kudu.exe" arguments="/home/site /opt/Kudu/msbuild" >
  <step title="Cleanup Xml Logs" date="2025-07-19T10:35:28.397" >
    <step title="Cleanup Infos" date="2025-07-19T10:35:28.464" totalFiles="255" totalCleanup="95" /><!-- duration: 19ms -->
  </step><!-- duration: 97ms -->
  <step title="Deployment timer started" date="2025-07-19T10:35:28.640" >
    <step title="Executing external process" date="2025-07-19T10:35:28.702" type="process" path="git" arguments="log -n 1 master --" /><!-- duration: 437ms -->
    <step title="DeploymentManager.Deploy(id:7897b418d79e265fc914106e6697ad048cfef31e)" date="2025-07-19T10:35:29.179" >
      <step title="Collecting changeset information" date="2025-07-19T10:35:29.260" /><!-- duration: 842ms -->
      <step title="Updating to specific changeset" date="2025-07-19T10:35:30.149" >
        <step title="Executing external process" date="2025-07-19T10:35:31.458" type="process" path="git" arguments="checkout master --force" /><!-- duration: 720ms -->
      </step><!-- duration: 2031ms -->
      <step title="Updating submodules" date="2025-07-19T10:35:32.183" /><!-- duration: 135ms -->
      <step title="Determining deployment builder" date="2025-07-19T10:35:32.531" >
        <step title="Builder is OryxBuilder" date="2025-07-19T10:35:32.571" /><!-- duration: 3ms -->
      </step><!-- duration: 56ms -->
      <step title="PreDeployment: context.CleanOutputPath False" date="2025-07-19T10:35:32.647" >
        <step title="PreDeployment: context.OutputPath /home/site/wwwroot" date="2025-07-19T10:35:32.758" >
          <step title="Building" date="2025-07-19T10:35:32.875" >
            <step title="Executing external process" date="2025-07-19T10:35:33.212" type="process" path="bash" arguments="-c &quot;oryx build /home/site/repository -o /home/site/wwwroot --platform python --platform-version 3.9 -p virtualenv_name=antenv --log-file /tmp/build-debug.log  -i /tmp/8ddc6affd325013 --compress-destination-dir | tee /tmp/oryx-build.log ; exit $PIPESTATUS &quot;" /><!-- duration: 80323ms -->
            <step title="Using PythonDeploymentLogParser" date="2025-07-19T10:36:54.016" /><!-- duration: 3ms -->
            <step title="Triggering recycle (preview mode disabled)." date="2025-07-19T10:36:54.993" /><!-- duration: 8ms -->
            <step title="Modified file to trigger a restart of the app container." date="2025-07-19T10:36:55.032" /><!-- duration: 4ms -->
            <step title="Skip function trigger and logicapp sync because function is not enabled." date="2025-07-19T10:36:55.060" /><!-- duration: 3ms -->
            <step title="Purge deployment items" date="2025-07-19T10:36:56.014" >
              <step title="Remove eab605034, Success, received at 07/19/2025 05:07:17" date="2025-07-19T10:36:56.070" /><!-- duration: 3ms -->
            </step><!-- duration: 61ms -->
          </step><!-- duration: 83255ms -->
        </step><!-- duration: 83375ms -->
        <step title="Cleaning up temp files" date="2025-07-19T10:36:56.136" /><!-- duration: 728ms -->
        <step title="Cleaning up temp files" date="2025-07-19T10:36:56.872" /><!-- duration: 516ms -->
        <step title="Reloading status file with latest updates" date="2025-07-19T10:36:57.429" >
          <step title="WebHooksManager.PublishEventAsync: PostDeployment" date="2025-07-19T10:36:57.439" /><!-- duration: 375ms -->
        </step><!-- duration: 395ms -->
        <step title="Executing external process" date="2025-07-19T10:36:57.910" type="process" path="git" arguments="log -n 1 master --" /><!-- duration: 199ms -->
      </step><!-- duration: 85464ms -->
      <step title="Perform deploy exiting successfully" date="2025-07-19T10:36:58.119" 