<step title="Incoming Request" date="2025-07-21T11:29:14.141" instance="831bc3" url="/ai-learning-tracker-bharath.git/git-receive-pack" method="POST" type="request" pid="803,1,32" Accept="application/x-git-receive-pack-result" Host="ai-learning-tracker-bharath.scm.azurewebsites.net" User-Agent="git/2.50.1.windows.1" Accept-Encoding="deflate, gzip, br, zstd" Authorization="Bas..." Content-Type="application/x-git-receive-pack-request" Content-Length="2301" X-ARR-LOG-ID="8a2d2e4a-afcd-4f3b-b9f8-a266d0438989" CLIENT-IP="122.177.245.132:1049" X-SITE-DEPLOYMENT-ID="ai-learning-tracker-bharath" WAS-DEFAULT-HOSTNAME="ai-learning-tracker-bharath.scm.azurewebsites.net" X-Forwarded-Proto="https" X-AppService-Proto="https" X-Forwarded-TlsVersion="1.3" X-WAWS-Unencoded-URL="/ai-learning-tracker-bharath.git/git-receive-pack" X-Client-IP="122.177.245.132" X-Client-Port="1049" >
  <step title="RpcService.ReceivePack" date="2025-07-21T11:29:14.164" >
    <step title="Executing external process" date="2025-07-21T11:29:14.172" type="process" path="git" arguments="rev-parse --git-dir" /><!-- duration: 42ms -->
    <step title="Assuming git repository at /home/site/repository" date="2025-07-21T11:29:14.223" /><!-- duration: 10ms -->
    <step title="Acquiring Deployment Lock" date="2025-07-21T11:29:14.255" /><!-- duration: 2ms -->
    <step title="Acquired Deployment Lock" date="2025-07-21T11:29:14.295" /><!-- duration: 2ms -->
    <step title="Creating temporary deployment" date="2025-07-21T11:29:14.302" /><!-- duration: 111ms -->
    <step title="GitExeServer.Receive" date="2025-07-21T11:29:14.415" >
      <step title="Executing external process" date="2025-07-21T11:29:14.418" type="process" path="git" arguments="receive-pack --stateless-rpc &quot;/home/site/repository&quot;" /><!-- duration: 249196ms -->
    </step><!-- duration: 249261ms -->
    <step title="Releasing Deployment Lock" date="2025-07-21T11:33:24.281" /><!-- duration: 33ms -->
  </step><!-- duration: 250180ms -->
  <step title="Outgoing response" date="2025-07-21T11:33:24.504" type="response" statusCode="200" statusText="OK" /><!-- duration: 10ms -->
</step><!-- duration: 250402ms -->
