<step title="Incoming Request" date="2025-07-19T07:21:41.999" instance="831bc3" url="/ai-learning-tracker-bharath.git/git-receive-pack" method="POST" type="request" pid="803,1,40" Accept="application/x-git-receive-pack-result" Host="ai-learning-tracker-bharath.scm.azurewebsites.net" User-Agent="git/2.50.1.windows.1" Accept-Encoding="deflate, gzip, br, zstd" Authorization="Bas..." Content-Type="application/x-git-receive-pack-request" Content-Length="631" X-ARR-LOG-ID="1a405ac1-b72e-416b-943b-e53ed9f0c093" CLIENT-IP="122.177.246.142:10141" X-SITE-DEPLOYMENT-ID="ai-learning-tracker-bharath" WAS-DEFAULT-HOSTNAME="ai-learning-tracker-bharath.scm.azurewebsites.net" X-Forwarded-Proto="https" X-AppService-Proto="https" X-Forwarded-TlsVersion="1.3" X-WAWS-Unencoded-URL="/ai-learning-tracker-bharath.git/git-receive-pack" X-Client-IP="122.177.246.142" X-Client-Port="10141" >
  <step title="RpcService.ReceivePack" date="2025-07-19T07:21:42.012" >
    <step title="Executing external process" date="2025-07-19T07:21:42.025" type="process" path="git" arguments="rev-parse --git-dir" /><!-- duration: 24ms -->
    <step title="Assuming git repository at /home/site/repository" date="2025-07-19T07:21:42.054" /><!-- duration: 4ms -->
    <step title="Acquiring Deployment Lock" date="2025-07-19T07:21:42.066" /><!-- duration: 3ms -->
    <step title="Acquired Deployment Lock" date="2025-07-19T07:21:42.126" /><!-- duration: 3ms -->
    <step title="Creating temporary deployment" date="2025-07-19T07:21:42.138" /><!-- duration: 59ms -->
    <step title="GitExeServer.Receive" date="2025-07-19T07:21:42.204" >
      <step title="Executing external process" date="2025-07-19T07:21:42.210" type="process" path="git" arguments="receive-pack --stateless-rpc &quot;/home/site/repository&quot;" /><!-- duration: 134746ms -->
    </step><!-- duration: 134759ms -->
    <step title="Releasing Deployment Lock" date="2025-07-19T07:23:57.101" /><!-- duration: 4ms -->
  </step><!-- duration: 135099ms -->
  <step title="Outgoing response" date="2025-07-19T07:23:57.119" type="response" statusCode="200" statusText="OK" /><!-- duration: 4ms -->
</step><!-- duration: 135126ms -->
