﻿<?xml version="1.0" encoding="utf-8"?>
<deployment>
  <id>51e481d73bcfad2f29b554e6ab512f5de7eb1e38</id>
  <author>Bharath Srinivasan</author>
  <deployer>bharath-deploy</deployer>
  <authorEmail>sbharathind@gmail.com</authorEmail>
  <message>feat: Add comprehensive safe cleanup tool with route-aware detection
    
    - Implement tools/safe_clean.py with Flask route-aware in-use detection
    - Add upload/document directory protection via static analysis
    - Integrate route crawling to protect templates, static files, and opened files
    - Include POST/PUT awareness with optional safe simulation
    - Add comprehensive safety features: Git integration, age-gating, backups
    - Create VS Code tasks for safe cleanup operations
    - Add detailed documentation in README.md
    - Successfully cleaned 102 Python cache files with full backup</message>
  <progress></progress>
  <status>Success</status>
  <statusText></statusText>
  <lastSuccessEndTime>2025-08-11T19:38:53.9504867Z</lastSuccessEndTime>
  <receivedTime>2025-08-11T19:35:50.5202283Z</receivedTime>
  <startTime>2025-08-11T19:35:58.7924435Z</startTime>
  <endTime>2025-08-11T19:38:53.9504867Z</endTime>
  <complete>True</complete>
  <is_temp>False</is_temp>
  <is_readonly>False</is_readonly>
  <buildSummary />
</deployment>