<step title="Executing external process" date="2025-07-01T16:13:50.527" instance="978831" type="process" path="kudu.exe" arguments="/home/site /opt/Kudu/msbuild" >
  <step title="Cleanup Xml Logs" date="2025-07-01T16:13:50.548" /><!-- duration: 10ms -->
  <step title="Deployment timer started" date="2025-07-01T16:13:50.624" >
    <step title="Executing external process" date="2025-07-01T16:13:50.652" type="process" path="git" arguments="log -n 1 master --" /><!-- duration: 139ms -->
    <step title="DeploymentManager.Deploy(id:d7a9c359bedd9fa16c478f0b12def0ffdd40d946)" date="2025-07-01T16:13:50.810" >
      <step title="Collecting changeset information" date="2025-07-01T16:13:50.858" /><!-- duration: 219ms -->
      <step title="Updating to specific changeset" date="2025-07-01T16:13:51.084" >
        <step title="Executing external process" date="2025-07-01T16:13:52.230" type="process" path="git" arguments="checkout master --force" /><!-- duration: 351ms -->
      </step><!-- duration: 1500ms -->
      <step title="Updating submodules" date="2025-07-01T16:13:52.589" /><!-- duration: 151ms -->
      <step title="Determining deployment builder" date="2025-07-01T16:13:53.012" >
        <step title="Builder is OryxBuilder" date="2025-07-01T16:13:53.056" /><!-- duration: 2ms -->
      </step><!-- duration: 54ms -->
      <step title="PreDeployment: context.CleanOutputPath False" date="2025-07-01T16:13:53.102" >
        <step title="PreDeployment: context.OutputPath /home/site/wwwroot" date="2025-07-01T16:13:53.260" >
          <step title="Building" date="2025-07-01T16:13:53.359" >
            <step title="Executing external process" date="2025-07-01T16:13:53.745" type="process" path="bash" arguments="-c &quot;oryx build /home/site/repository -o /home/site/wwwroot --platform python --platform-version 3.9 -p virtualenv_name=antenv --log-file /tmp/build-debug.log  -i /tmp/8ddb8ba45c8a4ce --compress-destination-dir | tee /tmp/oryx-build.log ; exit $PIPESTATUS &quot;" /><!-- duration: 58065ms -->
            <step title="Using PythonDeploymentLogParser" date="2025-07-01T16:14:52.368" /><!-- duration: 9ms -->
            <step title="Triggering recycle (preview mode disabled)." date="2025-07-01T16:14:53.645" /><!-- duration: 9ms -->
            <step title="Modified file to trigger a restart of the app container." date="2025-07-01T16:14:53.701" /><!-- duration: 8ms -->
            <step title="Skip function trigger and logicapp sync because function is not enabled." date="2025-07-01T16:14:53.858" /><!-- duration: 9ms -->
            <step title="Purge deployment items" date="2025-07-01T16:14:55.485" >
              <step title="Remove 6a88b7167, Success, received at 06/30/2025 13:37:25" date="2025-07-01T16:14:55.691" /><!-- duration: 10ms -->
            </step><!-- duration: 219ms -->
          </step><!-- duration: 62395ms -->
        </step><!-- duration: 62498ms -->
        <step title="Cleaning up temp files" date="2025-07-01T16:14:55.760" /><!-- duration: 2174ms -->
        <step title="Cleaning up temp files" date="2025-07-01T16:14:58.001" /><!-- duration: 681ms -->
        <step title="Reloading status file with latest updates" date="2025-07-01T16:14:58.750" >
          <step title="WebHooksManager.PublishEventAsync: PostDeployment" date="2025-07-01T16:14:58.792" /><!-- duration: 503ms -->
        </step><!-- duration: 564ms -->
        <step title="Executing external process" date="2025-07-01T16:14:59.363" type="process" path="git" arguments="log -n 1 master --" /><!-- duration: 218ms -->
      </step><!-- duration: 66488ms -->
      <step title="Perform deploy exiting successfully" date="2025-07-01T16:14:59.609" 