<step title="Incoming Request" date="2025-06-30T18:34:09.003" instance="978831" url="/ai-learning-tracker-bharath.git/git-receive-pack" method="POST" type="request" pid="807,1,28" Accept="application/x-git-receive-pack-result" Host="ai-learning-tracker-bharath.scm.azurewebsites.net" User-Agent="git/2.50.0.windows.1" Accept-Encoding="deflate, gzip, br, zstd" Authorization="Bas..." Content-Type="application/x-git-receive-pack-request" Content-Length="2307" X-ARR-LOG-ID="5730256b-3954-4eb0-9524-26c9838636b6" CLIENT-IP="106.201.160.25:60006" X-SITE-DEPLOYMENT-ID="ai-learning-tracker-bharath" WAS-DEFAULT-HOSTNAME="ai-learning-tracker-bharath.scm.azurewebsites.net" X-Forwarded-Proto="https" X-AppService-Proto="https" X-Forwarded-TlsVersion="1.3" X-WAWS-Unencoded-URL="/ai-learning-tracker-bharath.git/git-receive-pack" X-Client-IP="106.201.160.25" X-Client-Port="60006" >
  <step title="RpcService.ReceivePack" date="2025-06-30T18:34:09.018" >
    <step title="Executing external process" date="2025-06-30T18:34:09.030" type="process" path="git" arguments="rev-parse --git-dir" /><!-- duration: 28ms -->
    <step title="Assuming git repository at /home/site/repository" date="2025-06-30T18:34:09.060" /><!-- duration: 3ms -->
    <step title="Acquiring Deployment Lock" date="2025-06-30T18:34:09.072" /><!-- duration: 3ms -->
    <step title="Acquired Deployment Lock" date="2025-06-30T18:34:09.127" /><!-- duration: 8ms -->
    <step title="Creating temporary deployment" date="2025-06-30T18:34:09.141" /><!-- duration: 71ms -->
    <step title="GitExeServer.Receive" date="2025-06-30T18:34:09.219" >
      <step title="Executing external process" date="2025-06-30T18:34:09.409" type="process" path="git" arguments="receive-pack --stateless-rpc &quot;/home/site/repository&quot;" /><!-- duration: 68594ms -->
    </step><!-- duration: 68790ms -->
    <step title="Releasing Deployment Lock" date="2025-06-30T18:35:18.080" /><!-- duration: 3ms -->
  </step><!-- duration: 69078ms -->
  <step title="Outgoing response" date="2025-06-30T18:35:18.121" type="response" statusCode="200" statusText="OK" /><!-- duration: 3ms -->
</step><!-- duration: 69125ms -->
