<step title="Executing external process" date="2025-07-26T12:52:38.034" instance="831bc3" type="process" path="kudu.exe" arguments="/home/site /opt/Kudu/msbuild" >
  <step title="Cleanup Xml Logs" date="2025-07-26T12:52:38.102" >
    <step title="Cleanup Infos" date="2025-07-26T12:52:38.134" totalFiles="344" totalCleanup="184" /><!-- duration: 28ms -->
  </step><!-- duration: 82ms -->
  <step title="Deployment timer started" date="2025-07-26T12:52:38.355" >
    <step title="Executing external process" date="2025-07-26T12:52:38.436" type="process" path="git" arguments="log -n 1 master --" /><!-- duration: 350ms -->
    <step title="DeploymentManager.Deploy(id:2a695c35f877b2d998771f9fa6c4999f0f940da2)" date="2025-07-26T12:52:38.826" >
      <step title="Collecting changeset information" date="2025-07-26T12:52:38.999" /><!-- duration: 714ms -->
      <step title="Updating to specific changeset" date="2025-07-26T12:52:39.730" >
        <step title="Executing external process" date="2025-07-26T12:52:41.150" type="process" path="git" arguments="checkout master --force" /><!-- duration: 2371ms -->
      </step><!-- duration: 3812ms -->
      <step title="Updating submodules" date="2025-07-26T12:52:43.554" /><!-- duration: 341ms -->
      <step title="Determining deployment builder" date="2025-07-26T12:52:44.315" >
        <step title="Builder is OryxBuilder" date="2025-07-26T12:52:44.396" /><!-- duration: 33ms -->
      </step><!-- duration: 131ms -->
      <step title="PreDeployment: context.CleanOutputPath False" date="2025-07-26T12:52:44.597" >
        <step title="PreDeployment: context.OutputPath /home/site/wwwroot" date="2025-07-26T12:52:44.800" >
          <step title="Building" date="2025-07-26T12:52:44.992" >
            <step title="Executing external process" date="2025-07-26T12:52:45.653" type="process" path="bash" arguments="-c &quot;oryx build /home/site/repository -o /home/site/wwwroot --platform python --platform-version 3.9 -p virtualenv_name=antenv --log-file /tmp/build-debug.log  -i /tmp/8ddcc4350a74c06 --compress-destination-dir | tee /tmp/oryx-build.log ; exit $PIPESTATUS &quot;" >
              <step title="Cpu: python(4133,45.380s)+ts(4134,0.090s)+build.sh(4132,0.000s)+build.sh(4131,0.000s)+build.sh(4046,0.040s)+oryx(4024,4.870s)+tee(4025,0.010s)+bash(4023,0.000s)=total(50.370s)" date="2025-07-26T12:54:28.820" /><!-- duration: 28ms -->
              <step title="bash: no io activity for 60s, prev-cpu=-1.000s, current-cpu=50.370s" date="2025-07-26T12:54:28.868" /><!-- duration: 3ms -->
            </step><!-- duration: 195212ms -->
            <step title="Using PythonDeploymentLogParser" date="2025-07-26T12:56:01.453" /><!-- duration: 10ms -->
            <step title="Triggering recycle (preview mode disabled)." date="2025-07-26T12:56:03.022" /><!-- duration: 21ms -->
            <step title="Modified file to trigger a restart of the app container." date="2025-07-26T12:56:03.104" /><!-- duration: 9ms -->
            <step title="Skip function trigger and logicapp sync because function is not enabled." date="2025-07-26T12:56:03.214" /><!-- duration: 10ms -->
            <step title="Purge deployment items" date="2025-07-26T12:56:04.823" >
              <step title="Remove ede611d7a, Success, received at 07/21/2025 07:11:43" date="2025-07-26T12:56:04.900" /><!-- duration: 2ms -->
            </step><!-- duration: 83ms -->
          </step><!-- duration: 199972ms -->
        </step><!-- duration: 200172ms -->
        <step title="Cleaning up temp files" date="2025-07-26T12:56:04.977" /><!-- duration: 3774ms -->
        <step title="Cleaning up temp files" date="2025-07-26T12:56:08.772" /><!-- duration: 521ms -->
        <step title="Reloading status file with latest updates" date="2025-07-26T12:56:09.327" >
          <step title="WebHooksManager.PublishEventAsync: PostDeployment" date="2025-07-26T12:56:09.389" /><!-- duration: 303ms -->
        </step><!-- duration: 374ms -->
        <step title="Executing external process" date="2025-07-26T12:56:09.769" type="process" path="git" arguments="log -n 1 master --" /><!-- duration: 264ms -->
      </step><!-- duration: 205474ms -->
      <step title="Perform deploy exiting successfully" date="2025-07-26T12:56:10.101" 