<step title="Incoming Request" date="2025-06-29T16:50:35.799" instance="978831" url="/ai-learning-tracker-bharath.git/info/refs?service=git-receive-pack" method="GET" type="request" pid="807,1,85" Accept="*/*" Host="ai-learning-tracker-bharath.scm.azurewebsites.net" User-Agent="git/2.50.0.windows.1" Accept-Encoding="deflate, gzip, br, zstd" Authorization="Bas..." Pragma="no-cache" X-ARR-LOG-ID="e2704f4a-31ef-4bc8-8af9-ea9b85e2ff3f" CLIENT-IP="106.201.160.25:64087" X-SITE-DEPLOYMENT-ID="ai-learning-tracker-bharath" WAS-DEFAULT-HOSTNAME="ai-learning-tracker-bharath.scm.azurewebsites.net" X-Forwarded-Proto="https" X-AppService-Proto="https" X-Forwarded-TlsVersion="1.3" X-WAWS-Unencoded-URL="/ai-learning-tracker-bharath.git/info/refs?service=git-receive-pack" X-Client-IP="106.201.160.25" X-Client-Port="64087" >
  <step title="Cleanup Xml Logs" date="2025-06-29T16:50:35.826" /><!-- duration: 8ms -->
  <step title="InfoRefsService.Execute" date="2025-06-29T16:50:35.876" >
    <step title="Executing external process" date="2025-06-29T16:50:35.928" type="process" path="git" arguments="rev-parse --git-dir" /><!-- duration: 59ms -->
    <step title="Assuming git repository at /home/site/repository" date="2025-06-29T16:50:35.991" /><!-- duration: 3ms -->
    <step title="InfoRefsService.SmartInfoRefs" date="2025-06-29T16:50:36.001" >
      <step title="Executing external process" date="2025-06-29T16:50:36.020" type="process" path="git" arguments="rev-parse --git-dir" /><!-- duration: 48ms -->
      <step title="Assuming git repository at /home/site/repository" date="2025-06-29T16:50:36.074" /><!-- duration: 4ms -->
      <step title="GitExeServer.AdvertiseReceivePack" date="2025-06-29T16:50:36.095" >
        <step title="Executing external process" date="2025-06-29T16:50:36.098" type="process" path="git" arguments="receive-pack --stateless-rpc --advertise-refs &quot;/home/site/repository&quot;" /><!-- duration: 76ms -->
      </step><!-- duration: 81ms -->
      <step title="Writing 182 bytes" date="2025-06-29T16:50:36.178" /><!-- duration: 2ms -->
    </step><!-- duration: 183ms -->
  </step><!-- duration: 310ms -->
  <step title="Outgoing response" date="2025-06-29T16:50:36.191" type="response" statusCode="200" statusText="OK" /><!-- duration: 2ms -->
</step><!-- duration: 396ms -->
