<step title="Incoming Request" date="2025-06-28T14:07:06.805" instance="978831" url="/ai-learning-tracker-bharath.git/info/refs?service=git-receive-pack" method="GET" type="request" pid="807,1,72" Accept="*/*" Host="ai-learning-tracker-bharath.scm.azurewebsites.net" User-Agent="git/2.50.0.windows.1" Accept-Encoding="deflate, gzip, br, zstd" Authorization="Bas..." Pragma="no-cache" X-ARR-LOG-ID="f289f84a-026c-4e23-ba3e-850526a1bc2a" CLIENT-IP="106.201.160.25:54194" X-SITE-DEPLOYMENT-ID="ai-learning-tracker-bharath" WAS-DEFAULT-HOSTNAME="ai-learning-tracker-bharath.scm.azurewebsites.net" X-Forwarded-Proto="https" X-AppService-Proto="https" X-Forwarded-TlsVersion="1.3" X-WAWS-Unencoded-URL="/ai-learning-tracker-bharath.git/info/refs?service=git-receive-pack" X-Client-IP="106.201.160.25" X-Client-Port="54194" >
  <step title="Cleanup Xml Logs" date="2025-06-28T14:07:06.844" /><!-- duration: 38ms -->
  <step title="InfoRefsService.Execute" date="2025-06-28T14:07:06.998" >
    <step title="Executing external process" date="2025-06-28T14:07:07.048" type="process" path="git" arguments="rev-parse --git-dir" /><!-- duration: 144ms -->
    <step title="Assuming git repository at /home/site/repository" date="2025-06-28T14:07:07.199" /><!-- duration: 2ms -->
    <step title="InfoRefsService.SmartInfoRefs" date="2025-06-28T14:07:07.205" >
      <step title="Executing external process" date="2025-06-28T14:07:07.214" type="process" path="git" arguments="rev-parse --git-dir" /><!-- duration: 22ms -->
      <step title="Assuming git repository at /home/site/repository" date="2025-06-28T14:07:07.239" /><!-- duration: 2ms -->
      <step title="GitExeServer.AdvertiseReceivePack" date="2025-06-28T14:07:07.244" >
        <step title="Executing external process" date="2025-06-28T14:07:07.247" type="process" path="git" arguments="receive-pack --stateless-rpc --advertise-refs &quot;/home/site/repository&quot;" /><!-- duration: 40ms -->
      </step><!-- duration: 44ms -->
      <step title="Writing 182 bytes" date="2025-06-28T14:07:07.290" /><!-- duration: 2ms -->
    </step><!-- duration: 89ms -->
  </step><!-- duration: 297ms -->
  <step title="Outgoing response" date="2025-06-28T14:07:07.302" type="response" statusCode="200" statusText="OK" /><!-- duration: 2ms -->
</step><!-- duration: 506ms -->
