<step title="Incoming Request" date="2025-07-21T06:14:11.902" instance="831bc3" url="/ai-learning-tracker-bharath.git/info/refs?service=git-receive-pack" method="GET" type="request" pid="803,1,25" Accept="*/*" Host="ai-learning-tracker-bharath.scm.azurewebsites.net" User-Agent="git/2.50.1.windows.1" Accept-Encoding="deflate, gzip, br, zstd" Authorization="Bas..." Pragma="no-cache" X-ARR-LOG-ID="455c3d41-a0e4-4f62-b14b-254a3b15c4d3" CLIENT-IP="223.228.112.97:37938" X-SITE-DEPLOYMENT-ID="ai-learning-tracker-bharath" WAS-DEFAULT-HOSTNAME="ai-learning-tracker-bharath.scm.azurewebsites.net" X-Forwarded-Proto="https" X-AppService-Proto="https" X-Forwarded-TlsVersion="1.3" X-WAWS-Unencoded-URL="/ai-learning-tracker-bharath.git/info/refs?service=git-receive-pack" X-Client-IP="223.228.112.97" X-Client-Port="37938" >
  <step title="Cleanup Xml Logs" date="2025-07-21T06:14:11.907" >
    <step title="Cleanup Infos" date="2025-07-21T06:14:11.923" totalFiles="301" totalCleanup="141" /><!-- duration: 7ms -->
  </step><!-- duration: 26ms -->
  <step title="InfoRefsService.Execute" date="2025-07-21T06:14:11.965" >
    <step title="Executing external process" date="2025-07-21T06:14:11.975" type="process" path="git" arguments="rev-parse --git-dir" /><!-- duration: 40ms -->
    <step title="Assuming git repository at /home/site/repository" date="2025-07-21T06:14:12.019" /><!-- duration: 2ms -->
    <step title="InfoRefsService.SmartInfoRefs" date="2025-07-21T06:14:12.027" >
      <step title="Executing external process" date="2025-07-21T06:14:12.034" type="process" path="git" arguments="rev-parse --git-dir" /><!-- duration: 26ms -->
      <step title="Assuming git repository at /home/site/repository" date="2025-07-21T06:14:12.078" /><!-- duration: 11ms -->
      <step title="GitExeServer.AdvertiseReceivePack" date="2025-07-21T06:14:12.101" >
        <step title="Executing external process" date="2025-07-21T06:14:12.109" type="process" path="git" arguments="receive-pack --stateless-rpc --advertise-refs &quot;/home/site/repository&quot;" /><!-- duration: 100ms -->
      </step><!-- duration: 111ms -->
      <step title="Writing 182 bytes" date="2025-07-21T06:14:12.221" /><!-- duration: 3ms -->
    </step><!-- duration: 200ms -->
  </step><!-- duration: 264ms -->
  <step title="Outgoing response" date="2025-07-21T06:14:12.240" type="response" statusCode="200" statusText="OK" /><!-- duration: 2ms -->
</step><!-- duration: 343ms -->
