<step title="Incoming Request" date="2025-06-28T13:10:36.014" instance="978831" url="/ai-learning-tracker-bharath.git/git-receive-pack" method="POST" type="request" pid="807,1,60" Accept="application/x-git-receive-pack-result" Host="ai-learning-tracker-bharath.scm.azurewebsites.net" User-Agent="git/2.50.0.windows.1" Accept-Encoding="deflate, gzip, br, zstd" Authorization="Bas..." Content-Type="application/x-git-receive-pack-request" Content-Length="18372" X-ARR-LOG-ID="24a0ceb4-b8c8-4445-ab49-dba2bb14ec70" CLIENT-IP="106.201.160.25:51474" X-SITE-DEPLOYMENT-ID="ai-learning-tracker-bharath" WAS-DEFAULT-HOSTNAME="ai-learning-tracker-bharath.scm.azurewebsites.net" X-Forwarded-Proto="https" X-AppService-Proto="https" X-Forwarded-TlsVersion="1.3" X-WAWS-Unencoded-URL="/ai-learning-tracker-bharath.git/git-receive-pack" X-Client-IP="106.201.160.25" X-Client-Port="51474" >
  <step title="RpcService.ReceivePack" date="2025-06-28T13:10:36.066" >
    <step title="Executing external process" date="2025-06-28T13:10:36.086" type="process" path="git" arguments="rev-parse --git-dir" /><!-- duration: 32ms -->
    <step title="Assuming git repository at /home/site/repository" date="2025-06-28T13:10:36.124" /><!-- duration: 3ms -->
    <step title="Acquiring Deployment Lock" date="2025-06-28T13:10:36.135" /><!-- duration: 2ms -->
    <step title="Acquired Deployment Lock" date="2025-06-28T13:10:36.191" /><!-- duration: 9ms -->
    <step title="Creating temporary deployment" date="2025-06-28T13:10:36.209" /><!-- duration: 171ms -->
    <step title="GitExeServer.Receive" date="2025-06-28T13:10:36.395" >
      <step title="Executing external process" date="2025-06-28T13:10:36.397" type="process" path="git" arguments="receive-pack --stateless-rpc &quot;/home/site/repository&quot;" /><!-- duration: 61851ms -->
    </step><!-- duration: 61859ms -->
    <step title="Releasing Deployment Lock" date="2025-06-28T13:11:38.371" /><!-- duration: 17ms -->
  </step><!-- duration: 62333ms -->
  <step title="Outgoing response" date="2025-06-28T13:11:38.407" type="response" statusCode="200" statusText="OK" /><!-- duration: 8ms -->
</step><!-- duration: 62404ms -->
