<step title="Executing external process" date="2025-07-21T02:09:59.772" instance="831bc3" type="process" path="kudu.exe" arguments="/home/site /opt/Kudu/msbuild" >
  <step title="Cleanup Xml Logs" date="2025-07-21T02:09:59.787" >
    <step title="Cleanup Infos" date="2025-07-21T02:09:59.800" totalFiles="277" totalCleanup="117" /><!-- duration: 5ms -->
  </step><!-- duration: 26ms -->
  <step title="Deployment timer started" date="2025-07-21T02:09:59.872" >
    <step title="Executing external process" date="2025-07-21T02:09:59.902" type="process" path="git" arguments="log -n 1 master --" /><!-- duration: 173ms -->
    <step title="DeploymentManager.Deploy(id:4a049acb566d29abe0581cce29609b1e3d7fcf5a)" date="2025-07-21T02:10:00.088" >
      <step title="Collecting changeset information" date="2025-07-21T02:10:00.115" /><!-- duration: 363ms -->
      <step title="Updating to specific changeset" date="2025-07-21T02:10:00.487" >
        <step title="Executing external process" date="2025-07-21T02:10:01.719" type="process" path="git" arguments="checkout master --force" /><!-- duration: 18172ms -->
      </step><!-- duration: 19410ms -->
      <step title="Updating submodules" date="2025-07-21T02:10:19.905" /><!-- duration: 127ms -->
      <step title="Determining deployment builder" date="2025-07-21T02:10:20.291" >
        <step title="Builder is OryxBuilder" date="2025-07-21T02:10:20.318" /><!-- duration: 7ms -->
      </step><!-- duration: 37ms -->
      <step title="PreDeployment: context.CleanOutputPath False" date="2025-07-21T02:10:20.373" >
        <step title="PreDeployment: context.OutputPath /home/site/wwwroot" date="2025-07-21T02:10:20.487" >
          <step title="Building" date="2025-07-21T02:10:20.597" >
            <step title="Executing external process" date="2025-07-21T02:10:20.915" type="process" path="bash" arguments="-c &quot;oryx build /home/site/repository -o /home/site/wwwroot --platform python --platform-version 3.9 -p virtualenv_name=antenv --log-file /tmp/build-debug.log  -i /tmp/8ddc7fbbe80f34c --compress-destination-dir | tee /tmp/oryx-build.log ; exit $PIPESTATUS &quot;" /><!-- duration: 177848ms -->
            <step title="Using PythonDeploymentLogParser" date="2025-07-21T02:13:19.276" /><!-- duration: 10ms -->
            <step title="Triggering recycle (preview mode disabled)." date="2025-07-21T02:13:20.360" /><!-- duration: 3ms -->
            <step title="Modified file to trigger a restart of the app container." date="2025-07-21T02:13:20.409" /><!-- duration: 9ms -->
            <step title="Skip function trigger and logicapp sync because function is not enabled." date="2025-07-21T02:13:20.460" /><!-- duration: 15ms -->
            <step title="Purge deployment items" date="2025-07-21T02:13:21.953" >
              <step title="Remove 9f9c2786c, Success, received at 07/19/2025 08:58:42" date="2025-07-21T02:13:22.009" /><!-- duration: 3ms -->
            </step><!-- duration: 62ms -->
          </step><!-- duration: 181477ms -->
        </step><!-- duration: 181590ms -->
        <step title="Cleaning up temp files" date="2025-07-21T02:13:22.080" /><!-- duration: 852ms -->
        <step title="Cleaning up temp files" date="2025-07-21T02:13:22.935" /><!-- duration: 519ms -->
        <step title="Reloading status file with latest updates" date="2025-07-21T02:13:23.496" >
          <step title="WebHooksManager.PublishEventAsync: PostDeployment" date="2025-07-21T02:13:23.515" /><!-- duration: 261ms -->
        </step><!-- duration: 290ms -->
        <step title="Executing external process" date="2025-07-21T02:13:23.858" type="process" path="git" arguments="log -n 1 master --" /><!-- duration: 132ms -->
      </step><!-- duration: 183621ms -->
      <step title="Perform deploy exiting successfully" date="2025-07-21T02:13:24.000" 