<step title="Incoming Request" date="2025-07-01T18:41:50.683" instance="978831" url="/ai-learning-tracker-bharath.git/info/refs?service=git-receive-pack" method="GET" type="request" pid="807,1,27" Accept="*/*" Host="ai-learning-tracker-bharath.scm.azurewebsites.net" User-Agent="git/2.50.0.windows.1" Accept-Encoding="deflate, gzip, br, zstd" Authorization="Bas..." Pragma="no-cache" X-ARR-LOG-ID="a32c1d5f-bb89-410e-a77b-2e326ce837c8" CLIENT-IP="122.174.71.5:52985" X-SITE-DEPLOYMENT-ID="ai-learning-tracker-bharath" WAS-DEFAULT-HOSTNAME="ai-learning-tracker-bharath.scm.azurewebsites.net" X-Forwarded-Proto="https" X-AppService-Proto="https" X-Forwarded-TlsVersion="1.3" X-WAWS-Unencoded-URL="/ai-learning-tracker-bharath.git/info/refs?service=git-receive-pack" X-Client-IP="122.174.71.5" X-Client-Port="52985" >
  <step title="Cleanup Xml Logs" date="2025-07-01T18:41:50.688" /><!-- duration: 19ms -->
  <step title="InfoRefsService.Execute" date="2025-07-01T18:41:50.730" >
    <step title="Executing external process" date="2025-07-01T18:41:50.745" type="process" path="git" arguments="rev-parse --git-dir" /><!-- duration: 38ms -->
    <step title="Assuming git repository at /home/site/repository" date="2025-07-01T18:41:50.793" /><!-- duration: 3ms -->
    <step title="InfoRefsService.SmartInfoRefs" date="2025-07-01T18:41:50.798" >
      <step title="Executing external process" date="2025-07-01T18:41:50.810" type="process" path="git" arguments="rev-parse --git-dir" /><!-- duration: 24ms -->
      <step title="Assuming git repository at /home/site/repository" date="2025-07-01T18:41:50.839" /><!-- duration: 3ms -->
      <step title="GitExeServer.AdvertiseReceivePack" date="2025-07-01T18:41:50.848" >
        <step title="Executing external process" date="2025-07-01T18:41:50.851" type="process" path="git" arguments="receive-pack --stateless-rpc --advertise-refs &quot;/home/site/repository&quot;" /><!-- duration: 46ms -->
      </step><!-- duration: 51ms -->
      <step title="Writing 182 bytes" date="2025-07-01T18:41:50.902" /><!-- duration: 2ms -->
    </step><!-- duration: 111ms -->
  </step><!-- duration: 180ms -->
  <step title="Outgoing response" date="2025-07-01T18:41:50.949" type="response" statusCode="200" statusText="OK" /><!-- duration: 3ms -->
</step><!-- duration: 271ms -->
