<step title="Executing external process" date="2025-07-19T07:39:23.220" instance="831bc3" type="process" path="kudu.exe" arguments="/home/site /opt/Kudu/msbuild" >
  <step title="Cleanup Xml Logs" date="2025-07-19T07:39:23.249" >
    <step title="Cleanup Infos" date="2025-07-19T07:39:23.260" totalFiles="235" totalCleanup="75" /><!-- duration: 7ms -->
  </step><!-- duration: 22ms -->
  <step title="Deployment timer started" date="2025-07-19T07:39:23.329" >
    <step title="Executing external process" date="2025-07-19T07:39:23.360" type="process" path="git" arguments="log -n 1 master --" /><!-- duration: 150ms -->
    <step title="DeploymentManager.Deploy(id:7da3ad533bd61984be887577bccaccb50677531c)" date="2025-07-19T07:39:23.528" >
      <step title="Collecting changeset information" date="2025-07-19T07:39:23.581" /><!-- duration: 442ms -->
      <step title="Updating to specific changeset" date="2025-07-19T07:39:24.032" >
        <step title="Executing external process" date="2025-07-19T07:39:25.195" type="process" path="git" arguments="checkout master --force" /><!-- duration: 747ms -->
      </step><!-- duration: 1917ms -->
      <step title="Updating submodules" date="2025-07-19T07:39:25.952" /><!-- duration: 175ms -->
      <step title="Determining deployment builder" date="2025-07-19T07:39:26.426" >
        <step title="Builder is OryxBuilder" date="2025-07-19T07:39:26.460" /><!-- duration: 31ms -->
      </step><!-- duration: 94ms -->
      <step title="PreDeployment: context.CleanOutputPath False" date="2025-07-19T07:39:26.611" >
        <step title="PreDeployment: context.OutputPath /home/site/wwwroot" date="2025-07-19T07:39:26.725" >
          <step title="Building" date="2025-07-19T07:39:26.822" >
            <step title="Executing external process" date="2025-07-19T07:39:27.290" type="process" path="bash" arguments="-c &quot;oryx build /home/site/repository -o /home/site/wwwroot --platform python --platform-version 3.9 -p virtualenv_name=antenv --log-file /tmp/build-debug.log  -i /tmp/8ddc6976355e281 --compress-destination-dir | tee /tmp/oryx-build.log ; exit $PIPESTATUS &quot;" /><!-- duration: 89703ms -->
            <step title="Using PythonDeploymentLogParser" date="2025-07-19T07:40:57.772" /><!-- duration: 9ms -->
            <step title="Triggering recycle (preview mode disabled)." date="2025-07-19T07:40:58.799" /><!-- duration: 9ms -->
            <step title="Modified file to trigger a restart of the app container." date="2025-07-19T07:40:58.838" /><!-- duration: 4ms -->
            <step title="Skip function trigger and logicapp sync because function is not enabled." date="2025-07-19T07:40:58.866" /><!-- duration: 19ms -->
            <step title="Purge deployment items" date="2025-07-19T07:40:59.872" >
              <step title="Remove 9c5431f3b, Success, received at 07/18/2025 19:22:13" date="2025-07-19T07:40:59.917" /><!-- duration: 3ms -->
            </step><!-- duration: 50ms -->
          </step><!-- duration: 93157ms -->
        </step><!-- duration: 93267ms -->
        <step title="Cleaning up temp files" date="2025-07-19T07:40:59.995" /><!-- duration: 526ms -->
        <step title="Cleaning up temp files" date="2025-07-19T07:41:00.523" /><!-- duration: 512ms -->
        <step title="Reloading status file with latest updates" date="2025-07-19T07:41:01.074" >
          <step title="WebHooksManager.PublishEventAsync: PostDeployment" date="2025-07-19T07:41:01.084" /><!-- duration: 151ms -->
        </step><!-- duration: 163ms -->
        <step title="Executing external process" date="2025-07-19T07:41:01.263" type="process" path="git" arguments="log -n 1 master --" /><!-- duration: 77ms -->
      </step><!-- duration: 94733ms -->
      <step title="Perform deploy exiting successfully" date="2025-07-19T07:41:01.352" 