<step title="Incoming Request" date="2025-07-01T16:10:36.160" instance="978831" url="/ai-learning-tracker-bharath.git/info/refs?service=git-receive-pack" method="GET" type="request" pid="807,1,63" Accept="*/*" Host="ai-learning-tracker-bharath.scm.azurewebsites.net" User-Agent="git/2.50.0.windows.1" Accept-Encoding="deflate, gzip, br, zstd" Authorization="Bas..." Pragma="no-cache" X-ARR-LOG-ID="8a80d77f-b8e3-4e34-bac1-e2b5646e4776" CLIENT-IP="122.174.71.5:50938" X-SITE-DEPLOYMENT-ID="ai-learning-tracker-bharath" WAS-DEFAULT-HOSTNAME="ai-learning-tracker-bharath.scm.azurewebsites.net" X-Forwarded-Proto="https" X-AppService-Proto="https" X-Forwarded-TlsVersion="1.3" X-WAWS-Unencoded-URL="/ai-learning-tracker-bharath.git/info/refs?service=git-receive-pack" X-Client-IP="122.174.71.5" X-Client-Port="50938" >
  <step title="Cleanup Xml Logs" date="2025-07-01T16:10:36.165" /><!-- duration: 17ms -->
  <step title="InfoRefsService.Execute" date="2025-07-01T16:10:36.255" >
    <step title="Executing external process" date="2025-07-01T16:10:36.274" type="process" path="git" arguments="rev-parse --git-dir" /><!-- duration: 50ms -->
    <step title="Assuming git repository at /home/site/repository" date="2025-07-01T16:10:36.327" /><!-- duration: 7ms -->
    <step title="InfoRefsService.SmartInfoRefs" date="2025-07-01T16:10:36.338" >
      <step title="Executing external process" date="2025-07-01T16:10:36.351" type="process" path="git" arguments="rev-parse --git-dir" /><!-- duration: 22ms -->
      <step title="Assuming git repository at /home/site/repository" date="2025-07-01T16:10:36.378" /><!-- duration: 6ms -->
      <step title="GitExeServer.AdvertiseReceivePack" date="2025-07-01T16:10:36.393" >
        <step title="Executing external process" date="2025-07-01T16:10:36.412" type="process" path="git" arguments="receive-pack --stateless-rpc --advertise-refs &quot;/home/site/repository&quot;" /><!-- duration: 87ms -->
      </step><!-- duration: 109ms -->
      <step title="Writing 182 bytes" date="2025-07-01T16:10:36.506" /><!-- duration: 2ms -->
    </step><!-- duration: 180ms -->
  </step><!-- duration: 265ms -->
  <step title="Outgoing response" date="2025-07-01T16:10:36.529" type="response" statusCode="200" statusText="OK" /><!-- duration: 8ms -->
</step><!-- duration: 379ms -->
