<step title="Incoming Request" date="2025-07-18T02:33:22.881" instance="831bc3" url="/ai-learning-tracker-bharath.git/info/refs?service=git-receive-pack" method="GET" type="request" pid="803,1,33" Accept="*/*" Host="ai-learning-tracker-bharath.scm.azurewebsites.net" User-Agent="git/2.50.1.windows.1" Accept-Encoding="deflate, gzip, br, zstd" Authorization="Bas..." Pragma="no-cache" X-ARR-LOG-ID="d5235241-15ad-4716-a6a9-d982ea4ecb19" CLIENT-IP="122.177.242.199:9296" X-SITE-DEPLOYMENT-ID="ai-learning-tracker-bharath" WAS-DEFAULT-HOSTNAME="ai-learning-tracker-bharath.scm.azurewebsites.net" X-Forwarded-Proto="https" X-AppService-Proto="https" X-Forwarded-TlsVersion="1.3" X-WAWS-Unencoded-URL="/ai-learning-tracker-bharath.git/info/refs?service=git-receive-pack" X-Client-IP="122.177.242.199" X-Client-Port="9296" >
  <step title="Cleanup Xml Logs" date="2025-07-18T02:33:22.892" >
    <step title="Cleanup Infos" date="2025-07-18T02:33:22.906" totalFiles="200" totalCleanup="40" /><!-- duration: 217ms -->
  </step><!-- duration: 235ms -->
  <step title="InfoRefsService.Execute" date="2025-07-18T02:33:23.147" >
    <step title="Executing external process" date="2025-07-18T02:33:23.167" type="process" path="git" arguments="rev-parse --git-dir" /><!-- duration: 78ms -->
    <step title="Assuming git repository at /home/site/repository" date="2025-07-18T02:33:23.255" /><!-- duration: 2ms -->
    <step title="InfoRefsService.SmartInfoRefs" date="2025-07-18T02:33:23.260" >
      <step title="Executing external process" date="2025-07-18T02:33:23.285" type="process" path="git" arguments="rev-parse --git-dir" /><!-- duration: 29ms -->
      <step title="Assuming git repository at /home/site/repository" date="2025-07-18T02:33:23.316" /><!-- duration: 14ms -->
      <step title="GitExeServer.AdvertiseReceivePack" date="2025-07-18T02:33:23.334" >
        <step title="Executing external process" date="2025-07-18T02:33:23.335" type="process" path="git" arguments="receive-pack --stateless-rpc --advertise-refs &quot;/home/site/repository&quot;" /><!-- duration: 38ms -->
      </step><!-- duration: 41ms -->
      <step title="Writing 182 bytes" date="2025-07-18T02:33:23.377" /><!-- duration: 1ms -->
    </step><!-- duration: 124ms -->
  </step><!-- duration: 239ms -->
  <step title="Outgoing response" date="2025-07-18T02:33:23.396" type="response" statusCode="200" statusText="OK" /><!-- duration: 2ms -->
</step><!-- duration: 524ms -->
