<step title="Incoming Request" date="2025-07-21T17:28:31.543" instance="831bc3" url="/ai-learning-tracker-bharath.git/git-receive-pack" method="POST" type="request" pid="803,1,74" Accept="application/x-git-receive-pack-result" Host="ai-learning-tracker-bharath.scm.azurewebsites.net" User-Agent="git/2.50.1.windows.1" Accept-Encoding="deflate, gzip, br, zstd" Authorization="Bas..." Content-Type="application/x-git-receive-pack-request" Content-Length="517" X-ARR-LOG-ID="d24004d1-a29d-4d32-9d66-4642a2e34475" CLIENT-IP="122.177.245.132:16655" X-SITE-DEPLOYMENT-ID="ai-learning-tracker-bharath" WAS-DEFAULT-HOSTNAME="ai-learning-tracker-bharath.scm.azurewebsites.net" X-Forwarded-Proto="https" X-AppService-Proto="https" X-Forwarded-TlsVersion="1.3" X-WAWS-Unencoded-URL="/ai-learning-tracker-bharath.git/git-receive-pack" X-Client-IP="122.177.245.132" X-Client-Port="16655" >
  <step title="RpcService.ReceivePack" date="2025-07-21T17:28:31.586" >
    <step title="Executing external process" date="2025-07-21T17:28:31.655" type="process" path="git" arguments="rev-parse --git-dir" /><!-- duration: 41ms -->
    <step title="Assuming git repository at /home/site/repository" date="2025-07-21T17:28:31.701" /><!-- duration: 3ms -->
    <step title="Acquiring Deployment Lock" date="2025-07-21T17:28:31.712" /><!-- duration: 3ms -->
    <step title="Acquired Deployment Lock" date="2025-07-21T17:28:31.766" /><!-- duration: 3ms -->
    <step title="Creating temporary deployment" date="2025-07-21T17:28:31.778" /><!-- duration: 212ms -->
    <step title="GitExeServer.Receive" date="2025-07-21T17:28:32.019" >
      <step title="Executing external process" date="2025-07-21T17:28:32.037" type="process" path="git" arguments="receive-pack --stateless-rpc &quot;/home/site/repository&quot;" /><!-- duration: 224284ms -->
    </step><!-- duration: 224351ms -->
    <step title="Releasing Deployment Lock" date="2025-07-21T17:32:17.000" /><!-- duration: 81ms -->
  </step><!-- duration: 225555ms -->
  <step title="Outgoing response" date="2025-07-21T17:32:17.159" type="response" statusCode="200" statusText="OK" /><!-- duration: 40ms -->
</step><!-- duration: 225723ms -->
