<step title="Incoming Request" date="2025-07-01T16:13:48.505" instance="978831" url="/ai-learning-tracker-bharath.git/git-receive-pack" method="POST" type="request" pid="807,1,57" Accept="application/x-git-receive-pack-result" Host="ai-learning-tracker-bharath.scm.azurewebsites.net" User-Agent="git/2.50.0.windows.1" Accept-Encoding="deflate, gzip, br, zstd" Authorization="Bas..." Content-Type="application/x-git-receive-pack-request" Content-Length="3075" X-ARR-LOG-ID="4d8bd6e9-6fc3-4c48-96b9-66b7489310cb" CLIENT-IP="122.174.71.5:51099" X-SITE-DEPLOYMENT-ID="ai-learning-tracker-bharath" WAS-DEFAULT-HOSTNAME="ai-learning-tracker-bharath.scm.azurewebsites.net" X-Forwarded-Proto="https" X-AppService-Proto="https" X-Forwarded-TlsVersion="1.3" X-WAWS-Unencoded-URL="/ai-learning-tracker-bharath.git/git-receive-pack" X-Client-IP="122.174.71.5" X-Client-Port="51099" >
  <step title="RpcService.ReceivePack" date="2025-07-01T16:13:48.516" >
    <step title="Executing external process" date="2025-07-01T16:13:48.530" type="process" path="git" arguments="rev-parse --git-dir" /><!-- duration: 28ms -->
    <step title="Assuming git repository at /home/site/repository" date="2025-07-01T16:13:48.561" /><!-- duration: 4ms -->
    <step title="Acquiring Deployment Lock" date="2025-07-01T16:13:48.572" /><!-- duration: 12ms -->
    <step title="Acquired Deployment Lock" date="2025-07-01T16:13:48.630" /><!-- duration: 2ms -->
    <step title="Creating temporary deployment" date="2025-07-01T16:13:48.637" /><!-- duration: 57ms -->
    <step title="GitExeServer.Receive" date="2025-07-01T16:13:48.699" >
      <step title="Executing external process" date="2025-07-01T16:13:48.702" type="process" path="git" arguments="receive-pack --stateless-rpc &quot;/home/site/repository&quot;" /><!-- duration: 71239ms -->
    </step><!-- duration: 71273ms -->
    <step title="Releasing Deployment Lock" date="2025-07-01T16:15:00.260" /><!-- duration: 9ms -->
  </step><!-- duration: 71792ms -->
  <step title="Outgoing response" date="2025-07-01T16:15:00.319" type="response" statusCode="200" statusText="OK" /><!-- duration: 28ms -->
</step><!-- duration: 71852ms -->
