<step title="Executing external process" date="2025-06-28T13:37:35.480" instance="978831" type="process" path="kudu.exe" arguments="/home/site /opt/Kudu/msbuild" >
  <step title="Cleanup Xml Logs" date="2025-06-28T13:37:35.498" /><!-- duration: 6ms -->
  <step title="Deployment timer started" date="2025-06-28T13:37:35.557" >
    <step title="Executing external process" date="2025-06-28T13:37:35.768" type="process" path="git" arguments="log -n 1 master --" /><!-- duration: 145ms -->
    <step title="DeploymentManager.Deploy(id:30bcb24d8b59ec0aa021de03531c3821f10618b5)" date="2025-06-28T13:37:35.931" >
      <step title="Collecting changeset information" date="2025-06-28T13:37:35.998" /><!-- duration: 285ms -->
      <step title="Updating to specific changeset" date="2025-06-28T13:37:36.294" >
        <step title="Executing external process" date="2025-06-28T13:37:37.469" type="process" path="git" arguments="checkout master --force" /><!-- duration: 339ms -->
      </step><!-- duration: 1516ms -->
      <step title="Updating submodules" date="2025-06-28T13:37:37.815" /><!-- duration: 106ms -->
      <step title="Determining deployment builder" date="2025-06-28T13:37:38.115" >
        <step title="Builder is OryxBuilder" date="2025-06-28T13:37:38.151" /><!-- duration: 9ms -->
      </step><!-- duration: 51ms -->
      <step title="PreDeployment: context.CleanOutputPath False" date="2025-06-28T13:37:38.198" >
        <step title="PreDeployment: context.OutputPath /home/site/wwwroot" date="2025-06-28T13:37:38.271" >
          <step title="Building" date="2025-06-28T13:37:38.379" >
            <step title="Executing external process" date="2025-06-28T13:37:38.746" type="process" path="bash" arguments="-c &quot;oryx build /home/site/repository -o /home/site/wwwroot --platform python --platform-version 3.9 -p virtualenv_name=antenv --log-file /tmp/build-debug.log  -i /tmp/8ddb648f2ab372f --compress-destination-dir | tee /tmp/oryx-build.log ; exit $PIPESTATUS &quot;" /><!-- duration: 54945ms -->
            <step title="Using PythonDeploymentLogParser" date="2025-06-28T13:38:34.137" /><!-- duration: 12ms -->
            <step title="Triggering recycle (preview mode disabled)." date="2025-06-28T13:38:34.962" /><!-- duration: 9ms -->
            <step title="Modified file to trigger a restart of the app container." date="2025-06-28T13:38:35.011" /><!-- duration: 9ms -->
            <step title="Skip function trigger and logicapp sync because function is not enabled." date="2025-06-28T13:38:35.061" /><!-- duration: 2ms -->
          </step><!-- duration: 57329ms -->
        </step><!-- duration: 57441ms -->
        <step title="Cleaning up temp files" date="2025-06-28T13:38:35.714" /><!-- duration: 1786ms -->
        <step title="Cleaning up temp files" date="2025-06-28T13:38:37.509" /><!-- duration: 513ms -->
        <step title="Reloading status file with latest updates" date="2025-06-28T13:38:38.050" >
          <step title="WebHooksManager.PublishEventAsync: PostDeployment" date="2025-06-28T13:38:38.065" /><!-- duration: 145ms -->
        </step><!-- duration: 162ms -->
        <step title="Executing external process" date="2025-06-28T13:38:38.237" type="process" path="git" arguments="log -n 1 master --" /><!-- duration: 69ms -->
      </step><!-- duration: 60113ms -->
      <step title="Perform deploy exiting successfully" date="2025-06-28T13:38:38.314" 