<step title="Incoming Request" date="2025-07-19T04:42:13.788" instance="831bc3" url="/ai-learning-tracker-bharath.git/info/refs?service=git-receive-pack" method="GET" type="request" pid="803,1,81" Accept="*/*" Host="ai-learning-tracker-bharath.scm.azurewebsites.net" User-Agent="git/2.50.1.windows.1" Accept-Encoding="deflate, gzip, br, zstd" Authorization="Bas..." Pragma="no-cache" X-ARR-LOG-ID="552dee78-7b57-4be1-8f2a-04484a72296e" CLIENT-IP="122.177.246.142:7806" X-SITE-DEPLOYMENT-ID="ai-learning-tracker-bharath" WAS-DEFAULT-HOSTNAME="ai-learning-tracker-bharath.scm.azurewebsites.net" X-Forwarded-Proto="https" X-AppService-Proto="https" X-Forwarded-TlsVersion="1.3" X-WAWS-Unencoded-URL="/ai-learning-tracker-bharath.git/info/refs?service=git-receive-pack" X-Client-IP="122.177.246.142" X-Client-Port="7806" >
  <step title="Cleanup Xml Logs" date="2025-07-19T04:42:13.833" >
    <step title="Cleanup Infos" date="2025-07-19T04:42:13.878" totalFiles="215" totalCleanup="55" /><!-- duration: 21ms -->
  </step><!-- duration: 72ms -->
  <step title="InfoRefsService.Execute" date="2025-07-19T04:42:13.956" >
    <step title="Executing external process" date="2025-07-19T04:42:14.040" type="process" path="git" arguments="rev-parse --git-dir" /><!-- duration: 176ms -->
    <step title="Assuming git repository at /home/site/repository" date="2025-07-19T04:42:14.227" /><!-- duration: 2ms -->
    <step title="InfoRefsService.SmartInfoRefs" date="2025-07-19T04:42:14.238" >
      <step title="Executing external process" date="2025-07-19T04:42:14.278" type="process" path="git" arguments="rev-parse --git-dir" /><!-- duration: 78ms -->
      <step title="Assuming git repository at /home/site/repository" date="2025-07-19T04:42:14.363" /><!-- duration: 7ms -->
      <step title="GitExeServer.AdvertiseReceivePack" date="2025-07-19T04:42:14.388" >
        <step title="Executing external process" date="2025-07-19T04:42:14.400" type="process" path="git" arguments="receive-pack --stateless-rpc --advertise-refs &quot;/home/site/repository&quot;" /><!-- duration: 132ms -->
      </step><!-- duration: 161ms -->
      <step title="Writing 182 bytes" date="2025-07-19T04:42:14.551" /><!-- duration: 7ms -->
    </step><!-- duration: 343ms -->
  </step><!-- duration: 649ms -->
  <step title="Outgoing response" date="2025-07-19T04:42:14.681" type="response" statusCode="200" statusText="OK" /><!-- duration: 8ms -->
</step><!-- duration: 929ms -->
