<step title="Executing external process" date="2025-07-26T09:53:13.996" instance="831bc3" type="process" path="kudu.exe" arguments="/home/site /opt/Kudu/msbuild" >
  <step title="Cleanup Xml Logs" date="2025-07-26T09:53:14.014" >
    <step title="Cleanup Infos" date="2025-07-26T09:53:14.030" totalFiles="341" totalCleanup="181" /><!-- duration: 5ms -->
  </step><!-- duration: 31ms -->
  <step title="Deployment timer started" date="2025-07-26T09:53:14.105" >
    <step title="Executing external process" date="2025-07-26T09:53:14.128" type="process" path="git" arguments="log -n 1 master --" /><!-- duration: 143ms -->
    <step title="DeploymentManager.Deploy(id:6f30f5a5a61241baba984e1e56d5af4d8fe9d7e2)" date="2025-07-26T09:53:14.311" >
      <step title="Collecting changeset information" date="2025-07-26T09:53:14.404" /><!-- duration: 264ms -->
      <step title="Updating to specific changeset" date="2025-07-26T09:53:14.678" >
        <step title="Executing external process" date="2025-07-26T09:53:15.911" type="process" path="git" arguments="checkout master --force" /><!-- duration: 778ms -->
      </step><!-- duration: 2015ms -->
      <step title="Updating submodules" date="2025-07-26T09:53:16.697" /><!-- duration: 141ms -->
      <step title="Determining deployment builder" date="2025-07-26T09:53:17.059" >
        <step title="Builder is OryxBuilder" date="2025-07-26T09:53:17.088" /><!-- duration: 3ms -->
      </step><!-- duration: 35ms -->
      <step title="PreDeployment: context.CleanOutputPath False" date="2025-07-26T09:53:17.143" >
        <step title="PreDeployment: context.OutputPath /home/site/wwwroot" date="2025-07-26T09:53:17.278" >
          <step title="Building" date="2025-07-26T09:53:17.399" >
            <step title="Executing external process" date="2025-07-26T09:53:17.765" type="process" path="bash" arguments="-c &quot;oryx build /home/site/repository -o /home/site/wwwroot --platform python --platform-version 3.9 -p virtualenv_name=antenv --log-file /tmp/build-debug.log  -i /tmp/8ddcc2a3ed00da9 --compress-destination-dir | tee /tmp/oryx-build.log ; exit $PIPESTATUS &quot;" >
              <step title="Cpu: python(1792,47.660s)+ts(1793,0.120s)+build.sh(1791,0.000s)+build.sh(1790,0.000s)+build.sh(1709,0.060s)+oryx(1690,4.290s)+tee(1691,0.000s)+bash(1689,0.000s)=total(52.130s)" date="2025-07-26T09:54:49.771" /><!-- duration: 40ms -->
              <step title="bash: no io activity for 61s, prev-cpu=-1.000s, current-cpu=52.130s" date="2025-07-26T09:54:49.850" /><!-- duration: 10ms -->
            </step><!-- duration: 167095ms -->
            <step title="Using PythonDeploymentLogParser" date="2025-07-26T09:56:05.411" /><!-- duration: 5ms -->
            <step title="Triggering recycle (preview mode disabled)." date="2025-07-26T09:56:06.481" /><!-- duration: 4ms -->
            <step title="Modified file to trigger a restart of the app container." date="2025-07-26T09:56:06.505" /><!-- duration: 3ms -->
            <step title="Skip function trigger and logicapp sync because function is not enabled." date="2025-07-26T09:56:06.535" /><!-- duration: 4ms -->
            <step title="Purge deployment items" date="2025-07-26T09:56:07.589" >
              <step title="Remove 74f91a886, Success, received at 07/21/2025 06:14:17" date="2025-07-26T09:56:07.637" /><!-- duration: 2ms -->
            </step><!-- duration: 54ms -->
          </step><!-- duration: 170303ms -->
        </step><!-- duration: 170430ms -->
        <step title="Cleaning up temp files" date="2025-07-26T09:56:07.713" /><!-- duration: 2897ms -->
        <step title="Cleaning up temp files" date="2025-07-26T09:56:10.617" /><!-- duration: 509ms -->
        <step title="Reloading status file with latest updates" date="2025-07-26T09:56:11.155" >
          <step title="WebHooksManager.PublishEventAsync: PostDeployment" date="2025-07-26T09:56:11.174" /><!-- duration: 193ms -->
        </step><!-- duration: 221ms -->
        <step title="Executing external process" date="2025-07-26T09:56:11.437" type="process" path="git" arguments="log -n 1 master --" /><!-- duration: 77ms -->
      </step><!-- duration: 174378ms -->
      <step title="Perform deploy exiting successfully" date="2025-07-26T09:56:11.528" 