<step title="Incoming Request" date="2025-07-19T04:09:49.268" instance="831bc3" url="/ai-learning-tracker-bharath.git/git-receive-pack" method="POST" type="request" pid="803,1,65" Accept="application/x-git-receive-pack-result" Host="ai-learning-tracker-bharath.scm.azurewebsites.net" User-Agent="git/2.50.1.windows.1" Accept-Encoding="deflate, gzip, br, zstd" Authorization="Bas..." Content-Type="application/x-git-receive-pack-request" Content-Length="2331" X-ARR-LOG-ID="711c9292-c7b2-4af3-8328-12674436fe3a" CLIENT-IP="122.177.246.142:4606" X-SITE-DEPLOYMENT-ID="ai-learning-tracker-bharath" WAS-DEFAULT-HOSTNAME="ai-learning-tracker-bharath.scm.azurewebsites.net" X-Forwarded-Proto="https" X-AppService-Proto="https" X-Forwarded-TlsVersion="1.3" X-WAWS-Unencoded-URL="/ai-learning-tracker-bharath.git/git-receive-pack" X-Client-IP="122.177.246.142" X-Client-Port="4606" >
  <step title="RpcService.ReceivePack" date="2025-07-19T04:09:49.294" >
    <step title="Executing external process" date="2025-07-19T04:09:49.344" type="process" path="git" arguments="rev-parse --git-dir" /><!-- duration: 29ms -->
    <step title="Assuming git repository at /home/site/repository" date="2025-07-19T04:09:49.376" /><!-- duration: 3ms -->
    <step title="Acquiring Deployment Lock" date="2025-07-19T04:09:49.388" /><!-- duration: 2ms -->
    <step title="Acquired Deployment Lock" date="2025-07-19T04:09:49.438" /><!-- duration: 2ms -->
    <step title="Creating temporary deployment" date="2025-07-19T04:09:49.447" /><!-- duration: 107ms -->
    <step title="GitExeServer.Receive" date="2025-07-19T04:09:49.563" >
      <step title="Executing external process" date="2025-07-19T04:09:49.728" type="process" path="git" arguments="receive-pack --stateless-rpc &quot;/home/site/repository&quot;" /><!-- duration: 95163ms -->
    </step><!-- duration: 95344ms -->
    <step title="Releasing Deployment Lock" date="2025-07-19T04:11:25.249" /><!-- duration: 3ms -->
  </step><!-- duration: 95977ms -->
  <step title="Outgoing response" date="2025-07-19T04:11:25.288" type="response" statusCode="200" statusText="OK" /><!-- duration: 3ms -->
</step><!-- duration: 96032ms -->
