<step title="Incoming Request" date="2025-07-05T05:53:19.323" instance="978831" url="/ai-learning-tracker-bharath.git/info/refs?service=git-receive-pack" method="GET" type="request" pid="805,1,29" Accept="*/*" Host="ai-learning-tracker-bharath.scm.azurewebsites.net" User-Agent="git/2.50.0.windows.2" Accept-Encoding="deflate, gzip, br, zstd" Authorization="Bas..." Pragma="no-cache" X-ARR-LOG-ID="ceaaf671-2c97-40e8-9d4b-0dc30d927c4c" CLIENT-IP="136.185.80.59:51490" X-SITE-DEPLOYMENT-ID="ai-learning-tracker-bharath" WAS-DEFAULT-HOSTNAME="ai-learning-tracker-bharath.scm.azurewebsites.net" X-Forwarded-Proto="https" X-AppService-Proto="https" X-Forwarded-TlsVersion="1.3" X-WAWS-Unencoded-URL="/ai-learning-tracker-bharath.git/info/refs?service=git-receive-pack" X-Client-IP="136.185.80.59" X-Client-Port="51490" >
  <step title="InfoRefsService.Execute" date="2025-07-05T05:53:21.419" >
    <step title="Executing external process" date="2025-07-05T05:53:21.470" type="process" path="git" arguments="rev-parse --git-dir" /><!-- duration: 122ms -->
    <step title="Assuming git repository at /home/site/repository" date="2025-07-05T05:53:21.600" /><!-- duration: 6ms -->
    <step title="InfoRefsService.SmartInfoRefs" date="2025-07-05T05:53:21.610" >
      <step title="Executing external process" date="2025-07-05T05:53:21.625" type="process" path="git" arguments="rev-parse --git-dir" /><!-- duration: 31ms -->
      <step title="Assuming git repository at /home/site/repository" date="2025-07-05T05:53:21.663" /><!-- duration: 3ms -->
      <step title="GitExeServer.AdvertiseReceivePack" date="2025-07-05T05:53:21.674" >
        <step title="Executing external process" date="2025-07-05T05:53:21.695" type="process" path="git" arguments="receive-pack --stateless-rpc --advertise-refs &quot;/home/site/repository&quot;" /><!-- duration: 44ms -->
      </step><!-- duration: 68ms -->
      <step title="Writing 182 bytes" date="2025-07-05T05:53:21.744" /><!-- duration: 2ms -->
    </step><!-- duration: 144ms -->
  </step><!-- duration: 338ms -->
  <step title="Outgoing response" date="2025-07-05T05:53:21.783" type="response" statusCode="200" statusText="OK" /><!-- duration: 13ms -->
</step><!-- duration: 2476ms -->
