<step title="Incoming Request" date="2025-07-19T05:25:16.206" instance="831bc3" url="/ai-learning-tracker-bharath.git/git-receive-pack" method="POST" type="request" pid="803,1,7" Accept="application/x-git-receive-pack-result" Host="ai-learning-tracker-bharath.scm.azurewebsites.net" User-Agent="git/2.50.1.windows.1" Accept-Encoding="deflate, gzip, br, zstd" Authorization="Bas..." Content-Type="application/x-git-receive-pack-request" Content-Length="2971" X-ARR-LOG-ID="c9fc0941-8749-41ff-b020-8f7f9e86700a" CLIENT-IP="122.177.246.142:29399" X-SITE-DEPLOYMENT-ID="ai-learning-tracker-bharath" WAS-DEFAULT-HOSTNAME="ai-learning-tracker-bharath.scm.azurewebsites.net" X-Forwarded-Proto="https" X-AppService-Proto="https" X-Forwarded-TlsVersion="1.3" X-WAWS-Unencoded-URL="/ai-learning-tracker-bharath.git/git-receive-pack" X-Client-IP="122.177.246.142" X-Client-Port="29399" >
  <step title="RpcService.ReceivePack" date="2025-07-19T05:25:16.216" >
    <step title="Executing external process" date="2025-07-19T05:25:16.231" type="process" path="git" arguments="rev-parse --git-dir" /><!-- duration: 50ms -->
    <step title="Assuming git repository at /home/site/repository" date="2025-07-19T05:25:16.284" /><!-- duration: 2ms -->
    <step title="Acquiring Deployment Lock" date="2025-07-19T05:25:16.293" /><!-- duration: 2ms -->
    <step title="Acquired Deployment Lock" date="2025-07-19T05:25:16.335" /><!-- duration: 3ms -->
    <step title="Creating temporary deployment" date="2025-07-19T05:25:16.343" /><!-- duration: 75ms -->
    <step title="GitExeServer.Receive" date="2025-07-19T05:25:16.423" >
      <step title="Executing external process" date="2025-07-19T05:25:16.427" type="process" path="git" arguments="receive-pack --stateless-rpc &quot;/home/site/repository&quot;" /><!-- duration: 96882ms -->
    </step><!-- duration: 96915ms -->
    <step title="Releasing Deployment Lock" date="2025-07-19T05:26:53.658" /><!-- duration: 21ms -->
  </step><!-- duration: 97483ms -->
  <step title="Outgoing response" date="2025-07-19T05:26:53.717" type="response" statusCode="200" statusText="OK" /><!-- duration: 4ms -->
</step><!-- duration: 97522ms -->
