<step title="Executing external process" date="2025-07-01T18:19:58.049" instance="978831" type="process" path="kudu.exe" arguments="/home/site /opt/Kudu/msbuild" >
  <step title="Cleanup Xml Logs" date="2025-07-01T18:19:58.071" /><!-- duration: 38ms -->
  <step title="Deployment timer started" date="2025-07-01T18:19:58.225" >
    <step title="Executing external process" date="2025-07-01T18:19:58.255" type="process" path="git" arguments="log -n 1 master --" /><!-- duration: 232ms -->
    <step title="DeploymentManager.Deploy(id:b62c72e4f344472131c6c03eaac5a7626ce42c59)" date="2025-07-01T18:19:58.508" >
      <step title="Collecting changeset information" date="2025-07-01T18:19:58.567" /><!-- duration: 271ms -->
      <step title="Updating to specific changeset" date="2025-07-01T18:19:58.848" >
        <step title="Executing external process" date="2025-07-01T18:19:59.997" type="process" path="git" arguments="checkout master --force" /><!-- duration: 454ms -->
      </step><!-- duration: 1606ms -->
      <step title="Updating submodules" date="2025-07-01T18:20:00.457" /><!-- duration: 107ms -->
      <step title="Determining deployment builder" date="2025-07-01T18:20:00.752" >
        <step title="Builder is OryxBuilder" date="2025-07-01T18:20:00.782" /><!-- duration: 3ms -->
      </step><!-- duration: 39ms -->
      <step title="PreDeployment: context.CleanOutputPath False" date="2025-07-01T18:20:00.827" >
        <step title="PreDeployment: context.OutputPath /home/site/wwwroot" date="2025-07-01T18:20:00.925" >
          <step title="Building" date="2025-07-01T18:20:01.045" >
            <step title="Executing external process" date="2025-07-01T18:20:01.701" type="process" path="bash" arguments="-c &quot;oryx build /home/site/repository -o /home/site/wwwroot --platform python --platform-version 3.9 -p virtualenv_name=antenv --log-file /tmp/build-debug.log  -i /tmp/8ddb8cbe48003e1 --compress-destination-dir | tee /tmp/oryx-build.log ; exit $PIPESTATUS &quot;" /><!-- duration: 75004ms -->
            <step title="Using PythonDeploymentLogParser" date="2025-07-01T18:21:17.414" /><!-- duration: 9ms -->
            <step title="Triggering recycle (preview mode disabled)." date="2025-07-01T18:21:18.466" /><!-- duration: 3ms -->
            <step title="Modified file to trigger a restart of the app container." date="2025-07-01T18:21:18.576" /><!-- duration: 3ms -->
            <step title="Skip function trigger and logicapp sync because function is not enabled." date="2025-07-01T18:21:18.606" /><!-- duration: 3ms -->
            <step title="Purge deployment items" date="2025-07-01T18:21:19.585" >
              <step title="Remove 652f12833, Success, received at 06/30/2025 18:05:09" date="2025-07-01T18:21:19.743" /><!-- duration: 18ms -->
            </step><!-- duration: 186ms -->
          </step><!-- duration: 78811ms -->
        </step><!-- duration: 78935ms -->
        <step title="Cleaning up temp files" date="2025-07-01T18:21:19.868" /><!-- duration: 2010ms -->
        <step title="Cleaning up temp files" date="2025-07-01T18:21:21.895" /><!-- duration: 511ms -->
        <step title="Reloading status file with latest updates" date="2025-07-01T18:21:22.428" >
          <step title="WebHooksManager.PublishEventAsync: PostDeployment" date="2025-07-01T18:21:22.440" /><!-- duration: 129ms -->
        </step><!-- duration: 144ms -->
        <step title="Executing external process" date="2025-07-01T18:21:22.597" type="process" path="git" arguments="log -n 1 master --" /><!-- duration: 78ms -->
      </step><!-- duration: 81858ms -->
      <step title="Perform deploy exiting successfully" date="2025-07-01T18:21:22.704" 