<step title="Incoming Request" date="2025-07-21T17:28:29.261" instance="831bc3" url="/ai-learning-tracker-bharath.git/info/refs?service=git-receive-pack" method="GET" type="request" pid="803,1,74" Accept="*/*" Host="ai-learning-tracker-bharath.scm.azurewebsites.net" User-Agent="git/2.50.1.windows.1" Accept-Encoding="deflate, gzip, br, zstd" Authorization="Bas..." Pragma="no-cache" X-ARR-LOG-ID="4af98e16-4743-4575-aa87-259a148398aa" CLIENT-IP="122.177.245.132:16655" X-SITE-DEPLOYMENT-ID="ai-learning-tracker-bharath" WAS-DEFAULT-HOSTNAME="ai-learning-tracker-bharath.scm.azurewebsites.net" X-Forwarded-Proto="https" X-AppService-Proto="https" X-Forwarded-TlsVersion="1.3" X-WAWS-Unencoded-URL="/ai-learning-tracker-bharath.git/info/refs?service=git-receive-pack" X-Client-IP="122.177.245.132" X-Client-Port="16655" >
  <step title="Cleanup Xml Logs" date="2025-07-21T17:28:29.282" >
    <step title="Cleanup Infos" date="2025-07-21T17:28:29.309" totalFiles="323" totalCleanup="163" /><!-- duration: 19ms -->
  </step><!-- duration: 52ms -->
  <step title="InfoRefsService.Execute" date="2025-07-21T17:28:29.781" >
    <step title="Executing external process" date="2025-07-21T17:28:29.829" type="process" path="git" arguments="rev-parse --git-dir" /><!-- duration: 234ms -->
    <step title="Assuming git repository at /home/site/repository" date="2025-07-21T17:28:30.080" /><!-- duration: 3ms -->
    <step title="InfoRefsService.SmartInfoRefs" date="2025-07-21T17:28:30.093" >
      <step title="Executing external process" date="2025-07-21T17:28:30.109" type="process" path="git" arguments="rev-parse --git-dir" /><!-- duration: 23ms -->
      <step title="Assuming git repository at /home/site/repository" date="2025-07-21T17:28:30.134" /><!-- duration: 3ms -->
      <step title="GitExeServer.AdvertiseReceivePack" date="2025-07-21T17:28:30.148" >
        <step title="Executing external process" date="2025-07-21T17:28:30.150" type="process" path="git" arguments="receive-pack --stateless-rpc --advertise-refs &quot;/home/site/repository&quot;" /><!-- duration: 81ms -->
      </step><!-- duration: 85ms -->
      <step title="Writing 182 bytes" date="2025-07-21T17:28:30.237" /><!-- duration: 2ms -->
    </step><!-- duration: 159ms -->
  </step><!-- duration: 478ms -->
  <step title="Outgoing response" date="2025-07-21T17:28:30.285" type="response" statusCode="200" statusText="OK" /><!-- duration: 4ms -->
</step><!-- duration: 1031ms -->
