<step title="Executing external process" date="2025-07-19T04:25:12.474" instance="831bc3" type="process" path="kudu.exe" arguments="/home/site /opt/Kudu/msbuild" >
  <step title="Cleanup Xml Logs" date="2025-07-19T04:25:12.495" >
    <step title="Cleanup Infos" date="2025-07-19T04:25:12.504" totalFiles="214" totalCleanup="54" /><!-- duration: 9ms -->
  </step><!-- duration: 29ms -->
  <step title="Deployment timer started" date="2025-07-19T04:25:12.633" >
    <step title="Executing external process" date="2025-07-19T04:25:12.689" type="process" path="git" arguments="log -n 1 master --" /><!-- duration: 139ms -->
    <step title="DeploymentManager.Deploy(id:29ed8858ab72ea14158f8b4206a3a7c3aaf2c5c8)" date="2025-07-19T04:25:12.840" >
      <step title="Collecting changeset information" date="2025-07-19T04:25:12.898" /><!-- duration: 363ms -->
      <step title="Updating to specific changeset" date="2025-07-19T04:25:13.274" >
        <step title="Executing external process" date="2025-07-19T04:25:14.469" type="process" path="git" arguments="checkout master --force" /><!-- duration: 778ms -->
      </step><!-- duration: 1977ms -->
      <step title="Updating submodules" date="2025-07-19T04:25:15.260" /><!-- duration: 137ms -->
      <step title="Determining deployment builder" date="2025-07-19T04:25:15.629" >
        <step title="Builder is OryxBuilder" date="2025-07-19T04:25:15.669" /><!-- duration: 11ms -->
      </step><!-- duration: 70ms -->
      <step title="PreDeployment: context.CleanOutputPath False" date="2025-07-19T04:25:15.737" >
        <step title="PreDeployment: context.OutputPath /home/site/wwwroot" date="2025-07-19T04:25:15.829" >
          <step title="Building" date="2025-07-19T04:25:15.947" >
            <step title="Executing external process" date="2025-07-19T04:25:16.289" type="process" path="bash" arguments="-c &quot;oryx build /home/site/repository -o /home/site/wwwroot --platform python --platform-version 3.9 -p virtualenv_name=antenv --log-file /tmp/build-debug.log  -i /tmp/8ddc67c42e70bd3 --compress-destination-dir | tee /tmp/oryx-build.log ; exit $PIPESTATUS &quot;" /><!-- duration: 88280ms -->
            <step title="Using PythonDeploymentLogParser" date="2025-07-19T04:26:45.129" /><!-- duration: 2ms -->
            <step title="Triggering recycle (preview mode disabled)." date="2025-07-19T04:26:46.167" /><!-- duration: 5ms -->
            <step title="Modified file to trigger a restart of the app container." date="2025-07-19T04:26:46.199" /><!-- duration: 2ms -->
            <step title="Skip function trigger and logicapp sync because function is not enabled." date="2025-07-19T04:26:46.217" /><!-- duration: 2ms -->
            <step title="Purge deployment items" date="2025-07-19T04:26:47.226" >
              <step title="Remove cc98e0635, Success, received at 07/05/2025 18:04:42" date="2025-07-19T04:26:47.273" /><!-- duration: 2ms -->
            </step><!-- duration: 51ms -->
          </step><!-- duration: 91394ms -->
        </step><!-- duration: 91516ms -->
        <step title="Cleaning up temp files" date="2025-07-19T04:26:47.348" /><!-- duration: 470ms -->
        <step title="Cleaning up temp files" date="2025-07-19T04:26:47.826" /><!-- duration: 528ms -->
        <step title="Reloading status file with latest updates" date="2025-07-19T04:26:48.424" >
          <step title="WebHooksManager.PublishEventAsync: PostDeployment" date="2025-07-19T04:26:48.427" /><!-- duration: 225ms -->
        </step><!-- duration: 231ms -->
        <step title="Executing external process" date="2025-07-19T04:26:48.683" type="process" path="git" arguments="log -n 1 master --" /><!-- duration: 115ms -->
      </step><!-- duration: 93064ms -->
      <step title="Perform deploy exiting successfully" date="2025-07-19T04:26:48.804" 