<step title="Incoming Request" date="2025-06-29T15:55:58.551" instance="978831" url="/ai-learning-tracker-bharath.git/info/refs?service=git-upload-pack" method="GET" type="request" pid="807,1,86" Accept="*/*" Host="ai-learning-tracker-bharath.scm.azurewebsites.net" User-Agent="git/2.50.0.windows.1" Accept-Encoding="deflate, gzip, br, zstd" Authorization="Bas..." Pragma="no-cache" git-protocol="version=2" X-ARR-LOG-ID="1b5a4e4c-223f-4796-af97-e1ae190ff318" CLIENT-IP="106.201.160.25:61729" X-SITE-DEPLOYMENT-ID="ai-learning-tracker-bharath" WAS-DEFAULT-HOSTNAME="ai-learning-tracker-bharath.scm.azurewebsites.net" X-Forwarded-Proto="https" X-AppService-Proto="https" X-Forwarded-TlsVersion="1.3" X-WAWS-Unencoded-URL="/ai-learning-tracker-bharath.git/info/refs?service=git-upload-pack" X-Client-IP="106.201.160.25" X-Client-Port="61729" >
  <step title="Cleanup Xml Logs" date="2025-06-29T15:55:58.571" /><!-- duration: 13ms -->
  <step title="InfoRefsService.Execute" date="2025-06-29T15:55:58.640" >
    <step title="Executing external process" date="2025-06-29T15:55:58.660" type="process" path="git" arguments="rev-parse --git-dir" /><!-- duration: 50ms -->
    <step title="Assuming git repository at /home/site/repository" date="2025-06-29T15:55:58.714" /><!-- duration: 3ms -->
    <step title="InfoRefsService.SmartInfoRefs" date="2025-06-29T15:55:58.720" >
      <step title="Executing external process" date="2025-06-29T15:55:58.739" type="process" path="git" arguments="rev-parse --git-dir" /><!-- duration: 31ms -->
      <step title="Assuming git repository at /home/site/repository" date="2025-06-29T15:55:58.772" /><!-- duration: 8ms -->
      <step title="GitExeServer.AdvertiseUploadPack" date="2025-06-29T15:55:58.800" >
        <step title="Executing external process" date="2025-06-29T15:55:58.811" type="process" path="git" arguments="upload-pack --stateless-rpc --advertise-refs &quot;/home/site/repository&quot;" /><!-- duration: 221ms -->
      </step><!-- duration: 259ms -->
      <step title="Writing 351 bytes" date="2025-06-29T15:55:59.062" /><!-- duration: 7ms -->
    </step><!-- duration: 359ms -->
  </step><!-- duration: 442ms -->
  <step title="Outgoing response" date="2025-06-29T15:55:59.119" type="response" statusCode="200" statusText="OK" /><!-- duration: 27ms -->
</step><!-- duration: 596ms -->
