<step title="Executing external process" date="2025-06-28T19:24:20.038" instance="978831" type="process" path="kudu.exe" arguments="/home/site /opt/Kudu/msbuild" >
  <step title="Cleanup Xml Logs" date="2025-06-28T19:24:20.054" /><!-- duration: 7ms -->
  <step title="Deployment timer started" date="2025-06-28T19:24:20.115" >
    <step title="Executing external process" date="2025-06-28T19:24:20.142" type="process" path="git" arguments="log -n 1 master --" /><!-- duration: 190ms -->
    <step title="DeploymentManager.Deploy(id:15389a2c4509808bed41e497f5c97a1e7bac85b3)" date="2025-06-28T19:24:20.350" >
      <step title="Collecting changeset information" date="2025-06-28T19:24:20.408" /><!-- duration: 237ms -->
      <step title="Updating to specific changeset" date="2025-06-28T19:24:20.651" >
        <step title="Executing external process" date="2025-06-28T19:24:21.834" type="process" path="git" arguments="checkout master --force" /><!-- duration: 418ms -->
      </step><!-- duration: 1606ms -->
      <step title="Updating submodules" date="2025-06-28T19:24:22.260" /><!-- duration: 130ms -->
      <step title="Determining deployment builder" date="2025-06-28T19:24:22.608" >
        <step title="Builder is OryxBuilder" date="2025-06-28T19:24:22.643" /><!-- duration: 9ms -->
      </step><!-- duration: 53ms -->
      <step title="PreDeployment: context.CleanOutputPath False" date="2025-06-28T19:24:22.708" >
        <step title="PreDeployment: context.OutputPath /home/site/wwwroot" date="2025-06-28T19:24:22.800" >
          <step title="Building" date="2025-06-28T19:24:22.921" >
            <step title="Executing external process" date="2025-06-28T19:24:23.275" type="process" path="bash" arguments="-c &quot;oryx build /home/site/repository -o /home/site/wwwroot --platform python --platform-version 3.9 -p virtualenv_name=antenv --log-file /tmp/build-debug.log  -i /tmp/8ddb679631d57de --compress-destination-dir | tee /tmp/oryx-build.log ; exit $PIPESTATUS &quot;" /><!-- duration: 57598ms -->
            <step title="Using PythonDeploymentLogParser" date="2025-06-28T19:25:21.303" /><!-- duration: 2ms -->
            <step title="Triggering recycle (preview mode disabled)." date="2025-06-28T19:25:22.168" /><!-- duration: 3ms -->
            <step title="Modified file to trigger a restart of the app container." date="2025-06-28T19:25:22.189" /><!-- duration: 2ms -->
            <step title="Skip function trigger and logicapp sync because function is not enabled." date="2025-06-28T19:25:22.229" /><!-- duration: 7ms -->
          </step><!-- duration: 60004ms -->
        </step><!-- duration: 60128ms -->
        <step title="Cleaning up temp files" date="2025-06-28T19:25:22.930" /><!-- duration: 1800ms -->
        <step title="Cleaning up temp files" date="2025-06-28T19:25:24.741" /><!-- duration: 511ms -->
        <step title="Reloading status file with latest updates" date="2025-06-28T19:25:25.273" >
          <step title="WebHooksManager.PublishEventAsync: PostDeployment" date="2025-06-28T19:25:25.283" /><!-- duration: 142ms -->
        </step><!-- duration: 153ms -->
        <step title="Executing external process" date="2025-06-28T19:25:25.446" type="process" path="git" arguments="log -n 1 master --" /><!-- duration: 67ms -->
      </step><!-- duration: 62808ms -->
      <step title="Perform deploy exiting successfully" date="2025-06-28T19:25:25.532" 