<step title="Incoming Request" date="2025-07-19T08:16:16.012" instance="831bc3" url="/ai-learning-tracker-bharath.git/info/refs?service=git-receive-pack" method="GET" type="request" pid="803,1,84" Accept="*/*" Host="ai-learning-tracker-bharath.scm.azurewebsites.net" User-Agent="git/2.50.1.windows.1" Accept-Encoding="deflate, gzip, br, zstd" Authorization="Bas..." Pragma="no-cache" X-ARR-LOG-ID="afb7fccd-dde1-4b7b-945b-84f2b7fc5f48" CLIENT-IP="122.177.246.142:31029" X-SITE-DEPLOYMENT-ID="ai-learning-tracker-bharath" WAS-DEFAULT-HOSTNAME="ai-learning-tracker-bharath.scm.azurewebsites.net" X-Forwarded-Proto="https" X-AppService-Proto="https" X-Forwarded-TlsVersion="1.3" X-WAWS-Unencoded-URL="/ai-learning-tracker-bharath.git/info/refs?service=git-receive-pack" X-Client-IP="122.177.246.142" X-Client-Port="31029" >
  <step title="Cleanup Xml Logs" date="2025-07-19T08:16:16.026" >
    <step title="Cleanup Infos" date="2025-07-19T08:16:16.063" totalFiles="239" totalCleanup="79" /><!-- duration: 7ms -->
  </step><!-- duration: 46ms -->
  <step title="InfoRefsService.Execute" date="2025-07-19T08:16:16.091" >
    <step title="Executing external process" date="2025-07-19T08:16:16.199" type="process" path="git" arguments="rev-parse --git-dir" /><!-- duration: 73ms -->
    <step title="Assuming git repository at /home/site/repository" date="2025-07-19T08:16:16.275" /><!-- duration: 2ms -->
    <step title="InfoRefsService.SmartInfoRefs" date="2025-07-19T08:16:16.281" >
      <step title="Executing external process" date="2025-07-19T08:16:16.290" type="process" path="git" arguments="rev-parse --git-dir" /><!-- duration: 29ms -->
      <step title="Assuming git repository at /home/site/repository" date="2025-07-19T08:16:16.321" /><!-- duration: 2ms -->
      <step title="GitExeServer.AdvertiseReceivePack" date="2025-07-19T08:16:16.330" >
        <step title="Executing external process" date="2025-07-19T08:16:16.331" type="process" path="git" arguments="receive-pack --stateless-rpc --advertise-refs &quot;/home/site/repository&quot;" /><!-- duration: 56ms -->
      </step><!-- duration: 59ms -->
      <step title="Writing 182 bytes" date="2025-07-19T08:16:16.390" /><!-- duration: 1ms -->
    </step><!-- duration: 115ms -->
  </step><!-- duration: 307ms -->
  <step title="Outgoing response" date="2025-07-19T08:16:16.437" type="response" statusCode="200" statusText="OK" /><!-- duration: 2ms -->
</step><!-- duration: 429ms -->
