<step title="Incoming Request" date="2025-07-21T07:11:37.975" instance="831bc3" url="/ai-learning-tracker-bharath.git/info/refs?service=git-receive-pack" method="GET" type="request" pid="803,1,59" Accept="*/*" Host="ai-learning-tracker-bharath.scm.azurewebsites.net" User-Agent="git/2.50.1.windows.1" Accept-Encoding="deflate, gzip, br, zstd" Authorization="Bas..." Pragma="no-cache" X-ARR-LOG-ID="6b74405f-4d8f-48b6-a84c-292957ccd011" CLIENT-IP="122.177.245.132:26698" X-SITE-DEPLOYMENT-ID="ai-learning-tracker-bharath" WAS-DEFAULT-HOSTNAME="ai-learning-tracker-bharath.scm.azurewebsites.net" X-Forwarded-Proto="https" X-AppService-Proto="https" X-Forwarded-TlsVersion="1.3" X-WAWS-Unencoded-URL="/ai-learning-tracker-bharath.git/info/refs?service=git-receive-pack" X-Client-IP="122.177.245.132" X-Client-Port="26698" >
  <step title="Cleanup Xml Logs" date="2025-07-21T07:11:37.983" >
    <step title="Cleanup Infos" date="2025-07-21T07:11:37.998" totalFiles="307" totalCleanup="147" /><!-- duration: 11ms -->
  </step><!-- duration: 30ms -->
  <step title="InfoRefsService.Execute" date="2025-07-21T07:11:38.079" >
    <step title="Executing external process" date="2025-07-21T07:11:38.095" type="process" path="git" arguments="rev-parse --git-dir" /><!-- duration: 65ms -->
    <step title="Assuming git repository at /home/site/repository" date="2025-07-21T07:11:38.170" /><!-- duration: 3ms -->
    <step title="InfoRefsService.SmartInfoRefs" date="2025-07-21T07:11:38.188" >
      <step title="Executing external process" date="2025-07-21T07:11:38.205" type="process" path="git" arguments="rev-parse --git-dir" /><!-- duration: 49ms -->
      <step title="Assuming git repository at /home/site/repository" date="2025-07-21T07:11:38.256" /><!-- duration: 4ms -->
      <step title="GitExeServer.AdvertiseReceivePack" date="2025-07-21T07:11:38.265" >
        <step title="Executing external process" date="2025-07-21T07:11:38.267" type="process" path="git" arguments="receive-pack --stateless-rpc --advertise-refs &quot;/home/site/repository&quot;" /><!-- duration: 69ms -->
      </step><!-- duration: 75ms -->
      <step title="Writing 182 bytes" date="2025-07-21T07:11:38.347" /><!-- duration: 2ms -->
    </step><!-- duration: 169ms -->
  </step><!-- duration: 281ms -->
  <step title="Outgoing response" date="2025-07-21T07:11:38.371" type="response" statusCode="200" statusText="OK" /><!-- duration: 2ms -->
</step><!-- duration: 401ms -->
