<step title="Executing external process" date="2025-07-05T17:42:44.738" instance="978831" type="process" path="kudu.exe" arguments="/home/site /opt/Kudu/msbuild" >
  <step title="Cleanup Xml Logs" date="2025-07-05T17:42:44.778" /><!-- duration: 29ms -->
  <step title="Deployment timer started" date="2025-07-05T17:42:44.886" >
    <step title="Executing external process" date="2025-07-05T17:42:44.933" type="process" path="git" arguments="log -n 1 master --" /><!-- duration: 366ms -->
    <step title="DeploymentManager.Deploy(id:b8fd62ce8a892b483dc0c00cb29f2e717cc557f7)" date="2025-07-05T17:42:45.356" >
      <step title="Collecting changeset information" date="2025-07-05T17:42:45.455" /><!-- duration: 462ms -->
      <step title="Updating to specific changeset" date="2025-07-05T17:42:46.007" >
        <step title="Executing external process" date="2025-07-05T17:42:47.437" type="process" path="git" arguments="checkout master --force" /><!-- duration: 8256ms -->
      </step><!-- duration: 9692ms -->
      <step title="Updating submodules" date="2025-07-05T17:42:55.704" /><!-- duration: 203ms -->
      <step title="Determining deployment builder" date="2025-07-05T17:42:56.110" >
        <step title="Builder is OryxBuilder" date="2025-07-05T17:42:56.144" /><!-- duration: 2ms -->
      </step><!-- duration: 44ms -->
      <step title="PreDeployment: context.CleanOutputPath False" date="2025-07-05T17:42:56.195" >
        <step title="PreDeployment: context.OutputPath /home/site/wwwroot" date="2025-07-05T17:42:56.285" >
          <step title="Building" date="2025-07-05T17:42:56.382" >
            <step title="Executing external process" date="2025-07-05T17:42:56.690" type="process" path="bash" arguments="-c &quot;oryx build /home/site/repository -o /home/site/wwwroot --platform python --platform-version 3.9 -p virtualenv_name=antenv --log-file /tmp/build-debug.log  -i /tmp/8ddbbeb602a412e --compress-destination-dir | tee /tmp/oryx-build.log ; exit $PIPESTATUS &quot;" /><!-- duration: 78925ms -->
            <step title="Using PythonDeploymentLogParser" date="2025-07-05T17:44:16.017" /><!-- duration: 8ms -->
            <step title="Triggering recycle (preview mode disabled)." date="2025-07-05T17:44:16.783" /><!-- duration: 9ms -->
            <step title="Modified file to trigger a restart of the app container." date="2025-07-05T17:44:16.820" /><!-- duration: 3ms -->
            <step title="Skip function trigger and logicapp sync because function is not enabled." date="2025-07-05T17:44:16.849" /><!-- duration: 2ms -->
            <step title="Purge deployment items" date="2025-07-05T17:44:18.029" >
              <step title="Remove 867caafce, Success, received at 07/01/2025 16:10:41" date="2025-07-05T17:44:18.205" /><!-- duration: 2ms -->
            </step><!-- duration: 180ms -->
          </step><!-- duration: 81882ms -->
        </step><!-- duration: 81981ms -->
        <step title="Cleaning up temp files" date="2025-07-05T17:44:18.268" /><!-- duration: 1931ms -->
        <step title="Cleaning up temp files" date="2025-07-05T17:44:20.204" /><!-- duration: 508ms -->
        <step title="Reloading status file with latest updates" date="2025-07-05T17:44:20.744" >
          <step title="WebHooksManager.PublishEventAsync: PostDeployment" date="2025-07-05T17:44:20.753" /><!-- duration: 184ms -->
        </step><!-- duration: 194ms -->
        <step title="Executing external process" date="2025-07-05T17:44:20.958" type="process" path="git" arguments="log -n 1 master --" /><!-- duration: 96ms -->
      </step><!-- duration: 84862ms -->
      <step title="Perform deploy exiting successfully" date="2025-07-05T17:44:21.065" 