<step title="Incoming Request" date="2025-07-28T06:25:24.595" instance="831bc3" url="/ai-learning-tracker-bharath.git/git-receive-pack" method="POST" type="request" pid="805,1,16" Accept="application/x-git-receive-pack-result" Host="ai-learning-tracker-bharath.scm.azurewebsites.net" User-Agent="git/2.50.1.windows.1" Accept-Encoding="deflate, gzip, br, zstd" Authorization="Bas..." Content-Type="application/x-git-receive-pack-request" Content-Length="12019" X-ARR-LOG-ID="cb5578c8-c38e-4630-8f8f-375f936f1af2" CLIENT-IP="122.177.243.138:32025" X-SITE-DEPLOYMENT-ID="ai-learning-tracker-bharath" WAS-DEFAULT-HOSTNAME="ai-learning-tracker-bharath.scm.azurewebsites.net" X-Forwarded-Proto="https" X-AppService-Proto="https" X-Forwarded-TlsVersion="1.3" X-WAWS-Unencoded-URL="/ai-learning-tracker-bharath.git/git-receive-pack" X-Client-IP="122.177.243.138" X-Client-Port="32025" >
  <step title="RpcService.ReceivePack" date="2025-07-28T06:25:24.694" >
    <step title="Executing external process" date="2025-07-28T06:25:24.718" type="process" path="git" arguments="rev-parse --git-dir" /><!-- duration: 51ms -->
    <step title="Assuming git repository at /home/site/repository" date="2025-07-28T06:25:24.771" /><!-- duration: 3ms -->
    <step title="Acquiring Deployment Lock" date="2025-07-28T06:25:24.782" /><!-- duration: 4ms -->
    <step title="Acquired Deployment Lock" date="2025-07-28T06:25:24.840" /><!-- duration: 6ms -->
    <step title="Creating temporary deployment" date="2025-07-28T06:25:24.876" /><!-- duration: 85ms -->
    <step title="GitExeServer.Receive" date="2025-07-28T06:25:24.981" >
      <step title="Executing external process" date="2025-07-28T06:25:24.999" type="process" path="git" arguments="receive-pack --stateless-rpc &quot;/home/site/repository&quot;" /><!-- duration: 240821ms -->
    </step><!-- duration: 240858ms -->
    <step title="Releasing Deployment Lock" date="2025-07-28T06:29:25.999" /><!-- duration: 3ms -->
  </step><!-- duration: 241316ms -->
  <step title="Outgoing response" date="2025-07-28T06:29:26.026" type="response" statusCode="200" statusText="OK" /><!-- duration: 9ms -->
</step><!-- duration: 241443ms -->
