<step title="Incoming Request" date="2025-06-30T13:40:23.437" instance="978831" url="/ai-learning-tracker-bharath.git/git-receive-pack" method="POST" type="request" pid="807,1,74" Accept="application/x-git-receive-pack-result" Host="ai-learning-tracker-bharath.scm.azurewebsites.net" User-Agent="git/2.50.0.windows.1" Accept-Encoding="deflate, gzip, br, zstd" Authorization="Bas..." Content-Type="application/x-git-receive-pack-request" Content-Length="3741" X-ARR-LOG-ID="198ef928-7159-4272-8007-33f27b2753cf" CLIENT-IP="106.201.160.25:57536" X-SITE-DEPLOYMENT-ID="ai-learning-tracker-bharath" WAS-DEFAULT-HOSTNAME="ai-learning-tracker-bharath.scm.azurewebsites.net" X-Forwarded-Proto="https" X-AppService-Proto="https" X-Forwarded-TlsVersion="1.3" X-WAWS-Unencoded-URL="/ai-learning-tracker-bharath.git/git-receive-pack" X-Client-IP="106.201.160.25" X-Client-Port="57536" >
  <step title="RpcService.ReceivePack" date="2025-06-30T13:40:23.456" >
    <step title="Executing external process" date="2025-06-30T13:40:23.463" type="process" path="git" arguments="rev-parse --git-dir" /><!-- duration: 25ms -->
    <step title="Assuming git repository at /home/site/repository" date="2025-06-30T13:40:23.491" /><!-- duration: 5ms -->
    <step title="Acquiring Deployment Lock" date="2025-06-30T13:40:23.500" /><!-- duration: 2ms -->
    <step title="Acquired Deployment Lock" date="2025-06-30T13:40:23.529" /><!-- duration: 2ms -->
    <step title="Creating temporary deployment" date="2025-06-30T13:40:23.534" /><!-- duration: 37ms -->
    <step title="GitExeServer.Receive" date="2025-06-30T13:40:23.573" >
      <step title="Executing external process" date="2025-06-30T13:40:23.577" type="process" path="git" arguments="receive-pack --stateless-rpc &quot;/home/site/repository&quot;" /><!-- duration: 68565ms -->
    </step><!-- duration: 68574ms -->
    <step title="Releasing Deployment Lock" date="2025-06-30T13:41:32.227" /><!-- duration: 8ms -->
  </step><!-- duration: 68790ms -->
  <step title="Outgoing response" date="2025-06-30T13:41:32.262" type="response" statusCode="200" statusText="OK" /><!-- duration: 3ms -->
</step><!-- duration: 68831ms -->
