<step title="Executing external process" date="2025-07-21T04:19:11.477" instance="831bc3" type="process" path="kudu.exe" arguments="/home/site /opt/Kudu/msbuild" >
  <step title="Cleanup Xml Logs" date="2025-07-21T04:19:11.492" >
    <step title="Cleanup Infos" date="2025-07-21T04:19:11.505" totalFiles="283" totalCleanup="123" /><!-- duration: 5ms -->
  </step><!-- duration: 25ms -->
  <step title="Deployment timer started" date="2025-07-21T04:19:11.551" >
    <step title="Executing external process" date="2025-07-21T04:19:11.599" type="process" path="git" arguments="log -n 1 master --" /><!-- duration: 215ms -->
    <step title="DeploymentManager.Deploy(id:5abe2dfac2bf86dfd987cfe0026f8f5faecc4090)" date="2025-07-21T04:19:11.833" >
      <step title="Collecting changeset information" date="2025-07-21T04:19:11.883" /><!-- duration: 424ms -->
      <step title="Updating to specific changeset" date="2025-07-21T04:19:12.365" >
        <step title="Executing external process" date="2025-07-21T04:19:13.552" type="process" path="git" arguments="checkout master --force" /><!-- duration: 1049ms -->
      </step><!-- duration: 2242ms -->
      <step title="Updating submodules" date="2025-07-21T04:19:14.614" /><!-- duration: 124ms -->
      <step title="Determining deployment builder" date="2025-07-21T04:19:14.923" >
        <step title="Builder is OryxBuilder" date="2025-07-21T04:19:14.949" /><!-- duration: 3ms -->
      </step><!-- duration: 33ms -->
      <step title="PreDeployment: context.CleanOutputPath False" date="2025-07-21T04:19:14.996" >
        <step title="PreDeployment: context.OutputPath /home/site/wwwroot" date="2025-07-21T04:19:15.108" >
          <step title="Building" date="2025-07-21T04:19:15.229" >
            <step title="Executing external process" date="2025-07-21T04:19:15.556" type="process" path="bash" arguments="-c &quot;oryx build /home/site/repository -o /home/site/wwwroot --platform python --platform-version 3.9 -p virtualenv_name=antenv --log-file /tmp/build-debug.log  -i /tmp/8ddc80dc0b3d680 --compress-destination-dir | tee /tmp/oryx-build.log ; exit $PIPESTATUS &quot;" >
              <step title="Cpu: python(18351,41.490s)+ts(18352,0.110s)+build.sh(18350,0.000s)+build.sh(18349,0.000s)+build.sh(18268,0.070s)+oryx(18244,4.450s)+tee(18245,0.000s)+bash(18243,0.000s)=total(46.110s)" date="2025-07-21T04:20:53.861" /><!-- duration: 21ms -->
              <step title="bash: no io activity for 61s, prev-cpu=-1.000s, current-cpu=46.110s" date="2025-07-21T04:20:53.921" /><!-- duration: 20ms -->
              <step title="Cpu: gzip(18409,21.790s)+sh(18408,0.000s)+tar(18405,1.570s)+build.sh(18268,0.080s)+oryx(18244,4.760s)+tee(18245,0.000s)+bash(18243,0.000s)=total(28.190s)" date="2025-07-21T04:22:32.718" /><!-- duration: 63ms -->
              <step title="bash: no io activity for 60s, prev-cpu=-1.000s, current-cpu=28.190s" date="2025-07-21T04:22:32.818" /><!-- duration: 21ms -->
            </step><!-- duration: 201069ms -->
            <step title="Using PythonDeploymentLogParser" date="2025-07-21T04:22:37.095" /><!-- duration: 3ms -->
            <step title="Triggering recycle (preview mode disabled)." date="2025-07-21T04:22:38.071" /><!-- duration: 3ms -->
            <step title="Modified file to trigger a restart of the app container." date="2025-07-21T04:22:38.112" /><!-- duration: 4ms -->
            <step title="Skip function trigger and logicapp sync because function is not enabled." date="2025-07-21T04:22:38.136" /><!-- duration: 14ms -->
            <step title="Purge deployment items" date="2025-07-21T04:22:39.566" >
              <step title="Remove cc2d9c3d1, Success, received at 07/19/2025 09:58:04" date="2025-07-21T04:22:39.652" /><!-- duration: 9ms -->
            </step><!-- duration: 99ms -->
          </step><!-- duration: 204496ms -->
        </step><!-- duration: 204622ms -->
        <step title="Cleaning up temp files" date="2025-07-21T04:22:39.733" /><!-- duration: 4796ms -->
        <step title="Cleaning up temp files" date="2025-07-21T04:22:44.571" /><!-- duration: 569ms -->
        <step title="Reloading status file with latest updates" date="2025-07-21T04:22:45.263" >
          <step title="WebHooksManager.PublishEventAsync: PostDeployment" date="2025-07-21T04:22:45.281" /><!-- duration: 653ms -->
        </step><!-- duration: 712ms -->
        <step title="Executing external process" date="2025-07-21T04:22:46.036" type="process" path="git" arguments="log -n 1 master --" /><!-- duration: 473ms -->
      </step><!-- duration: 211522ms -->
      <step title="Perform deploy exiting successfully" date="2025-07-21T04:22:46.529" 