<step title="Incoming Request" date="2025-07-05T17:42:38.036" instance="978831" url="/ai-learning-tracker-bharath.git/info/refs?service=git-receive-pack" method="GET" type="request" pid="803,1,21" Accept="*/*" Host="ai-learning-tracker-bharath.scm.azurewebsites.net" User-Agent="git/2.50.0.windows.2" Accept-Encoding="deflate, gzip, br, zstd" Authorization="Bas..." Pragma="no-cache" X-ARR-LOG-ID="e28a01e1-8355-49d6-95d6-951de94ba31b" CLIENT-IP="136.185.80.59:62414" X-SITE-DEPLOYMENT-ID="ai-learning-tracker-bharath" WAS-DEFAULT-HOSTNAME="ai-learning-tracker-bharath.scm.azurewebsites.net" X-Forwarded-Proto="https" X-AppService-Proto="https" X-Forwarded-TlsVersion="1.3" X-WAWS-Unencoded-URL="/ai-learning-tracker-bharath.git/info/refs?service=git-receive-pack" X-Client-IP="136.185.80.59" X-Client-Port="62414" >
  <step title="Cleanup Xml Logs" date="2025-07-05T17:42:38.052" /><!-- duration: 12ms -->
  <step title="InfoRefsService.Execute" date="2025-07-05T17:42:38.588" >
    <step title="Executing external process" date="2025-07-05T17:42:38.623" type="process" path="git" arguments="rev-parse --git-dir" /><!-- duration: 190ms -->
    <step title="Assuming git repository at /home/site/repository" date="2025-07-05T17:42:38.820" /><!-- duration: 2ms -->
    <step title="InfoRefsService.SmartInfoRefs" date="2025-07-05T17:42:38.826" >
      <step title="Executing external process" date="2025-07-05T17:42:38.842" type="process" path="git" arguments="rev-parse --git-dir" /><!-- duration: 36ms -->
      <step title="Assuming git repository at /home/site/repository" date="2025-07-05T17:42:38.880" /><!-- duration: 5ms -->
      <step title="GitExeServer.AdvertiseReceivePack" date="2025-07-05T17:42:38.888" >
        <step title="Executing external process" date="2025-07-05T17:42:38.890" type="process" path="git" arguments="receive-pack --stateless-rpc --advertise-refs &quot;/home/site/repository&quot;" /><!-- duration: 62ms -->
      </step><!-- duration: 66ms -->
      <step title="Writing 182 bytes" date="2025-07-05T17:42:38.955" /><!-- duration: 5ms -->
    </step><!-- duration: 148ms -->
  </step><!-- duration: 388ms -->
  <step title="Outgoing response" date="2025-07-05T17:42:39.007" type="response" statusCode="200" statusText="OK" /><!-- duration: 5ms -->
</step><!-- duration: 978ms -->
