<step title="Executing external process" date="2025-06-28T18:20:39.702" instance="978831" type="process" path="kudu.exe" arguments="/home/site /opt/Kudu/msbuild" >
  <step title="Cleanup Xml Logs" date="2025-06-28T18:20:39.718" /><!-- duration: 9ms -->
  <step title="Deployment timer started" date="2025-06-28T18:20:39.792" >
    <step title="Executing external process" date="2025-06-28T18:20:39.813" type="process" path="git" arguments="log -n 1 master --" /><!-- duration: 147ms -->
    <step title="DeploymentManager.Deploy(id:fffda3841f23ff1a954617c4e2ef92a13499a280)" date="2025-06-28T18:20:39.988" >
      <step title="Collecting changeset information" date="2025-06-28T18:20:40.057" /><!-- duration: 465ms -->
      <step title="Updating to specific changeset" date="2025-06-28T18:20:40.531" >
        <step title="Executing external process" date="2025-06-28T18:20:41.659" type="process" path="git" arguments="checkout master --force" /><!-- duration: 483ms -->
      </step><!-- duration: 1614ms -->
      <step title="Updating submodules" date="2025-06-28T18:20:42.150" /><!-- duration: 100ms -->
      <step title="Determining deployment builder" date="2025-06-28T18:20:42.427" >
        <step title="Builder is OryxBuilder" date="2025-06-28T18:20:42.459" /><!-- duration: 2ms -->
      </step><!-- duration: 48ms -->
      <step title="PreDeployment: context.CleanOutputPath False" date="2025-06-28T18:20:42.517" >
        <step title="PreDeployment: context.OutputPath /home/site/wwwroot" date="2025-06-28T18:20:42.590" >
          <step title="Building" date="2025-06-28T18:20:42.683" >
            <step title="Executing external process" date="2025-06-28T18:20:43.012" type="process" path="bash" arguments="-c &quot;oryx build /home/site/repository -o /home/site/wwwroot --platform python --platform-version 3.9 -p virtualenv_name=antenv --log-file /tmp/build-debug.log  -i /tmp/8ddb6707e1b3dfc --compress-destination-dir | tee /tmp/oryx-build.log ; exit $PIPESTATUS &quot;" /><!-- duration: 48477ms -->
            <step title="Using PythonDeploymentLogParser" date="2025-06-28T18:21:32.174" /><!-- duration: 9ms -->
            <step title="Triggering recycle (preview mode disabled)." date="2025-06-28T18:21:33.016" /><!-- duration: 3ms -->
            <step title="Modified file to trigger a restart of the app container." date="2025-06-28T18:21:33.038" /><!-- duration: 2ms -->
            <step title="Skip function trigger and logicapp sync because function is not enabled." date="2025-06-28T18:21:33.056" /><!-- duration: 7ms -->
          </step><!-- duration: 51036ms -->
        </step><!-- duration: 51137ms -->
        <step title="Cleaning up temp files" date="2025-06-28T18:21:33.745" /><!-- duration: 1841ms -->
        <step title="Cleaning up temp files" date="2025-06-28T18:21:35.599" /><!-- duration: 528ms -->
        <step title="Reloading status file with latest updates" date="2025-06-28T18:21:36.164" >
          <step title="WebHooksManager.PublishEventAsync: PostDeployment" date="2025-06-28T18:21:36.178" /><!-- duration: 140ms -->
        </step><!-- duration: 157ms -->
        <step title="Executing external process" date="2025-06-28T18:21:36.346" type="process" path="git" arguments="log -n 1 master --" /><!-- duration: 61ms -->
      </step><!-- duration: 53893ms -->
      <step title="Perform deploy exiting successfully" date="2025-06-28T18:21:36.417" 