<step title="Incoming Request" date="2025-07-19T04:53:51.128" instance="831bc3" url="/ai-learning-tracker-bharath.git/info/refs?service=git-receive-pack" method="GET" type="request" pid="803,1,72" Accept="*/*" Host="ai-learning-tracker-bharath.scm.azurewebsites.net" User-Agent="git/2.50.1.windows.1" Accept-Encoding="deflate, gzip, br, zstd" Authorization="Bas..." Pragma="no-cache" X-ARR-LOG-ID="9380c361-ef28-461d-a235-9123c21a8369" CLIENT-IP="122.177.246.142:19206" X-SITE-DEPLOYMENT-ID="ai-learning-tracker-bharath" WAS-DEFAULT-HOSTNAME="ai-learning-tracker-bharath.scm.azurewebsites.net" X-Forwarded-Proto="https" X-AppService-Proto="https" X-Forwarded-TlsVersion="1.3" X-WAWS-Unencoded-URL="/ai-learning-tracker-bharath.git/info/refs?service=git-receive-pack" X-Client-IP="122.177.246.142" X-Client-Port="19206" >
  <step title="Cleanup Xml Logs" date="2025-07-19T04:53:51.169" >
    <step title="Cleanup Infos" date="2025-07-19T04:53:51.188" totalFiles="218" totalCleanup="58" /><!-- duration: 13ms -->
  </step><!-- duration: 34ms -->
  <step title="InfoRefsService.Execute" date="2025-07-19T04:53:51.263" >
    <step title="Executing external process" date="2025-07-19T04:53:51.287" type="process" path="git" arguments="rev-parse --git-dir" /><!-- duration: 91ms -->
    <step title="Assuming git repository at /home/site/repository" date="2025-07-19T04:53:51.392" /><!-- duration: 3ms -->
    <step title="InfoRefsService.SmartInfoRefs" date="2025-07-19T04:53:51.398" >
      <step title="Executing external process" date="2025-07-19T04:53:51.416" type="process" path="git" arguments="rev-parse --git-dir" /><!-- duration: 36ms -->
      <step title="Assuming git repository at /home/site/repository" date="2025-07-19T04:53:51.454" /><!-- duration: 4ms -->
      <step title="GitExeServer.AdvertiseReceivePack" date="2025-07-19T04:53:51.464" >
        <step title="Executing external process" date="2025-07-19T04:53:51.468" type="process" path="git" arguments="receive-pack --stateless-rpc --advertise-refs &quot;/home/site/repository&quot;" /><!-- duration: 56ms -->
      </step><!-- duration: 62ms -->
      <step title="Writing 182 bytes" date="2025-07-19T04:53:51.528" /><!-- duration: 1ms -->
    </step><!-- duration: 149ms -->
  </step><!-- duration: 286ms -->
  <step title="Outgoing response" date="2025-07-19T04:53:51.559" type="response" statusCode="200" statusText="OK" /><!-- duration: 7ms -->
</step><!-- duration: 444ms -->
