<step title="Executing external process" date="2025-07-19T03:58:07.902" instance="831bc3" type="process" path="kudu.exe" arguments="/home/site /opt/Kudu/msbuild" >
  <step title="Cleanup Xml Logs" date="2025-07-19T03:58:07.919" >
    <step title="Cleanup Infos" date="2025-07-19T03:58:07.941" totalFiles="208" totalCleanup="48" /><!-- duration: 4ms -->
  </step><!-- duration: 35ms -->
  <step title="Deployment timer started" date="2025-07-19T03:58:07.994" >
    <step title="Executing external process" date="2025-07-19T03:58:08.073" type="process" path="git" arguments="log -n 1 master --" /><!-- duration: 172ms -->
    <step title="DeploymentManager.Deploy(id:4a1d2eab41e2334f912dd00766a596e973eb9416)" date="2025-07-19T03:58:08.264" >
      <step title="Collecting changeset information" date="2025-07-19T03:58:08.302" /><!-- duration: 417ms -->
      <step title="Updating to specific changeset" date="2025-07-19T03:58:08.728" >
        <step title="Executing external process" date="2025-07-19T03:58:10.004" type="process" path="git" arguments="checkout master --force" /><!-- duration: 10634ms -->
      </step><!-- duration: 11919ms -->
      <step title="Updating submodules" date="2025-07-19T03:58:20.653" /><!-- duration: 237ms -->
      <step title="Determining deployment builder" date="2025-07-19T03:58:21.169" >
        <step title="Builder is OryxBuilder" date="2025-07-19T03:58:21.217" /><!-- duration: 2ms -->
      </step><!-- duration: 67ms -->
      <step title="PreDeployment: context.CleanOutputPath False" date="2025-07-19T03:58:21.289" >
        <step title="PreDeployment: context.OutputPath /home/site/wwwroot" date="2025-07-19T03:58:21.451" >
          <step title="Building" date="2025-07-19T03:58:21.708" >
            <step title="Executing external process" date="2025-07-19T03:58:22.583" type="process" path="bash" arguments="-c &quot;oryx build /home/site/repository -o /home/site/wwwroot --platform python --platform-version 3.9 -p virtualenv_name=antenv --log-file /tmp/build-debug.log  -i /tmp/8ddc67880997d6e --compress-destination-dir | tee /tmp/oryx-build.log ; exit $PIPESTATUS &quot;" /><!-- duration: 78265ms -->
            <step title="Using PythonDeploymentLogParser" date="2025-07-19T03:59:41.302" /><!-- duration: 10ms -->
            <step title="Triggering recycle (preview mode disabled)." date="2025-07-19T03:59:42.408" /><!-- duration: 3ms -->
            <step title="Modified file to trigger a restart of the app container." date="2025-07-19T03:59:42.442" /><!-- duration: 5ms -->
            <step title="Skip function trigger and logicapp sync because function is not enabled." date="2025-07-19T03:59:42.470" /><!-- duration: 5ms -->
            <step title="Purge deployment items" date="2025-07-19T03:59:43.705" >
              <step title="Remove b8fd62ce8, Success, received at 07/05/2025 17:42:45" date="2025-07-19T03:59:43.803" /><!-- duration: 4ms -->
            </step><!-- duration: 106ms -->
          </step><!-- duration: 82158ms -->
        </step><!-- duration: 82418ms -->
        <step title="Cleaning up temp files" date="2025-07-19T03:59:43.872" /><!-- duration: 506ms -->
        <step title="Cleaning up temp files" date="2025-07-19T03:59:44.390" /><!-- duration: 513ms -->
        <step title="Reloading status file with latest updates" date="2025-07-19T03:59:44.929" >
          <step title="WebHooksManager.PublishEventAsync: PostDeployment" date="2025-07-19T03:59:44.939" /><!-- duration: 143ms -->
        </step><!-- duration: 155ms -->
        <step title="Executing external process" date="2025-07-19T03:59:45.106" type="process" path="git" arguments="log -n 1 master --" /><!-- duration: 123ms -->
      </step><!-- duration: 83944ms -->
      <step title="Perform deploy exiting successfully" date="2025-07-19T03:59:45.240" 