<step title="Incoming Request" date="2025-06-28T13:10:34.264" instance="978831" url="/ai-learning-tracker-bharath.git/info/refs?service=git-receive-pack" method="GET" type="request" pid="807,1,60" Accept="*/*" Host="ai-learning-tracker-bharath.scm.azurewebsites.net" User-Agent="git/2.50.0.windows.1" Accept-Encoding="deflate, gzip, br, zstd" Authorization="Bas..." Pragma="no-cache" X-ARR-LOG-ID="80155761-be51-4fc9-95ac-6f3c351c2856" CLIENT-IP="106.201.160.25:51474" X-SITE-DEPLOYMENT-ID="ai-learning-tracker-bharath" WAS-DEFAULT-HOSTNAME="ai-learning-tracker-bharath.scm.azurewebsites.net" X-Forwarded-Proto="https" X-AppService-Proto="https" X-Forwarded-TlsVersion="1.3" X-WAWS-Unencoded-URL="/ai-learning-tracker-bharath.git/info/refs?service=git-receive-pack" X-Client-IP="106.201.160.25" X-Client-Port="51474" >
  <step title="Cleanup Xml Logs" date="2025-06-28T13:10:34.270" /><!-- duration: 10ms -->
  <step title="InfoRefsService.Execute" date="2025-06-28T13:10:34.290" >
    <step title="Executing external process" date="2025-06-28T13:10:34.297" type="process" path="git" arguments="rev-parse --git-dir" /><!-- duration: 26ms -->
    <step title="Assuming git repository at /home/site/repository" date="2025-06-28T13:10:34.327" /><!-- duration: 2ms -->
    <step title="InfoRefsService.SmartInfoRefs" date="2025-06-28T13:10:34.332" >
      <step title="Executing external process" date="2025-06-28T13:10:34.338" type="process" path="git" arguments="rev-parse --git-dir" /><!-- duration: 22ms -->
      <step title="Assuming git repository at /home/site/repository" date="2025-06-28T13:10:34.363" /><!-- duration: 3ms -->
      <step title="GitExeServer.AdvertiseReceivePack" date="2025-06-28T13:10:34.379" >
        <step title="Executing external process" date="2025-06-28T13:10:34.381" type="process" path="git" arguments="receive-pack --stateless-rpc --advertise-refs &quot;/home/site/repository&quot;" /><!-- duration: 40ms -->
      </step><!-- duration: 45ms -->
      <step title="Writing 182 bytes" date="2025-06-28T13:10:34.425" /><!-- duration: 1ms -->
    </step><!-- duration: 96ms -->
  </step><!-- duration: 141ms -->
  <step title="Outgoing response" date="2025-06-28T13:10:34.437" type="response" statusCode="200" statusText="OK" /><!-- duration: 2ms -->
</step><!-- duration: 176ms -->
