<step title="Executing external process" date="2025-07-01T18:48:39.806" instance="978831" type="process" path="kudu.exe" arguments="/home/site /opt/Kudu/msbuild" >
  <step title="Cleanup Xml Logs" date="2025-07-01T18:48:39.873" /><!-- duration: 58ms -->
  <step title="Deployment timer started" date="2025-07-01T18:48:40.156" >
    <step title="Executing external process" date="2025-07-01T18:48:40.289" type="process" path="git" arguments="log -n 1 master --" /><!-- duration: 750ms -->
    <step title="DeploymentManager.Deploy(id:c20899b66578d652d7644c7ce6a6e8458f05e89e)" date="2025-07-01T18:48:41.142" >
      <step title="Collecting changeset information" date="2025-07-01T18:48:41.379" /><!-- duration: 1219ms -->
      <step title="Updating to specific changeset" date="2025-07-01T18:48:42.702" >
        <step title="Executing external process" date="2025-07-01T18:48:44.298" type="process" path="git" arguments="checkout master --force" /><!-- duration: 2512ms -->
      </step><!-- duration: 4129ms -->
      <step title="Updating submodules" date="2025-07-01T18:48:46.859" /><!-- duration: 521ms -->
      <step title="Determining deployment builder" date="2025-07-01T18:48:47.980" >
        <step title="Builder is OryxBuilder" date="2025-07-01T18:48:48.145" /><!-- duration: 18ms -->
      </step><!-- duration: 210ms -->
      <step title="PreDeployment: context.CleanOutputPath False" date="2025-07-01T18:48:48.296" >
        <step title="PreDeployment: context.OutputPath /home/site/wwwroot" date="2025-07-01T18:48:48.713" >
          <step title="Building" date="2025-07-01T18:48:48.868" >
            <step title="Executing external process" date="2025-07-01T18:48:49.616" type="process" path="bash" arguments="-c &quot;oryx build /home/site/repository -o /home/site/wwwroot --platform python --platform-version 3.9 -p virtualenv_name=antenv --log-file /tmp/build-debug.log  -i /tmp/8ddb8cfea1c3ba6 --compress-destination-dir | tee /tmp/oryx-build.log ; exit $PIPESTATUS &quot;" 