<step title="Executing external process" date="2025-07-19T19:40:25.529" instance="831bc3" type="process" path="kudu.exe" arguments="/home/site /opt/Kudu/msbuild" >
  <step title="Cleanup Xml Logs" date="2025-07-19T19:40:25.567" >
    <step title="Cleanup Infos" date="2025-07-19T19:40:25.588" totalFiles="270" totalCleanup="110" /><!-- duration: 10ms -->
  </step><!-- duration: 43ms -->
  <step title="Deployment timer started" date="2025-07-19T19:40:25.690" >
    <step title="Executing external process" date="2025-07-19T19:40:25.751" type="process" path="git" arguments="log -n 1 master --" /><!-- duration: 220ms -->
    <step title="DeploymentManager.Deploy(id:457521998d8ed64617f43b739352754bc13dea82)" date="2025-07-19T19:40:26.001" >
      <step title="Collecting changeset information" date="2025-07-19T19:40:26.062" /><!-- duration: 251ms -->
      <step title="Updating to specific changeset" date="2025-07-19T19:40:26.317" >
        <step title="Executing external process" date="2025-07-19T19:40:27.482" type="process" path="git" arguments="checkout master --force" /><!-- duration: 712ms -->
      </step><!-- duration: 1879ms -->
      <step title="Updating submodules" date="2025-07-19T19:40:28.202" /><!-- duration: 114ms -->
      <step title="Determining deployment builder" date="2025-07-19T19:40:28.517" >
        <step title="Builder is OryxBuilder" date="2025-07-19T19:40:28.548" /><!-- duration: 2ms -->
      </step><!-- duration: 41ms -->
      <step title="PreDeployment: context.CleanOutputPath False" date="2025-07-19T19:40:28.598" >
        <step title="PreDeployment: context.OutputPath /home/site/wwwroot" date="2025-07-19T19:40:28.701" >
          <step title="Building" date="2025-07-19T19:40:28.802" >
            <step title="Executing external process" date="2025-07-19T19:40:29.118" type="process" path="bash" arguments="-c &quot;oryx build /home/site/repository -o /home/site/wwwroot --platform python --platform-version 3.9 -p virtualenv_name=antenv --log-file /tmp/build-debug.log  -i /tmp/8ddc6fc1d835741 --compress-destination-dir | tee /tmp/oryx-build.log ; exit $PIPESTATUS &quot;" /><!-- duration: 92105ms -->
            <step title="Using PythonDeploymentLogParser" date="2025-07-19T19:42:01.724" /><!-- duration: 37ms -->
            <step title="Triggering recycle (preview mode disabled)." date="2025-07-19T19:42:03.718" /><!-- duration: 19ms -->
            <step title="Modified file to trigger a restart of the app container." date="2025-07-19T19:42:03.795" /><!-- duration: 3ms -->
            <step title="Skip function trigger and logicapp sync because function is not enabled." date="2025-07-19T19:42:03.836" /><!-- duration: 12ms -->
            <step title="Purge deployment items" date="2025-07-19T19:42:05.265" >
              <step title="Remove 8d4c2f051, Success, received at 07/19/2025 07:45:39" date="2025-07-19T19:42:05.429" /><!-- duration: 13ms -->
            </step><!-- duration: 194ms -->
          </step><!-- duration: 96765ms -->
        </step><!-- duration: 96868ms -->
        <step title="Cleaning up temp files" date="2025-07-19T19:42:05.571" /><!-- duration: 776ms -->
        <step title="Cleaning up temp files" date="2025-07-19T19:42:06.351" /><!-- duration: 710ms -->
        <step title="Reloading status file with latest updates" date="2025-07-19T19:42:07.086" >
          <step title="WebHooksManager.PublishEventAsync: PostDeployment" date="2025-07-19T19:42:07.097" /><!-- duration: 141ms -->
        </step><!-- duration: 155ms -->
        <step title="Executing external process" date="2025-07-19T19:42:07.264" type="process" path="git" arguments="log -n 1 master --" /><!-- duration: 77ms -->
      </step><!-- duration: 98746ms -->
      <step title="Perform deploy exiting successfully" date="2025-07-19T19:42:07.352" 