<step title="Incoming Request" date="2025-06-28T06:45:36.516" instance="978831" url="/ai-learning-tracker-bharath.git/git-receive-pack" method="POST" type="request" pid="807,1,36" Accept="application/x-git-receive-pack-result" Host="ai-learning-tracker-bharath.scm.azurewebsites.net" User-Agent="git/2.50.0.windows.1" Accept-Encoding="deflate, gzip, br, zstd" Authorization="Bas..." Content-Type="application/x-git-receive-pack-request" Content-Length="97202" X-ARR-LOG-ID="ec23e788-cf63-438a-8ca4-863e8e571d43" CLIENT-IP="106.201.160.25:55692" X-SITE-DEPLOYMENT-ID="ai-learning-tracker-bharath" WAS-DEFAULT-HOSTNAME="ai-learning-tracker-bharath.scm.azurewebsites.net" X-Forwarded-Proto="https" X-AppService-Proto="https" X-Forwarded-TlsVersion="1.3" X-WAWS-Unencoded-URL="/ai-learning-tracker-bharath.git/git-receive-pack" X-Client-IP="106.201.160.25" X-Client-Port="55692" >
  <step title="RpcService.ReceivePack" date="2025-06-28T06:45:36.588" >
    <step title="Executing external process" date="2025-06-28T06:45:36.598" type="process" path="git" arguments="rev-parse --git-dir" /><!-- duration: 39ms -->
    <step title="Assuming git repository at /home/site/repository" date="2025-06-28T06:45:36.641" /><!-- duration: 2ms -->
    <step title="Acquiring Deployment Lock" date="2025-06-28T06:45:36.654" /><!-- duration: 7ms -->
    <step title="Acquired Deployment Lock" date="2025-06-28T06:45:36.814" /><!-- duration: 3ms -->
    <step title="Creating temporary deployment" date="2025-06-28T06:45:36.825" /><!-- duration: 162ms -->
    <step title="GitExeServer.Receive" date="2025-06-28T06:45:36.993" >
      <step title="Executing external process" date="2025-06-28T06:45:36.996" type="process" path="git" arguments="receive-pack --stateless-rpc &quot;/home/site/repository&quot;" /><!-- duration: 102353ms -->
    </step><!-- duration: 102394ms -->
    <step title="Releasing Deployment Lock" date="2025-06-28T06:47:19.744" /><!-- duration: 21ms -->
  </step><!-- duration: 103218ms -->
  <step title="Outgoing response" date="2025-06-28T06:47:19.861" type="response" statusCode="200" statusText="OK" /><!-- duration: 14ms -->
</step><!-- duration: 103362ms -->
