<step title="Incoming Request" date="2025-06-29T16:09:59.035" instance="978831" url="/ai-learning-tracker-bharath.git/info/refs?service=git-receive-pack" method="GET" type="request" pid="807,1,89" Accept="*/*" Host="ai-learning-tracker-bharath.scm.azurewebsites.net" User-Agent="git/2.50.0.windows.1" Accept-Encoding="deflate, gzip, br, zstd" Authorization="Bas..." Pragma="no-cache" X-ARR-LOG-ID="921d9f04-275c-4f1b-bf71-c64d4de949db" CLIENT-IP="106.201.160.25:62275" X-SITE-DEPLOYMENT-ID="ai-learning-tracker-bharath" WAS-DEFAULT-HOSTNAME="ai-learning-tracker-bharath.scm.azurewebsites.net" X-Forwarded-Proto="https" X-AppService-Proto="https" X-Forwarded-TlsVersion="1.3" X-WAWS-Unencoded-URL="/ai-learning-tracker-bharath.git/info/refs?service=git-receive-pack" X-Client-IP="106.201.160.25" X-Client-Port="62275" >
  <step title="Cleanup Xml Logs" date="2025-06-29T16:09:59.054" /><!-- duration: 20ms -->
  <step title="InfoRefsService.Execute" date="2025-06-29T16:09:59.198" >
    <step title="Executing external process" date="2025-06-29T16:09:59.231" type="process" path="git" arguments="rev-parse --git-dir" /><!-- duration: 129ms -->
    <step title="Assuming git repository at /home/site/repository" date="2025-06-29T16:09:59.380" /><!-- duration: 38ms -->
    <step title="InfoRefsService.SmartInfoRefs" date="2025-06-29T16:09:59.429" >
      <step title="Executing external process" date="2025-06-29T16:09:59.469" type="process" path="git" arguments="rev-parse --git-dir" /><!-- duration: 59ms -->
      <step title="Assuming git repository at /home/site/repository" date="2025-06-29T16:09:59.536" /><!-- duration: 3ms -->
      <step title="GitExeServer.AdvertiseReceivePack" date="2025-06-29T16:09:59.554" >
        <step title="Executing external process" date="2025-06-29T16:09:59.557" type="process" path="git" arguments="receive-pack --stateless-rpc --advertise-refs &quot;/home/site/repository&quot;" /><!-- duration: 224ms -->
      </step><!-- duration: 235ms -->
      <step title="Writing 182 bytes" date="2025-06-29T16:09:59.792" /><!-- duration: 28ms -->
    </step><!-- duration: 555ms -->
  </step><!-- duration: 788ms -->
  <step title="Outgoing response" date="2025-06-29T16:10:00.094" type="response" statusCode="200" statusText="OK" /><!-- duration: 39ms -->
</step><!-- duration: 1117ms -->
