<step title="Executing external process" date="2025-07-18T19:22:12.114" instance="831bc3" type="process" path="kudu.exe" arguments="/home/site /opt/Kudu/msbuild" >
  <step title="Cleanup Xml Logs" date="2025-07-18T19:22:12.165" >
    <step title="Cleanup Infos" date="2025-07-18T19:22:12.193" totalFiles="205" totalCleanup="45" /><!-- duration: 19ms -->
  </step><!-- duration: 58ms -->
  <step title="Deployment timer started" date="2025-07-18T19:22:12.343" >
    <step title="Executing external process" date="2025-07-18T19:22:12.394" type="process" path="git" arguments="log -n 1 master --" /><!-- duration: 421ms -->
    <step title="DeploymentManager.Deploy(id:9c5431f3bcc6c57d40e7db98e827d01912fca702)" date="2025-07-18T19:22:12.855" >
      <step title="Collecting changeset information" date="2025-07-18T19:22:12.976" /><!-- duration: 618ms -->
      <step title="Updating to specific changeset" date="2025-07-18T19:22:13.615" >
        <step title="Executing external process" date="2025-07-18T19:22:14.944" type="process" path="git" arguments="checkout master --force" /><!-- duration: 17845ms -->
      </step><!-- duration: 19274ms -->
      <step title="Updating submodules" date="2025-07-18T19:22:32.899" /><!-- duration: 190ms -->
      <step title="Determining deployment builder" date="2025-07-18T19:22:33.442" >
        <step title="Builder is OryxBuilder" date="2025-07-18T19:22:33.477" /><!-- duration: 3ms -->
      </step><!-- duration: 48ms -->
      <step title="PreDeployment: context.CleanOutputPath False" date="2025-07-18T19:22:33.537" >
        <step title="PreDeployment: context.OutputPath /home/site/wwwroot" date="2025-07-18T19:22:33.647" >
          <step title="Building" date="2025-07-18T19:22:33.836" >
            <step title="Executing external process" date="2025-07-18T19:22:34.183" type="process" path="bash" arguments="-c &quot;oryx build /home/site/repository -o /home/site/wwwroot --platform python --platform-version 3.9 -p virtualenv_name=antenv --log-file /tmp/build-debug.log  -i /tmp/8ddc630724f7f28 --compress-destination-dir | tee /tmp/oryx-build.log ; exit $PIPESTATUS &quot;" /><!-- duration: 104180ms -->
            <step title="Using PythonDeploymentLogParser" date="2025-07-18T19:24:18.819" /><!-- duration: 3ms -->
            <step title="Triggering recycle (preview mode disabled)." date="2025-07-18T19:24:20.378" /><!-- duration: 2ms -->
            <step title="Modified file to trigger a restart of the app container." date="2025-07-18T19:24:20.439" /><!-- duration: 3ms -->
            <step title="Skip function trigger and logicapp sync because function is not enabled." date="2025-07-18T19:24:20.471" /><!-- duration: 23ms -->
            <step title="Purge deployment items" date="2025-07-18T19:24:21.416" >
              <step title="Remove f3be56953, Success, received at 07/05/2025 10:33:14" date="2025-07-18T19:24:21.500" /><!-- duration: 2ms -->
            </step><!-- duration: 87ms -->
          </step><!-- duration: 107744ms -->
        </step><!-- duration: 107936ms -->
        <step title="Cleaning up temp files" date="2025-07-18T19:24:21.586" /><!-- duration: 488ms -->
        <step title="Cleaning up temp files" date="2025-07-18T19:24:22.077" /><!-- duration: 509ms -->
        <step title="Reloading status file with latest updates" date="2025-07-18T19:24:22.636" >
          <step title="WebHooksManager.PublishEventAsync: PostDeployment" date="2025-07-18T19:24:22.644" /><!-- duration: 151ms -->
        </step><!-- duration: 161ms -->
        <step title="Executing external process" date="2025-07-18T19:24:22.815" type="process" path="git" arguments="log -n 1 master --" /><!-- duration: 85ms -->
      </step><!-- duration: 109366ms -->
      <step title="Perform deploy exiting successfully" date="2025-07-18T19:24:22.906" 