<step title="Incoming Request" date="2025-07-28T15:39:44.204" instance="831bc3" url="/ai-learning-tracker-bharath.git/info/refs?service=git-receive-pack" method="GET" type="request" pid="803,1,60" Accept="*/*" Host="ai-learning-tracker-bharath.scm.azurewebsites.net" User-Agent="git/2.50.1.windows.1" Accept-Encoding="deflate, gzip, br, zstd" Authorization="Bas..." Pragma="no-cache" X-ARR-LOG-ID="0d75287b-eb77-45d3-977a-7f146fe4ddc5" CLIENT-IP="122.177.243.138:4041" X-SITE-DEPLOYMENT-ID="ai-learning-tracker-bharath" WAS-DEFAULT-HOSTNAME="ai-learning-tracker-bharath.scm.azurewebsites.net" X-Forwarded-Proto="https" X-AppService-Proto="https" X-Forwarded-TlsVersion="1.3" X-WAWS-Unencoded-URL="/ai-learning-tracker-bharath.git/info/refs?service=git-receive-pack" X-Client-IP="122.177.243.138" X-Client-Port="4041" >
  <step title="Cleanup Xml Logs" date="2025-07-28T15:39:44.228" >
    <step title="Cleanup Infos" date="2025-07-28T15:39:44.252" totalFiles="371" totalCleanup="211" /><!-- duration: 13ms -->
  </step><!-- duration: 46ms -->
  <step title="InfoRefsService.Execute" date="2025-07-28T15:39:44.495" >
    <step title="Executing external process" date="2025-07-28T15:39:44.525" type="process" path="git" arguments="rev-parse --git-dir" /><!-- duration: 101ms -->
    <step title="Assuming git repository at /home/site/repository" date="2025-07-28T15:39:44.630" /><!-- duration: 3ms -->
    <step title="InfoRefsService.SmartInfoRefs" date="2025-07-28T15:39:44.638" >
      <step title="Executing external process" date="2025-07-28T15:39:44.693" type="process" path="git" arguments="rev-parse --git-dir" /><!-- duration: 22ms -->
      <step title="Assuming git repository at /home/site/repository" date="2025-07-28T15:39:44.718" /><!-- duration: 3ms -->
      <step title="GitExeServer.AdvertiseReceivePack" date="2025-07-28T15:39:44.731" >
        <step title="Executing external process" date="2025-07-28T15:39:44.735" type="process" path="git" arguments="receive-pack --stateless-rpc --advertise-refs &quot;/home/site/repository&quot;" /><!-- duration: 43ms -->
      </step><!-- duration: 50ms -->
      <step title="Writing 182 bytes" date="2025-07-28T15:39:44.784" /><!-- duration: 2ms -->
    </step><!-- duration: 158ms -->
  </step><!-- duration: 303ms -->
  <step title="Outgoing response" date="2025-07-28T15:39:44.833" type="response" statusCode="200" statusText="OK" /><!-- duration: 5ms -->
</step><!-- duration: 637ms -->
