<step title="Executing external process" date="2025-07-21T04:26:17.489" instance="831bc3" type="process" path="kudu.exe" arguments="/home/site /opt/Kudu/msbuild" >
  <step title="Cleanup Xml Logs" date="2025-07-21T04:26:17.504" >
    <step title="Cleanup Infos" date="2025-07-21T04:26:17.517" totalFiles="286" totalCleanup="126" /><!-- duration: 5ms -->
  </step><!-- duration: 26ms -->
  <step title="Deployment timer started" date="2025-07-21T04:26:17.573" >
    <step title="Executing external process" date="2025-07-21T04:26:17.600" type="process" path="git" arguments="log -n 1 master --" /><!-- duration: 143ms -->
    <step title="DeploymentManager.Deploy(id:80f793349c6e1abaf893a7924abe3670fad3ff21)" date="2025-07-21T04:26:17.755" >
      <step title="Collecting changeset information" date="2025-07-21T04:26:17.802" /><!-- duration: 247ms -->
      <step title="Updating to specific changeset" date="2025-07-21T04:26:18.057" >
        <step title="Executing external process" date="2025-07-21T04:26:19.208" type="process" path="git" arguments="checkout master --force" /><!-- duration: 1072ms -->
      </step><!-- duration: 2229ms -->
      <step title="Updating submodules" date="2025-07-21T04:26:20.291" /><!-- duration: 151ms -->
      <step title="Determining deployment builder" date="2025-07-21T04:26:20.657" >
        <step title="Builder is OryxBuilder" date="2025-07-21T04:26:20.684" /><!-- duration: 5ms -->
      </step><!-- duration: 39ms -->
      <step title="PreDeployment: context.CleanOutputPath False" date="2025-07-21T04:26:20.739" >
        <step title="PreDeployment: context.OutputPath /home/site/wwwroot" date="2025-07-21T04:26:20.882" >
          <step title="Building" date="2025-07-21T04:26:20.998" >
            <step title="Executing external process" date="2025-07-21T04:26:21.327" type="process" path="bash" arguments="-c &quot;oryx build /home/site/repository -o /home/site/wwwroot --platform python --platform-version 3.9 -p virtualenv_name=antenv --log-file /tmp/build-debug.log  -i /tmp/8ddc80ebe76598c --compress-destination-dir | tee /tmp/oryx-build.log ; exit $PIPESTATUS &quot;" >
              <step title="Cpu: python(18626,24.770s)+ts(18627,0.100s)+build.sh(18625,0.000s)+build.sh(18624,0.000s)+build.sh(18543,0.060s)+oryx(18519,4.690s)+tee(18520,0.000s)+bash(18518,0.010s)=total(29.620s)" date="2025-07-21T04:28:01.018" /><!-- duration: 120ms -->
              <step title="bash: no io activity for 61s, prev-cpu=-1.000s, current-cpu=29.620s" date="2025-07-21T04:28:01.276" /><!-- duration: 12ms -->
            </step><!-- duration: 218607ms -->
            <step title="Using PythonDeploymentLogParser" date="2025-07-21T04:30:00.444" /><!-- duration: 3ms -->
            <step title="Triggering recycle (preview mode disabled)." date="2025-07-21T04:30:01.649" /><!-- duration: 13ms -->
            <step title="Modified file to trigger a restart of the app container." date="2025-07-21T04:30:01.694" /><!-- duration: 4ms -->
            <step title="Skip function trigger and logicapp sync because function is not enabled." date="2025-07-21T04:30:01.766" /><!-- duration: 3ms -->
            <step title="Purge deployment items" date="2025-07-21T04:30:03.809" >
              <step title="Remove 7897b418d, Success, received at 07/19/2025 10:35:29" date="2025-07-21T04:30:03.940" /><!-- duration: 36ms -->
            </step><!-- duration: 178ms -->
          </step><!-- duration: 223129ms -->
        </step><!-- duration: 223267ms -->
        <step title="Cleaning up temp files" date="2025-07-21T04:30:04.158" /><!-- duration: 8902ms -->
        <step title="Cleaning up temp files" date="2025-07-21T04:30:13.087" /><!-- duration: 553ms -->
        <step title="Reloading status file with latest updates" date="2025-07-21T04:30:13.750" >
          <step title="WebHooksManager.PublishEventAsync: PostDeployment" date="2025-07-21T04:30:13.772" /><!-- duration: 505ms -->
        </step><!-- duration: 532ms -->
        <step title="Executing external process" date="2025-07-21T04:30:14.341" type="process" path="git" arguments="log -n 1 master --" /><!-- duration: 192ms -->
      </step><!-- duration: 233803ms -->
      <step title="Perform deploy exiting successfully" date="2025-07-21T04:30:14.551" 