<step title="Executing external process" date="2025-06-29T13:21:17.441" instance="978831" type="process" path="kudu.exe" arguments="/home/site /opt/Kudu/msbuild" >
  <step title="Cleanup Xml Logs" date="2025-06-29T13:21:17.470" /><!-- duration: 12ms -->
  <step title="Deployment timer started" date="2025-06-29T13:21:17.545" >
    <step title="Executing external process" date="2025-06-29T13:21:17.568" type="process" path="git" arguments="log -n 1 master --" /><!-- duration: 143ms -->
    <step title="DeploymentManager.Deploy(id:cc2b464faea25151cc5784d6e88496746d6785be)" date="2025-06-29T13:21:17.729" >
      <step title="Collecting changeset information" date="2025-06-29T13:21:17.773" /><!-- duration: 276ms -->
      <step title="Updating to specific changeset" date="2025-06-29T13:21:18.078" >
        <step title="Executing external process" date="2025-06-29T13:21:19.247" type="process" path="git" arguments="checkout master --force" /><!-- duration: 3248ms -->
      </step><!-- duration: 4440ms -->
      <step title="Updating submodules" date="2025-06-29T13:21:22.539" /><!-- duration: 257ms -->
      <step title="Determining deployment builder" date="2025-06-29T13:21:23.154" >
        <step title="Builder is OryxBuilder" date="2025-06-29T13:21:23.185" /><!-- duration: 3ms -->
      </step><!-- duration: 42ms -->
      <step title="PreDeployment: context.CleanOutputPath False" date="2025-06-29T13:21:23.231" >
        <step title="PreDeployment: context.OutputPath /home/site/wwwroot" date="2025-06-29T13:21:23.330" >
          <step title="Building" date="2025-06-29T13:21:23.443" >
            <step title="Executing external process" date="2025-06-29T13:21:23.761" type="process" path="bash" arguments="-c &quot;oryx build /home/site/repository -o /home/site/wwwroot --platform python --platform-version 3.9 -p virtualenv_name=antenv --log-file /tmp/build-debug.log  -i /tmp/8ddb70fd7f5301b --compress-destination-dir | tee /tmp/oryx-build.log ; exit $PIPESTATUS &quot;" /><!-- duration: 91268ms -->
            <step title="Using PythonDeploymentLogParser" date="2025-06-29T13:22:55.526" /><!-- duration: 4ms -->
            <step title="Triggering recycle (preview mode disabled)." date="2025-06-29T13:22:56.240" /><!-- duration: 11ms -->
            <step title="Modified file to trigger a restart of the app container." date="2025-06-29T13:22:56.285" /><!-- duration: 3ms -->
            <step title="Skip function trigger and logicapp sync because function is not enabled." date="2025-06-29T13:22:56.309" /><!-- duration: 7ms -->
          </step><!-- duration: 93658ms -->
        </step><!-- duration: 93773ms -->
        <step title="Cleaning up temp files" date="2025-06-29T13:22:57.106" /><!-- duration: 1825ms -->
        <step title="Cleaning up temp files" date="2025-06-29T13:22:58.942" /><!-- duration: 519ms -->
        <step title="Reloading status file with latest updates" date="2025-06-29T13:22:59.491" >
          <step title="WebHooksManager.PublishEventAsync: PostDeployment" date="2025-06-29T13:22:59.500" /><!-- duration: 146ms -->
        </step><!-- duration: 164ms -->
        <step title="Executing external process" date="2025-06-29T13:22:59.685" type="process" path="git" arguments="log -n 1 master --" /><!-- duration: 72ms -->
      </step><!-- duration: 96530ms -->
      <step title="Perform deploy exiting successfully" date="2025-06-29T13:22:59.764" 