<step title="Incoming Request" date="2025-07-25T08:49:25.207" instance="831bc3" url="/ai-learning-tracker-bharath.git/info/refs?service=git-receive-pack" method="GET" type="request" pid="803,1,83" Accept="*/*" Host="ai-learning-tracker-bharath.scm.azurewebsites.net" User-Agent="git/2.50.1.windows.1" Accept-Encoding="deflate, gzip, br, zstd" Authorization="Bas..." Pragma="no-cache" X-ARR-LOG-ID="29a586ae-6916-424c-a5d3-35a4a55b9b37" CLIENT-IP="122.177.246.54:2436" X-SITE-DEPLOYMENT-ID="ai-learning-tracker-bharath" WAS-DEFAULT-HOSTNAME="ai-learning-tracker-bharath.scm.azurewebsites.net" X-Forwarded-Proto="https" X-AppService-Proto="https" X-Forwarded-TlsVersion="1.3" X-WAWS-Unencoded-URL="/ai-learning-tracker-bharath.git/info/refs?service=git-receive-pack" X-Client-IP="122.177.246.54" X-Client-Port="2436" >
  <step title="Cleanup Xml Logs" date="2025-07-25T08:49:25.361" >
    <step title="Cleanup Infos" date="2025-07-25T08:49:25.403" totalFiles="326" totalCleanup="166" /><!-- duration: 27ms -->
  </step><!-- duration: 79ms -->
  <step title="InfoRefsService.Execute" date="2025-07-25T08:49:25.722" >
    <step title="Executing external process" date="2025-07-25T08:49:25.819" type="process" path="git" arguments="rev-parse --git-dir" /><!-- duration: 207ms -->
    <step title="Assuming git repository at /home/site/repository" date="2025-07-25T08:49:26.035" /><!-- duration: 2ms -->
    <step title="InfoRefsService.SmartInfoRefs" date="2025-07-25T08:49:26.044" >
      <step title="Executing external process" date="2025-07-25T08:49:26.057" type="process" path="git" arguments="rev-parse --git-dir" /><!-- duration: 28ms -->
      <step title="Assuming git repository at /home/site/repository" date="2025-07-25T08:49:26.091" /><!-- duration: 2ms -->
      <step title="GitExeServer.AdvertiseReceivePack" date="2025-07-25T08:49:26.099" >
        <step title="Executing external process" date="2025-07-25T08:49:26.101" type="process" path="git" arguments="receive-pack --stateless-rpc --advertise-refs &quot;/home/site/repository&quot;" /><!-- duration: 152ms -->
      </step><!-- duration: 156ms -->
      <step title="Writing 182 bytes" date="2025-07-25T08:49:26.262" /><!-- duration: 2ms -->
    </step><!-- duration: 235ms -->
  </step><!-- duration: 559ms -->
  <step title="Outgoing response" date="2025-07-25T08:49:26.314" type="response" statusCode="200" statusText="OK" /><!-- duration: 2ms -->
</step><!-- duration: 1111ms -->
