<step title="Incoming Request" date="2025-07-21T08:26:51.916" instance="831bc3" url="/ai-learning-tracker-bharath.git/git-receive-pack" method="POST" type="request" pid="803,1,54" Accept="application/x-git-receive-pack-result" Host="ai-learning-tracker-bharath.scm.azurewebsites.net" User-Agent="git/2.50.1.windows.1" Accept-Encoding="deflate, gzip, br, zstd" Authorization="Bas..." Content-Type="application/x-git-receive-pack-request" Content-Length="2353" X-ARR-LOG-ID="d561768c-5240-4cdc-8557-1598d6345028" CLIENT-IP="122.177.245.132:11052" X-SITE-DEPLOYMENT-ID="ai-learning-tracker-bharath" WAS-DEFAULT-HOSTNAME="ai-learning-tracker-bharath.scm.azurewebsites.net" X-Forwarded-Proto="https" X-AppService-Proto="https" X-Forwarded-TlsVersion="1.3" X-WAWS-Unencoded-URL="/ai-learning-tracker-bharath.git/git-receive-pack" X-Client-IP="122.177.245.132" X-Client-Port="11052" >
  <step title="RpcService.ReceivePack" date="2025-07-21T08:26:51.997" >
    <step title="Executing external process" date="2025-07-21T08:26:52.016" type="process" path="git" arguments="rev-parse --git-dir" /><!-- duration: 27ms -->
    <step title="Assuming git repository at /home/site/repository" date="2025-07-21T08:26:52.046" /><!-- duration: 3ms -->
    <step title="Acquiring Deployment Lock" date="2025-07-21T08:26:52.069" /><!-- duration: 6ms -->
    <step title="Acquired Deployment Lock" date="2025-07-21T08:26:52.126" /><!-- duration: 2ms -->
    <step title="Creating temporary deployment" date="2025-07-21T08:26:52.138" /><!-- duration: 224ms -->
    <step title="GitExeServer.Receive" date="2025-07-21T08:26:52.373" >
      <step title="Executing external process" date="2025-07-21T08:26:52.427" type="process" path="git" arguments="receive-pack --stateless-rpc &quot;/home/site/repository&quot;" /><!-- duration: 235650ms -->
    </step><!-- duration: 235711ms -->
    <step title="Releasing Deployment Lock" date="2025-07-21T08:30:48.238" /><!-- duration: 7ms -->
  </step><!-- duration: 236263ms -->
  <step title="Outgoing response" date="2025-07-21T08:30:48.275" type="response" statusCode="200" statusText="OK" /><!-- duration: 4ms -->
</step><!-- duration: 236802ms -->
