<step title="Executing external process" date="2025-07-19T20:02:52.720" instance="831bc3" type="process" path="kudu.exe" arguments="/home/site /opt/Kudu/msbuild" >
  <step title="Cleanup Xml Logs" date="2025-07-19T20:02:52.735" >
    <step title="Cleanup Infos" date="2025-07-19T20:02:52.746" totalFiles="273" totalCleanup="113" /><!-- duration: 5ms -->
  </step><!-- duration: 20ms -->
  <step title="Deployment timer started" date="2025-07-19T20:02:52.801" >
    <step title="Executing external process" date="2025-07-19T20:02:52.825" type="process" path="git" arguments="log -n 1 master --" /><!-- duration: 139ms -->
    <step title="DeploymentManager.Deploy(id:48cdb04f10db84fec27de53b41a002fe2737b20d)" date="2025-07-19T20:02:52.984" >
      <step title="Collecting changeset information" date="2025-07-19T20:02:53.032" /><!-- duration: 341ms -->
      <step title="Updating to specific changeset" date="2025-07-19T20:02:53.413" >
        <step title="Executing external process" date="2025-07-19T20:02:54.589" type="process" path="git" arguments="checkout master --force" /><!-- duration: 797ms -->
      </step><!-- duration: 1976ms -->
      <step title="Updating submodules" date="2025-07-19T20:02:55.392" /><!-- duration: 122ms -->
      <step title="Determining deployment builder" date="2025-07-19T20:02:55.746" >
        <step title="Builder is OryxBuilder" date="2025-07-19T20:02:55.786" /><!-- duration: 3ms -->
      </step><!-- duration: 50ms -->
      <step title="PreDeployment: context.CleanOutputPath False" date="2025-07-19T20:02:55.849" >
        <step title="PreDeployment: context.OutputPath /home/site/wwwroot" date="2025-07-19T20:02:55.989" >
          <step title="Building" date="2025-07-19T20:02:56.101" >
            <step title="Executing external process" date="2025-07-19T20:02:56.419" type="process" path="bash" arguments="-c &quot;oryx build /home/site/repository -o /home/site/wwwroot --platform python --platform-version 3.9 -p virtualenv_name=antenv --log-file /tmp/build-debug.log  -i /tmp/8ddc6ff40865934 --compress-destination-dir | tee /tmp/oryx-build.log ; exit $PIPESTATUS &quot;" /><!-- duration: 101322ms -->
            <step title="Using PythonDeploymentLogParser" date="2025-07-19T20:04:38.339" /><!-- duration: 2ms -->
            <step title="Triggering recycle (preview mode disabled)." date="2025-07-19T20:04:39.327" /><!-- duration: 8ms -->
            <step title="Modified file to trigger a restart of the app container." date="2025-07-19T20:04:39.360" /><!-- duration: 2ms -->
            <step title="Skip function trigger and logicapp sync because function is not enabled." date="2025-07-19T20:04:39.388" /><!-- duration: 6ms -->
            <step title="Purge deployment items" date="2025-07-19T20:04:40.409" >
              <step title="Remove d4a180aa0, Success, received at 07/19/2025 08:16:22" date="2025-07-19T20:04:40.465" /><!-- duration: 3ms -->
            </step><!-- duration: 61ms -->
          </step><!-- duration: 104418ms -->
        </step><!-- duration: 104533ms -->
        <step title="Cleaning up temp files" date="2025-07-19T20:04:40.524" /><!-- duration: 500ms -->
        <step title="Cleaning up temp files" date="2025-07-19T20:04:41.031" /><!-- duration: 521ms -->
        <step title="Reloading status file with latest updates" date="2025-07-19T20:04:41.580" >
          <step title="WebHooksManager.PublishEventAsync: PostDeployment" date="2025-07-19T20:04:41.593" /><!-- duration: 161ms -->
        </step><!-- duration: 176ms -->
        <step title="Executing external process" date="2025-07-19T20:04:41.776" type="process" path="git" arguments="log -n 1 master --" /><!-- duration: 85ms -->
      </step><!-- duration: 106019ms -->
      <step title="Perform deploy exiting successfully" date="2025-07-19T20:04:41.871" 