<step title="Executing external process" date="2025-07-05T17:46:41.415" instance="978831" type="process" path="kudu.exe" arguments="/home/site /opt/Kudu/msbuild" >
  <step title="Cleanup Xml Logs" date="2025-07-05T17:46:41.480" /><!-- duration: 30ms -->
  <step title="Deployment timer started" date="2025-07-05T17:46:41.622" >
    <step title="Executing external process" date="2025-07-05T17:46:41.674" type="process" path="git" arguments="log -n 1 master --" /><!-- duration: 852ms -->
    <step title="DeploymentManager.Deploy(id:28d2363805c2221743ce9578c2f0d57a9e095451)" date="2025-07-05T17:46:42.583" >
      <step title="Collecting changeset information" date="2025-07-05T17:46:42.730" /><!-- duration: 525ms -->
      <step title="Updating to specific changeset" date="2025-07-05T17:46:43.292" >
        <step title="Executing external process" date="2025-07-05T17:46:44.601" type="process" path="git" arguments="checkout master --force" /><!-- duration: 1547ms -->
      </step><!-- duration: 2864ms -->
      <step title="Updating submodules" date="2025-07-05T17:46:46.159" /><!-- duration: 152ms -->
      <step title="Determining deployment builder" date="2025-07-05T17:46:46.505" >
        <step title="Builder is OryxBuilder" date="2025-07-05T17:46:46.546" /><!-- duration: 6ms -->
      </step><!-- duration: 55ms -->
      <step title="PreDeployment: context.CleanOutputPath False" date="2025-07-05T17:46:46.613" >
        <step title="PreDeployment: context.OutputPath /home/site/wwwroot" date="2025-07-05T17:46:46.728" >
          <step title="Building" date="2025-07-05T17:46:46.889" >
            <step title="Executing external process" date="2025-07-05T17:46:47.252" type="process" path="bash" arguments="-c &quot;oryx build /home/site/repository -o /home/site/wwwroot --platform python --platform-version 3.9 -p virtualenv_name=antenv --log-file /tmp/build-debug.log  -i /tmp/8ddbbebe97f6880 --compress-destination-dir | tee /tmp/oryx-build.log ; exit $PIPESTATUS &quot;" /><!-- duration: 89777ms -->
            <step title="Using PythonDeploymentLogParser" date="2025-07-05T17:48:17.466" /><!-- duration: 7ms -->
            <step title="Triggering recycle (preview mode disabled)." date="2025-07-05T17:48:18.337" /><!-- duration: 4ms -->
            <step title="Modified file to trigger a restart of the app container." date="2025-07-05T17:48:18.392" /><!-- duration: 3ms -->
            <step title="Skip function trigger and logicapp sync because function is not enabled." date="2025-07-05T17:48:18.435" /><!-- duration: 16ms -->
            <step title="Purge deployment items" date="2025-07-05T17:48:19.261" >
              <step title="Remove d7a9c359b, Success, received at 07/01/2025 16:13:51" date="2025-07-05T17:48:19.314" /><!-- duration: 4ms -->
            </step><!-- duration: 60ms -->
          </step><!-- duration: 92494ms -->
        </step><!-- duration: 92658ms -->
        <step title="Cleaning up temp files" date="2025-07-05T17:48:19.413" /><!-- duration: 2328ms -->
        <step title="Cleaning up temp files" date="2025-07-05T17:48:21.753" /><!-- duration: 529ms -->
        <step title="Reloading status file with latest updates" date="2025-07-05T17:48:22.300" >
          <step title="WebHooksManager.PublishEventAsync: PostDeployment" date="2025-07-05T17:48:22.310" /><!-- duration: 215ms -->
        </step><!-- duration: 228ms -->
        <step title="Executing external process" date="2025-07-05T17:48:22.547" type="process" path="git" arguments="log -n 1 master --" /><!-- duration: 79ms -->
      </step><!-- duration: 96021ms -->
      <step title="Perform deploy exiting successfully" date="2025-07-05T17:48:22.637" 