<step title="Executing external process" date="2025-07-19T19:17:30.760" instance="831bc3" type="process" path="kudu.exe" arguments="/home/site /opt/Kudu/msbuild" >
  <step title="Cleanup Xml Logs" date="2025-07-19T19:17:30.778" >
    <step title="Cleanup Infos" date="2025-07-19T19:17:30.791" totalFiles="267" totalCleanup="107" /><!-- duration: 6ms -->
  </step><!-- duration: 28ms -->
  <step title="Deployment timer started" date="2025-07-19T19:17:30.858" >
    <step title="Executing external process" date="2025-07-19T19:17:30.886" type="process" path="git" arguments="log -n 1 master --" /><!-- duration: 139ms -->
    <step title="DeploymentManager.Deploy(id:cbe497cff090fead55485fad77a37fb025187f8b)" date="2025-07-19T19:17:31.046" >
      <step title="Collecting changeset information" date="2025-07-19T19:17:31.114" /><!-- duration: 743ms -->
      <step title="Updating to specific changeset" date="2025-07-19T19:17:31.878" >
        <step title="Executing external process" date="2025-07-19T19:17:33.168" type="process" path="git" arguments="checkout master --force" /><!-- duration: 2469ms -->
      </step><!-- duration: 3777ms -->
      <step title="Updating submodules" date="2025-07-19T19:17:35.666" /><!-- duration: 283ms -->
      <step title="Determining deployment builder" date="2025-07-19T19:17:36.353" >
        <step title="Builder is OryxBuilder" date="2025-07-19T19:17:36.394" /><!-- duration: 19ms -->
      </step><!-- duration: 78ms -->
      <step title="PreDeployment: context.CleanOutputPath False" date="2025-07-19T19:17:36.535" >
        <step title="PreDeployment: context.OutputPath /home/site/wwwroot" date="2025-07-19T19:17:36.790" >
          <step title="Building" date="2025-07-19T19:17:37.034" >
            <step title="Executing external process" date="2025-07-19T19:17:37.707" type="process" path="bash" arguments="-c &quot;oryx build /home/site/repository -o /home/site/wwwroot --platform python --platform-version 3.9 -p virtualenv_name=antenv --log-file /tmp/build-debug.log  -i /tmp/8ddc6f8eba9e0a4 --compress-destination-dir | tee /tmp/oryx-build.log ; exit $PIPESTATUS &quot;" /><!-- duration: 124018ms -->
            <step title="Using PythonDeploymentLogParser" date="2025-07-19T19:19:42.249" /><!-- duration: 8ms -->
            <step title="Triggering recycle (preview mode disabled)." date="2025-07-19T19:19:43.204" /><!-- duration: 2ms -->
            <step title="Modified file to trigger a restart of the app container." date="2025-07-19T19:19:43.243" /><!-- duration: 2ms -->
            <step title="Skip function trigger and logicapp sync because function is not enabled." date="2025-07-19T19:19:43.265" /><!-- duration: 19ms -->
            <step title="Purge deployment items" date="2025-07-19T19:19:44.082" >
              <step title="Remove 7da3ad533, Success, received at 07/19/2025 07:39:23" date="2025-07-19T19:19:44.145" /><!-- duration: 1ms -->
            </step><!-- duration: 66ms -->
          </step><!-- duration: 127162ms -->
        </step><!-- duration: 127408ms -->
        <step title="Cleaning up temp files" date="2025-07-19T19:19:44.201" /><!-- duration: 642ms -->
        <step title="Cleaning up temp files" date="2025-07-19T19:19:44.863" /><!-- duration: 520ms -->
        <step title="Reloading status file with latest updates" date="2025-07-19T19:19:45.416" >
          <step title="WebHooksManager.PublishEventAsync: PostDeployment" date="2025-07-19T19:19:45.425" /><!-- duration: 184ms -->
        </step><!-- duration: 202ms -->
        <step title="Executing external process" date="2025-07-19T19:19:45.659" type="process" path="git" arguments="log -n 1 master --" /><!-- duration: 248ms -->
      </step><!-- duration: 129375ms -->
      <step title="Perform deploy exiting successfully" date="2025-07-19T19:19:45.919" 