<step title="Executing external process" date="2025-07-05T18:56:46.931" instance="978831" type="process" path="kudu.exe" arguments="/home/site /opt/Kudu/msbuild" >
  <step title="Cleanup Xml Logs" date="2025-07-05T18:56:46.959" /><!-- duration: 31ms -->
  <step title="Deployment timer started" date="2025-07-05T18:56:47.127" >
    <step title="Executing external process" date="2025-07-05T18:56:47.225" type="process" path="git" arguments="log -n 1 master --" /><!-- duration: 386ms -->
    <step title="DeploymentManager.Deploy(id:be96b4c7d1efe2ba771088235f8d741c8c1d1f91)" date="2025-07-05T18:56:47.631" >
      <step title="Collecting changeset information" date="2025-07-05T18:56:47.745" /><!-- duration: 309ms -->
      <step title="Updating to specific changeset" date="2025-07-05T18:56:48.063" >
        <step title="Executing external process" date="2025-07-05T18:56:49.219" type="process" path="git" arguments="checkout master --force" /><!-- duration: 3488ms -->
      </step><!-- duration: 4653ms -->
      <step title="Updating submodules" date="2025-07-05T18:56:52.720" /><!-- duration: 171ms -->
      <step title="Determining deployment builder" date="2025-07-05T18:56:53.112" >
        <step title="Builder is OryxBuilder" date="2025-07-05T18:56:53.160" /><!-- duration: 3ms -->
      </step><!-- duration: 61ms -->
      <step title="PreDeployment: context.CleanOutputPath False" date="2025-07-05T18:56:53.213" >
        <step title="PreDeployment: context.OutputPath /home/site/wwwroot" date="2025-07-05T18:56:53.311" >
          <step title="Building" date="2025-07-05T18:56:53.423" >
            <step title="Executing external process" date="2025-07-05T18:56:53.766" type="process" path="bash" arguments="-c &quot;oryx build /home/site/repository -o /home/site/wwwroot --platform python --platform-version 3.9 -p virtualenv_name=antenv --log-file /tmp/build-debug.log  -i /tmp/8ddbbf5b4d63835 --compress-destination-dir | tee /tmp/oryx-build.log ; exit $PIPESTATUS &quot;" /><!-- duration: 104756ms -->
            <step title="Using PythonDeploymentLogParser" date="2025-07-05T18:58:38.971" /><!-- duration: 8ms -->
            <step title="Triggering recycle (preview mode disabled)." date="2025-07-05T18:58:39.837" /><!-- duration: 3ms -->
            <step title="Modified file to trigger a restart of the app container." date="2025-07-05T18:58:39.871" /><!-- duration: 3ms -->
            <step title="Skip function trigger and logicapp sync because function is not enabled." date="2025-07-05T18:58:39.898" /><!-- duration: 3ms -->
            <step title="Purge deployment items" date="2025-07-05T18:58:40.667" >
              <step title="Remove b62c72e4f, Success, received at 07/01/2025 18:19:58" date="2025-07-05T18:58:40.712" /><!-- duration: 4ms -->
            </step><!-- duration: 54ms -->
          </step><!-- duration: 107380ms -->
        </step><!-- duration: 107496ms -->
        <step title="Cleaning up temp files" date="2025-07-05T18:58:40.809" /><!-- duration: 1842ms -->
        <step title="Cleaning up temp files" date="2025-07-05T18:58:42.664" /><!-- duration: 518ms -->
        <step title="Reloading status file with latest updates" date="2025-07-05T18:58:43.213" >
          <step title="WebHooksManager.PublishEventAsync: PostDeployment" date="2025-07-05T18:58:43.234" /><!-- duration: 153ms -->
        </step><!-- duration: 183ms -->
        <step title="Executing external process" date="2025-07-05T18:58:43.431" type="process" path="git" arguments="log -n 1 master --" /><!-- duration: 79ms -->
      </step><!-- duration: 110302ms -->
      <step title="Perform deploy exiting successfully" date="2025-07-05T18:58:43.517" 