<step title="Executing external process" date="2025-06-30T19:03:40.380" instance="978831" type="process" path="kudu.exe" arguments="/home/site /opt/Kudu/msbuild" >
  <step title="Cleanup Xml Logs" date="2025-06-30T19:03:40.399" /><!-- duration: 11ms -->
  <step title="Deployment timer started" date="2025-06-30T19:03:40.468" >
    <step title="Executing external process" date="2025-06-30T19:03:40.491" type="process" path="git" arguments="log -n 1 master --" /><!-- duration: 207ms -->
    <step title="DeploymentManager.Deploy(id:ba2516ff11f465d82fb564c10c1c6597f770e4a6)" date="2025-06-30T19:03:40.716" >
      <step title="Collecting changeset information" date="2025-06-30T19:03:40.765" /><!-- duration: 234ms -->
      <step title="Updating to specific changeset" date="2025-06-30T19:03:41.006" >
        <step title="Executing external process" date="2025-06-30T19:03:42.148" type="process" path="git" arguments="checkout master --force" /><!-- duration: 443ms -->
      </step><!-- duration: 1587ms -->
      <step title="Updating submodules" date="2025-06-30T19:03:42.597" /><!-- duration: 141ms -->
      <step title="Determining deployment builder" date="2025-06-30T19:03:42.909" >
        <step title="Builder is OryxBuilder" date="2025-06-30T19:03:42.941" /><!-- duration: 4ms -->
      </step><!-- duration: 43ms -->
      <step title="PreDeployment: context.CleanOutputPath False" date="2025-06-30T19:03:42.987" >
        <step title="PreDeployment: context.OutputPath /home/site/wwwroot" date="2025-06-30T19:03:43.076" >
          <step title="Building" date="2025-06-30T19:03:43.207" >
            <step title="Executing external process" date="2025-06-30T19:03:43.495" type="process" path="bash" arguments="-c &quot;oryx build /home/site/repository -o /home/site/wwwroot --platform python --platform-version 3.9 -p virtualenv_name=antenv --log-file /tmp/build-debug.log  -i /tmp/8ddb808d5051a14 --compress-destination-dir | tee /tmp/oryx-build.log ; exit $PIPESTATUS &quot;" /><!-- duration: 53143ms -->
            <step title="Using PythonDeploymentLogParser" date="2025-06-30T19:04:37.058" /><!-- duration: 13ms -->
            <step title="Triggering recycle (preview mode disabled)." date="2025-06-30T19:04:37.842" /><!-- duration: 3ms -->
            <step title="Modified file to trigger a restart of the app container." date="2025-06-30T19:04:37.876" /><!-- duration: 6ms -->
            <step title="Skip function trigger and logicapp sync because function is not enabled." date="2025-06-30T19:04:37.903" /><!-- duration: 9ms -->
            <step title="Purge deployment items" date="2025-06-30T19:04:38.817" >
              <step title="Remove cc2b464fa, Success, received at 06/29/2025 13:21:17" date="2025-06-30T19:04:38.877" /><!-- duration: 7ms -->
            </step><!-- duration: 70ms -->
          </step><!-- duration: 55727ms -->
        </step><!-- duration: 55865ms -->
        <step title="Cleaning up temp files" date="2025-06-30T19:04:38.945" /><!-- duration: 1994ms -->
        <step title="Cleaning up temp files" date="2025-06-30T19:04:41.006" /><!-- duration: 520ms -->
        <step title="Reloading status file with latest updates" date="2025-06-30T19:04:41.550" >
          <step title="WebHooksManager.PublishEventAsync: PostDeployment" date="2025-06-30T19:04:41.564" /><!-- duration: 234ms -->
        </step><!-- duration: 257ms -->
        <step title="Executing external process" date="2025-06-30T19:04:41.925" type="process" path="git" arguments="log -n 1 master --" /><!-- duration: 208ms -->
      </step><!-- duration: 59156ms -->
      <step title="Perform deploy exiting successfully" date="2025-06-30T19:04:42.153" 