<step title="Incoming Request" date="2025-07-18T05:49:26.124" instance="831bc3" url="/ai-learning-tracker-bharath.git/info/refs?service=git-receive-pack" method="GET" type="request" pid="803,1,36" Accept="*/*" Host="ai-learning-tracker-bharath.scm.azurewebsites.net" User-Agent="git/2.50.1.windows.1" Accept-Encoding="deflate, gzip, br, zstd" Authorization="Bas..." Pragma="no-cache" X-ARR-LOG-ID="04621a5f-ed0d-4447-9932-298cc71b599e" CLIENT-IP="223.187.55.1:58587" X-SITE-DEPLOYMENT-ID="ai-learning-tracker-bharath" WAS-DEFAULT-HOSTNAME="ai-learning-tracker-bharath.scm.azurewebsites.net" X-Forwarded-Proto="https" X-AppService-Proto="https" X-Forwarded-TlsVersion="1.3" X-WAWS-Unencoded-URL="/ai-learning-tracker-bharath.git/info/refs?service=git-receive-pack" X-Client-IP="223.187.55.1" X-Client-Port="58587" >
  <step title="Cleanup Xml Logs" date="2025-07-18T05:49:26.211" /><!-- duration: 70ms -->
  <step title="InfoRefsService.Execute" date="2025-07-18T05:49:26.663" >
    <step title="Executing external process" date="2025-07-18T05:49:26.822" type="process" path="git" arguments="rev-parse --git-dir" /><!-- duration: 230ms -->
    <step title="Assuming git repository at /home/site/repository" date="2025-07-18T05:49:27.079" /><!-- duration: 3ms -->
    <step title="InfoRefsService.SmartInfoRefs" date="2025-07-18T05:49:27.110" >
      <step title="Executing external process" date="2025-07-18T05:49:27.196" type="process" path="git" arguments="rev-parse --git-dir" /><!-- duration: 80ms -->
      <step title="Assuming git repository at /home/site/repository" date="2025-07-18T05:49:27.294" /><!-- duration: 49ms -->
      <step title="GitExeServer.AdvertiseReceivePack" date="2025-07-18T05:49:27.403" >
        <step title="Executing external process" date="2025-07-18T05:49:27.412" type="process" path="git" arguments="receive-pack --stateless-rpc --advertise-refs &quot;/home/site/repository&quot;" /><!-- duration: 214ms -->
      </step><!-- duration: 264ms -->
      <step title="Writing 182 bytes" date="2025-07-18T05:49:27.687" /><!-- duration: 2ms -->
    </step><!-- duration: 607ms -->
  </step><!-- duration: 1064ms -->
  <step title="Outgoing response" date="2025-07-18T05:49:27.769" type="response" statusCode="200" statusText="OK" /><!-- duration: 9ms -->
</step><!-- duration: 1655ms -->
