<step title="Incoming Request" date="2025-07-01T18:19:54.930" instance="978831" url="/ai-learning-tracker-bharath.git/git-receive-pack" method="POST" type="request" pid="807,1,55" Accept="application/x-git-receive-pack-result" Host="ai-learning-tracker-bharath.scm.azurewebsites.net" User-Agent="git/2.50.0.windows.1" Accept-Encoding="deflate, gzip, br, zstd" Authorization="Bas..." Content-Type="application/x-git-receive-pack-request" Content-Length="10747" X-ARR-LOG-ID="5c2ce635-8eed-4770-a292-2921d38197af" CLIENT-IP="122.174.71.5:52149" X-SITE-DEPLOYMENT-ID="ai-learning-tracker-bharath" WAS-DEFAULT-HOSTNAME="ai-learning-tracker-bharath.scm.azurewebsites.net" X-Forwarded-Proto="https" X-AppService-Proto="https" X-Forwarded-TlsVersion="1.3" X-WAWS-Unencoded-URL="/ai-learning-tracker-bharath.git/git-receive-pack" X-Client-IP="122.174.71.5" X-Client-Port="52149" >
  <step title="RpcService.ReceivePack" date="2025-07-01T18:19:54.942" >
    <step title="Executing external process" date="2025-07-01T18:19:54.967" type="process" path="git" arguments="rev-parse --git-dir" /><!-- duration: 33ms -->
    <step title="Assuming git repository at /home/site/repository" date="2025-07-01T18:19:55.002" /><!-- duration: 6ms -->
    <step title="Acquiring Deployment Lock" date="2025-07-01T18:19:55.016" /><!-- duration: 2ms -->
    <step title="Acquired Deployment Lock" date="2025-07-01T18:19:55.042" /><!-- duration: 2ms -->
    <step title="Creating temporary deployment" date="2025-07-01T18:19:55.050" /><!-- duration: 68ms -->
    <step title="GitExeServer.Receive" date="2025-07-01T18:19:55.124" >
      <step title="Executing external process" date="2025-07-01T18:19:55.126" type="process" path="git" arguments="receive-pack --stateless-rpc &quot;/home/site/repository&quot;" /><!-- duration: 87797ms -->
    </step><!-- duration: 87811ms -->
    <step title="Releasing Deployment Lock" date="2025-07-01T18:21:23.024" /><!-- duration: 3ms -->
  </step><!-- duration: 88095ms -->
  <step title="Outgoing response" date="2025-07-01T18:21:23.051" type="response" statusCode="200" statusText="OK" /><!-- duration: 3ms -->
</step><!-- duration: 88127ms -->
