<step title="Incoming Request" date="2025-06-26T15:08:50.868" instance="97aa17" url="/ai-learning-tracker-bharath.git/git-receive-pack" method="POST" type="request" pid="800,1,7" Accept="application/x-git-receive-pack-result" Host="ai-learning-tracker-bharath.scm.azurewebsites.net" User-Agent="git/2.50.0.windows.1" Accept-Encoding="deflate, gzip, br, zstd" Authorization="Bas..." Content-Type="application/x-git-receive-pack-request" Content-Length="71447" X-ARR-LOG-ID="b9a1c3dd-09ab-4911-9c6c-f2c3b87e41c4" CLIENT-IP="122.164.230.25:54631" X-SITE-DEPLOYMENT-ID="ai-learning-tracker-bharath" WAS-DEFAULT-HOSTNAME="ai-learning-tracker-bharath.scm.azurewebsites.net" X-Forwarded-Proto="https" X-AppService-Proto="https" X-Forwarded-TlsVersion="1.3" X-WAWS-Unencoded-URL="/ai-learning-tracker-bharath.git/git-receive-pack" X-Client-IP="122.164.230.25" X-Client-Port="54631" >
  <step title="Cleanup Xml Logs" date="2025-06-26T15:08:50.871" /><!-- duration: 8ms -->
  <step title="RpcService.ReceivePack" date="2025-06-26T15:08:50.896" >
    <step title="Executing external process" date="2025-06-26T15:08:50.906" type="process" path="git" arguments="rev-parse --git-dir" /><!-- duration: 37ms -->
    <step title="Assuming git repository at /home/site/repository" date="2025-06-26T15:08:50.947" /><!-- duration: 3ms -->
    <step title="Acquiring Deployment Lock" date="2025-06-26T15:08:50.957" /><!-- duration: 2ms -->
    <step title="Acquired Deployment Lock" date="2025-06-26T15:08:51.009" /><!-- duration: 4ms -->
    <step title="Creating temporary deployment" date="2025-06-26T15:08:51.017" /><!-- duration: 76ms -->
    <step title="GitExeServer.Receive" date="2025-06-26T15:08:51.096" >
      <step title="Executing external process" date="2025-06-26T15:08:51.098" type="process" path="git" arguments="receive-pack --stateless-rpc &quot;/home/site/repository&quot;" /><!-- duration: 30312ms -->
    </step><!-- duration: 30321ms -->
    <step title="Releasing Deployment Lock" date="2025-06-26T15:09:21.491" /><!-- duration: 3ms -->
  </step><!-- duration: 30607ms -->
  <step title="Outgoing response" date="2025-06-26T15:09:21.509" type="response" statusCode="200" statusText="OK" /><!-- duration: 3ms -->
</step><!-- duration: 30646ms -->
