<step title="Incoming Request" date="2025-07-28T05:18:42.000" instance="831bc3" url="/ai-learning-tracker-bharath.git/info/refs?service=git-receive-pack" method="GET" type="request" pid="805,1,27" Accept="*/*" Host="ai-learning-tracker-bharath.scm.azurewebsites.net" User-Agent="git/2.50.1.windows.1" Accept-Encoding="deflate, gzip, br, zstd" Authorization="Bas..." Pragma="no-cache" X-ARR-LOG-ID="428d5bfd-7293-4db5-b209-bb7abc930619" CLIENT-IP="122.177.243.138:9506" X-SITE-DEPLOYMENT-ID="ai-learning-tracker-bharath" WAS-DEFAULT-HOSTNAME="ai-learning-tracker-bharath.scm.azurewebsites.net" X-Forwarded-Proto="https" X-AppService-Proto="https" X-Forwarded-TlsVersion="1.3" X-WAWS-Unencoded-URL="/ai-learning-tracker-bharath.git/info/refs?service=git-receive-pack" X-Client-IP="122.177.243.138" X-Client-Port="9506" >
  <step title="Cleanup Xml Logs" date="2025-07-28T05:18:42.017" >
    <step title="Cleanup Infos" date="2025-07-28T05:18:42.080" totalFiles="353" totalCleanup="193" /><!-- duration: 33ms -->
  </step><!-- duration: 112ms -->
  <step title="InfoRefsService.Execute" date="2025-07-28T05:18:42.492" >
    <step title="Executing external process" date="2025-07-28T05:18:42.526" type="process" path="git" arguments="rev-parse --git-dir" /><!-- duration: 122ms -->
    <step title="Assuming git repository at /home/site/repository" date="2025-07-28T05:18:42.665" /><!-- duration: 10ms -->
    <step title="InfoRefsService.SmartInfoRefs" date="2025-07-28T05:18:42.686" >
      <step title="Executing external process" date="2025-07-28T05:18:42.718" type="process" path="git" arguments="rev-parse --git-dir" /><!-- duration: 18ms -->
      <step title="Assuming git repository at /home/site/repository" date="2025-07-28T05:18:42.740" /><!-- duration: 4ms -->
      <step title="GitExeServer.AdvertiseReceivePack" date="2025-07-28T05:18:42.759" >
        <step title="Executing external process" date="2025-07-28T05:18:42.770" type="process" path="git" arguments="receive-pack --stateless-rpc --advertise-refs &quot;/home/site/repository&quot;" /><!-- duration: 54ms -->
      </step><!-- duration: 69ms -->
      <step title="Writing 182 bytes" date="2025-07-28T05:18:42.833" /><!-- duration: 2ms -->
    </step><!-- duration: 171ms -->
  </step><!-- duration: 377ms -->
  <step title="Outgoing response" date="2025-07-28T05:18:42.916" type="response" statusCode="200" statusText="OK" /><!-- duration: 4ms -->
</step><!-- duration: 922ms -->
