<step title="Executing external process" date="2025-07-28T15:39:59.539" instance="831bc3" type="process" path="kudu.exe" arguments="/home/site /opt/Kudu/msbuild" >
  <step title="Cleanup Xml Logs" date="2025-07-28T15:39:59.556" >
    <step title="Cleanup Infos" date="2025-07-28T15:39:59.570" totalFiles="373" totalCleanup="213" /><!-- duration: 4ms -->
  </step><!-- duration: 26ms -->
  <step title="Deployment timer started" date="2025-07-28T15:39:59.703" >
    <step title="Executing external process" date="2025-07-28T15:39:59.755" type="process" path="git" arguments="log -n 1 master --" /><!-- duration: 182ms -->
    <step title="DeploymentManager.Deploy(id:25053a5f180cedeab097add1dc130888edc465a5)" date="2025-07-28T15:39:59.966" >
      <step title="Collecting changeset information" date="2025-07-28T15:40:00.056" /><!-- duration: 393ms -->
      <step title="Updating to specific changeset" date="2025-07-28T15:40:00.458" >
        <step title="Executing external process" date="2025-07-28T15:40:01.687" type="process" path="git" arguments="checkout master --force" /><!-- duration: 2142ms -->
      </step><!-- duration: 3408ms -->
      <step title="Updating submodules" date="2025-07-28T15:40:03.877" /><!-- duration: 320ms -->
      <step title="Determining deployment builder" date="2025-07-28T15:40:04.635" >
        <step title="Builder is RunFromZipSiteBuilder" date="2025-07-28T15:40:04.667" /><!-- duration: 9ms -->
      </step><!-- duration: 81ms -->
      <step title="PreDeployment: context.CleanOutputPath False" date="2025-07-28T15:40:04.839" >
        <step title="PreDeployment: context.OutputPath /home/site/wwwroot" date="2025-07-28T15:40:05.061" >
          <step title="Building" date="2025-07-28T15:40:05.309" >
            <step title="Triggering recycle (preview mode disabled)." date="2025-07-28T15:40:05.688" /><!-- duration: 10ms -->
            <step title="Modified file to trigger a restart of the app container." date="2025-07-28T15:40:05.738" /><!-- duration: 2ms -->
            <step title="Skip function trigger and logicapp sync because function is not enabled." date="2025-07-28T15:40:05.757" /><!-- duration: 9ms -->
            <step title="Purge deployment items" date="2025-07-28T15:40:06.653" >
              <step title="Remove 0992ded46, Success, received at 07/25/2025 08:49:36" date="2025-07-28T15:40:06.694" /><!-- duration: 2ms -->
            </step><!-- duration: 46ms -->
          </step><!-- duration: 1458ms -->
        </step><!-- duration: 1711ms -->
        <step title="Cleaning up temp files" date="2025-07-28T15:40:06.775" /><!-- duration: 12ms -->
        <step title="Cleaning up temp files" date="2025-07-28T15:40:06.789" /><!-- duration: 509ms -->
        <step title="Reloading status file with latest updates" date="2025-07-28T15:40:07.325" >
          <step title="WebHooksManager.PublishEventAsync: PostDeployment" date="2025-07-28T15:40:07.338" /><!-- duration: 119ms -->
        </step><!-- duration: 133ms -->
        <step title="Executing external process" date="2025-07-28T15:40:07.474" type="process" path="git" arguments="log -n 1 master --" /><!-- duration: 53ms -->
      </step><!-- duration: 2690ms -->
      <step title="Perform deploy exiting successfully" date="2025-07-28T15:40:07.533" 