<step title="Incoming Request" date="2025-07-01T18:41:52.265" instance="978831" url="/ai-learning-tracker-bharath.git/git-receive-pack" method="POST" type="request" pid="807,1,27" Accept="application/x-git-receive-pack-result" Host="ai-learning-tracker-bharath.scm.azurewebsites.net" User-Agent="git/2.50.0.windows.1" Accept-Encoding="deflate, gzip, br, zstd" Authorization="Bas..." Content-Type="application/x-git-receive-pack-request" Content-Length="1364" X-ARR-LOG-ID="a1208727-a611-479e-bca2-e14327ffad7a" CLIENT-IP="122.174.71.5:52985" X-SITE-DEPLOYMENT-ID="ai-learning-tracker-bharath" WAS-DEFAULT-HOSTNAME="ai-learning-tracker-bharath.scm.azurewebsites.net" X-Forwarded-Proto="https" X-AppService-Proto="https" X-Forwarded-TlsVersion="1.3" X-WAWS-Unencoded-URL="/ai-learning-tracker-bharath.git/git-receive-pack" X-Client-IP="122.174.71.5" X-Client-Port="52985" >
  <step title="RpcService.ReceivePack" date="2025-07-01T18:41:52.276" >
    <step title="Executing external process" date="2025-07-01T18:41:52.288" type="process" path="git" arguments="rev-parse --git-dir" /><!-- duration: 32ms -->
    <step title="Assuming git repository at /home/site/repository" date="2025-07-01T18:41:52.324" /><!-- duration: 3ms -->
    <step title="Acquiring Deployment Lock" date="2025-07-01T18:41:52.335" /><!-- duration: 4ms -->
    <step title="Acquired Deployment Lock" date="2025-07-01T18:41:52.368" /><!-- duration: 2ms -->
    <step title="Creating temporary deployment" date="2025-07-01T18:41:52.376" /><!-- duration: 80ms -->
    <step title="GitExeServer.Receive" date="2025-07-01T18:41:52.462" >
      <step title="Executing external process" date="2025-07-01T18:41:52.464" type="process" path="git" arguments="receive-pack --stateless-rpc &quot;/home/site/repository&quot;" /><!-- duration: 82405ms -->
    </step><!-- duration: 82413ms -->
    <step title="Releasing Deployment Lock" date="2025-07-01T18:43:14.954" /><!-- duration: 5ms -->
  </step><!-- duration: 82691ms -->
  <step title="Outgoing response" date="2025-07-01T18:43:14.973" type="response" statusCode="200" statusText="OK" /><!-- duration: 3ms -->
</step><!-- duration: 82714ms -->
