<step title="Incoming Request" date="2025-07-19T18:17:29.402" instance="831bc3" url="/ai-learning-tracker-bharath.git/git-receive-pack" method="POST" type="request" pid="807,1,71" Accept="application/x-git-receive-pack-result" Host="ai-learning-tracker-bharath.scm.azurewebsites.net" User-Agent="git/2.50.1.windows.1" Accept-Encoding="deflate, gzip, br, zstd" Authorization="Bas..." Content-Type="application/x-git-receive-pack-request" Content-Length="44831" X-ARR-LOG-ID="47731826-e789-43e8-8a48-cc8e224631d3" CLIENT-IP="122.177.246.142:12247" X-SITE-DEPLOYMENT-ID="ai-learning-tracker-bharath" WAS-DEFAULT-HOSTNAME="ai-learning-tracker-bharath.scm.azurewebsites.net" X-Forwarded-Proto="https" X-AppService-Proto="https" X-Forwarded-TlsVersion="1.3" X-WAWS-Unencoded-URL="/ai-learning-tracker-bharath.git/git-receive-pack" X-Client-IP="122.177.246.142" X-Client-Port="12247" >
  <step title="RpcService.ReceivePack" date="2025-07-19T18:17:29.446" >
    <step title="Executing external process" date="2025-07-19T18:17:29.455" type="process" path="git" arguments="rev-parse --git-dir" /><!-- duration: 59ms -->
    <step title="Assuming git repository at /home/site/repository" date="2025-07-19T18:17:29.522" /><!-- duration: 10ms -->
    <step title="Acquiring Deployment Lock" date="2025-07-19T18:17:29.547" /><!-- duration: 4ms -->
    <step title="Acquired Deployment Lock" date="2025-07-19T18:17:29.604" /><!-- duration: 8ms -->
    <step title="Creating temporary deployment" date="2025-07-19T18:17:29.634" /><!-- duration: 305ms -->
    <step title="GitExeServer.Receive" date="2025-07-19T18:17:29.940" >
      <step title="Executing external process" date="2025-07-19T18:17:29.942" type="process" path="git" arguments="receive-pack --stateless-rpc &quot;/home/site/repository&quot;" /><!-- duration: 132148ms -->
    </step><!-- duration: 132161ms -->
    <step title="Releasing Deployment Lock" date="2025-07-19T18:19:42.265" /><!-- duration: 4ms -->
  </step><!-- duration: 132828ms -->
  <step title="Outgoing response" date="2025-07-19T18:19:42.281" type="response" statusCode="200" statusText="OK" /><!-- duration: 3ms -->
</step><!-- duration: 132885ms -->
