<step title="Executing external process" date="2025-07-01T13:53:22.248" instance="978831" type="process" path="kudu.exe" arguments="/home/site /opt/Kudu/msbuild" >
  <step title="Cleanup Xml Logs" date="2025-07-01T13:53:22.265" /><!-- duration: 9ms -->
  <step title="Deployment timer started" date="2025-07-01T13:53:22.324" >
    <step title="Executing external process" date="2025-07-01T13:53:22.353" type="process" path="git" arguments="log -n 1 master --" /><!-- duration: 193ms -->
    <step title="DeploymentManager.Deploy(id:fb41df7576e234b163e4a9e2c54d12df83375b3c)" date="2025-07-01T13:53:22.576" >
      <step title="Collecting changeset information" date="2025-07-01T13:53:22.636" /><!-- duration: 267ms -->
      <step title="Updating to specific changeset" date="2025-07-01T13:53:22.912" >
        <step title="Executing external process" date="2025-07-01T13:53:24.084" type="process" path="git" arguments="checkout master --force" /><!-- duration: 1341ms -->
      </step><!-- duration: 2519ms -->
      <step title="Updating submodules" date="2025-07-01T13:53:25.435" /><!-- duration: 115ms -->
      <step title="Determining deployment builder" date="2025-07-01T13:53:25.755" >
        <step title="Builder is OryxBuilder" date="2025-07-01T13:53:25.839" /><!-- duration: 8ms -->
      </step><!-- duration: 97ms -->
      <step title="PreDeployment: context.CleanOutputPath False" date="2025-07-01T13:53:25.909" >
        <step title="PreDeployment: context.OutputPath /home/site/wwwroot" date="2025-07-01T13:53:25.995" >
          <step title="Building" date="2025-07-01T13:53:26.082" >
            <step title="Executing external process" date="2025-07-01T13:53:26.316" type="process" path="bash" arguments="-c &quot;oryx build /home/site/repository -o /home/site/wwwroot --platform python --platform-version 3.9 -p virtualenv_name=antenv --log-file /tmp/build-debug.log  -i /tmp/8ddb8a6a6c697f4 --compress-destination-dir | tee /tmp/oryx-build.log ; exit $PIPESTATUS &quot;" /><!-- duration: 61593ms -->
            <step title="Using PythonDeploymentLogParser" date="2025-07-01T13:54:28.355" /><!-- duration: 9ms -->
            <step title="Triggering recycle (preview mode disabled)." date="2025-07-01T13:54:29.247" /><!-- duration: 8ms -->
            <step title="Modified file to trigger a restart of the app container." date="2025-07-01T13:54:29.284" /><!-- duration: 4ms -->
            <step title="Skip function trigger and logicapp sync because function is not enabled." date="2025-07-01T13:54:29.322" /><!-- duration: 3ms -->
            <step title="Purge deployment items" date="2025-07-01T13:54:30.561" >
              <step title="Remove b1e642ba9, Success, received at 06/29/2025 16:10:07" date="2025-07-01T13:54:30.606" /><!-- duration: 2ms -->
            </step><!-- duration: 51ms -->
          </step><!-- duration: 64572ms -->
        </step><!-- duration: 64662ms -->
        <step title="Cleaning up temp files" date="2025-07-01T13:54:30.660" /><!-- duration: 1829ms -->
        <step title="Cleaning up temp files" date="2025-07-01T13:54:32.499" /><!-- duration: 510ms -->
        <step title="Reloading status file with latest updates" date="2025-07-01T13:54:33.031" >
          <step title="WebHooksManager.PublishEventAsync: PostDeployment" date="2025-07-01T13:54:33.042" /><!-- duration: 138ms -->
        </step><!-- duration: 152ms -->
        <step title="Executing external process" date="2025-07-01T13:54:33.203" type="process" path="git" arguments="log -n 1 master --" /><!-- duration: 85ms -->
      </step><!-- duration: 67383ms -->
      <step title="Perform deploy exiting successfully" date="2025-07-01T13:54:33.299" 