<step title="Incoming Request" date="2025-07-01T17:00:44.197" instance="978831" url="/ai-learning-tracker-bharath.git/info/refs?service=git-receive-pack" method="GET" type="request" pid="807,1,88" Accept="*/*" Host="ai-learning-tracker-bharath.scm.azurewebsites.net" User-Agent="git/2.50.0.windows.1" Accept-Encoding="deflate, gzip, br, zstd" Authorization="Bas..." Pragma="no-cache" X-ARR-LOG-ID="537b105b-0d2d-4d40-b574-62781b25e6b6" CLIENT-IP="122.174.71.5:53381" X-SITE-DEPLOYMENT-ID="ai-learning-tracker-bharath" WAS-DEFAULT-HOSTNAME="ai-learning-tracker-bharath.scm.azurewebsites.net" X-Forwarded-Proto="https" X-AppService-Proto="https" X-Forwarded-TlsVersion="1.3" X-WAWS-Unencoded-URL="/ai-learning-tracker-bharath.git/info/refs?service=git-receive-pack" X-Client-IP="122.174.71.5" X-Client-Port="53381" >
  <step title="Cleanup Xml Logs" date="2025-07-01T17:00:44.201" /><!-- duration: 45ms -->
  <step title="InfoRefsService.Execute" date="2025-07-01T17:00:44.313" >
    <step title="Executing external process" date="2025-07-01T17:00:44.354" type="process" path="git" arguments="rev-parse --git-dir" /><!-- duration: 229ms -->
    <step title="Assuming git repository at /home/site/repository" date="2025-07-01T17:00:44.585" /><!-- duration: 2ms -->
    <step title="InfoRefsService.SmartInfoRefs" date="2025-07-01T17:00:44.595" >
      <step title="Executing external process" date="2025-07-01T17:00:44.619" type="process" path="git" arguments="rev-parse --git-dir" /><!-- duration: 19ms -->
      <step title="Assuming git repository at /home/site/repository" date="2025-07-01T17:00:44.640" /><!-- duration: 2ms -->
      <step title="GitExeServer.AdvertiseReceivePack" date="2025-07-01T17:00:44.651" >
        <step title="Executing external process" date="2025-07-01T17:00:44.654" type="process" path="git" arguments="receive-pack --stateless-rpc --advertise-refs &quot;/home/site/repository&quot;" /><!-- duration: 76ms -->
      </step><!-- duration: 81ms -->
      <step title="Writing 182 bytes" date="2025-07-01T17:00:44.735" /><!-- duration: 2ms -->
    </step><!-- duration: 146ms -->
  </step><!-- duration: 432ms -->
  <step title="Outgoing response" date="2025-07-01T17:00:44.751" type="response" statusCode="200" statusText="OK" /><!-- duration: 3ms -->
</step><!-- duration: 559ms -->
