<step title="Incoming Request" date="2025-07-19T07:39:19.722" instance="831bc3" url="/ai-learning-tracker-bharath.git/git-receive-pack" method="POST" type="request" pid="803,1,40" Accept="application/x-git-receive-pack-result" Host="ai-learning-tracker-bharath.scm.azurewebsites.net" User-Agent="git/2.50.1.windows.1" Accept-Encoding="deflate, gzip, br, zstd" Authorization="Bas..." Content-Type="application/x-git-receive-pack-request" Content-Length="3481" X-ARR-LOG-ID="1d9f2e4f-52c0-475b-93ec-41a69adbf525" CLIENT-IP="122.177.246.142:5988" X-SITE-DEPLOYMENT-ID="ai-learning-tracker-bharath" WAS-DEFAULT-HOSTNAME="ai-learning-tracker-bharath.scm.azurewebsites.net" X-Forwarded-Proto="https" X-AppService-Proto="https" X-Forwarded-TlsVersion="1.3" X-WAWS-Unencoded-URL="/ai-learning-tracker-bharath.git/git-receive-pack" X-Client-IP="122.177.246.142" X-Client-Port="5988" >
  <step title="RpcService.ReceivePack" date="2025-07-19T07:39:19.757" >
    <step title="Executing external process" date="2025-07-19T07:39:19.787" type="process" path="git" arguments="rev-parse --git-dir" /><!-- duration: 96ms -->
    <step title="Assuming git repository at /home/site/repository" date="2025-07-19T07:39:19.886" /><!-- duration: 19ms -->
    <step title="Acquiring Deployment Lock" date="2025-07-19T07:39:19.920" /><!-- duration: 3ms -->
    <step title="Acquired Deployment Lock" date="2025-07-19T07:39:19.973" /><!-- duration: 2ms -->
    <step title="Creating temporary deployment" date="2025-07-19T07:39:19.986" /><!-- duration: 92ms -->
    <step title="GitExeServer.Receive" date="2025-07-19T07:39:20.090" >
      <step title="Executing external process" date="2025-07-19T07:39:20.097" type="process" path="git" arguments="receive-pack --stateless-rpc &quot;/home/site/repository&quot;" /><!-- duration: 101364ms -->
    </step><!-- duration: 101379ms -->
    <step title="Releasing Deployment Lock" date="2025-07-19T07:41:01.571" /><!-- duration: 8ms -->
  </step><!-- duration: 101851ms -->
  <step title="Outgoing response" date="2025-07-19T07:41:01.626" type="response" statusCode="200" statusText="OK" /><!-- duration: 4ms -->
</step><!-- duration: 101917ms -->
