<step title="Executing external process" date="2025-07-28T05:18:47.049" instance="831bc3" type="process" path="kudu.exe" arguments="/home/site /opt/Kudu/msbuild" >
  <step title="Cleanup Xml Logs" date="2025-07-28T05:18:47.077" >
    <step title="Cleanup Infos" date="2025-07-28T05:18:47.097" totalFiles="355" totalCleanup="195" /><!-- duration: 11ms -->
  </step><!-- duration: 41ms -->
  <step title="Deployment timer started" date="2025-07-28T05:18:47.187" >
    <step title="Executing external process" date="2025-07-28T05:18:47.231" type="process" path="git" arguments="log -n 1 master --" /><!-- duration: 238ms -->
    <step title="DeploymentManager.Deploy(id:74aa32caf021ad7f77e860f5a347cf2eddde1740)" date="2025-07-28T05:18:47.492" >
      <step title="Collecting changeset information" date="2025-07-28T05:18:47.583" /><!-- duration: 349ms -->
      <step title="Updating to specific changeset" date="2025-07-28T05:18:47.956" >
        <step title="Executing external process" date="2025-07-28T05:18:49.121" type="process" path="git" arguments="checkout master --force" /><!-- duration: 761ms -->
      </step><!-- duration: 1929ms -->
      <step title="Updating submodules" date="2025-07-28T05:18:49.888" /><!-- duration: 119ms -->
      <step title="Determining deployment builder" date="2025-07-28T05:18:50.208" >
        <step title="Builder is OryxBuilder" date="2025-07-28T05:18:50.228" /><!-- duration: 2ms -->
      </step><!-- duration: 25ms -->
      <step title="PreDeployment: context.CleanOutputPath False" date="2025-07-28T05:18:50.274" >
        <step title="PreDeployment: context.OutputPath /home/site/wwwroot" date="2025-07-28T05:18:50.407" >
          <step title="Building" date="2025-07-28T05:18:50.496" >
            <step title="Executing external process" date="2025-07-28T05:18:50.760" type="process" path="bash" arguments="-c &quot;oryx build /home/site/repository -o /home/site/wwwroot --platform python --platform-version 3.9 -p virtualenv_name=antenv --log-file /tmp/build-debug.log  -i /tmp/8ddcd963c9fb0e6 --compress-destination-dir | tee /tmp/oryx-build.log ; exit $PIPESTATUS &quot;" >
              <step title="Cpu: python(17114,43.070s)+ts(17115,0.130s)+build.sh(17113,0.000s)+build.sh(17112,0.000s)+build.sh(17031,0.050s)+oryx(17010,4.570s)+tee(17011,0.000s)+bash(17009,0.000s)=total(47.810s)" date="2025-07-28T05:20:27.707" /><!-- duration: 18ms -->
              <step title="bash: no io activity for 61s, prev-cpu=-1.000s, current-cpu=47.810s" date="2025-07-28T05:20:27.756" /><!-- duration: 3ms -->
            </step><!-- duration: 185942ms -->
            <step title="Using PythonDeploymentLogParser" date="2025-07-28T05:21:57.345" /><!-- duration: 9ms -->
            <step title="Triggering recycle (preview mode disabled)." date="2025-07-28T05:21:58.263" /><!-- duration: 3ms -->
            <step title="Modified file to trigger a restart of the app container." date="2025-07-28T05:21:58.294" /><!-- duration: 3ms -->
            <step title="Skip function trigger and logicapp sync because function is not enabled." date="2025-07-28T05:21:58.321" /><!-- duration: 3ms -->
            <step title="Purge deployment items" date="2025-07-28T05:21:59.258" >
              <step title="Remove 896f6feac, Success, received at 07/21/2025 08:26:55" date="2025-07-28T05:21:59.310" /><!-- duration: 5ms -->
            </step><!-- duration: 59ms -->
          </step><!-- duration: 188877ms -->
        </step><!-- duration: 188972ms -->
        <step title="Cleaning up temp files" date="2025-07-28T05:21:59.382" /><!-- duration: 3248ms -->
        <step title="Cleaning up temp files" date="2025-07-28T05:22:02.642" /><!-- duration: 531ms -->
        <step title="Reloading status file with latest updates" date="2025-07-28T05:22:03.257" >
          <step title="WebHooksManager.PublishEventAsync: PostDeployment" date="2025-07-28T05:22:03.278" /><!-- duration: 485ms -->
        </step><!-- duration: 525ms -->
        <step title="Executing external process" date="2025-07-28T05:22:03.840" type="process" path="git" arguments="log -n 1 master --" /><!-- duration: 243ms -->
      </step><!-- duration: 193848ms -->
      <step title="Perform deploy exiting successfully" date="2025-07-28T05:22:04.131" 