<step title="Executing external process" date="2025-07-10T13:36:28.367" instance="978831" type="process" path="kudu.exe" arguments="/home/site /opt/Kudu/msbuild" >
  <step title="Cleanup Xml Logs" date="2025-07-10T13:36:28.396" /><!-- duration: 26ms -->
  <step title="Deployment timer started" date="2025-07-10T13:36:28.521" >
    <step title="Executing external process" date="2025-07-10T13:36:28.562" type="process" path="git" arguments="log -n 1 master --" /><!-- duration: 462ms -->
    <step title="DeploymentManager.Deploy(id:e0ad1e2aa26d1d1793c4eb892229ebe4fbbca0c8)" date="2025-07-10T13:36:29.081" >
      <step title="Collecting changeset information" date="2025-07-10T13:36:29.166" /><!-- duration: 410ms -->
      <step title="Updating to specific changeset" date="2025-07-10T13:36:29.588" >
        <step title="Executing external process" date="2025-07-10T13:36:30.723" type="process" path="git" arguments="checkout master --force" /><!-- duration: 4163ms -->
      </step><!-- duration: 5305ms -->
      <step title="Updating submodules" date="2025-07-10T13:36:34.897" /><!-- duration: 108ms -->
      <step title="Determining deployment builder" date="2025-07-10T13:36:35.184" >
        <step title="Builder is OryxBuilder" date="2025-07-10T13:36:35.204" /><!-- duration: 3ms -->
      </step><!-- duration: 26ms -->
      <step title="PreDeployment: context.CleanOutputPath False" date="2025-07-10T13:36:35.250" >
        <step title="PreDeployment: context.OutputPath /home/site/wwwroot" date="2025-07-10T13:36:35.328" >
          <step title="Building" date="2025-07-10T13:36:35.422" >
            <step title="Executing external process" date="2025-07-10T13:36:35.641" type="process" path="bash" arguments="-c &quot;oryx build /home/site/repository -o /home/site/wwwroot --platform python --platform-version 3.9 -p virtualenv_name=antenv --log-file /tmp/build-debug.log  -i /tmp/8ddbfb6ca19e77d --compress-destination-dir | tee /tmp/oryx-build.log ; exit $PIPESTATUS &quot;" /><!-- duration: 114360ms -->
            <step title="Using PythonDeploymentLogParser" date="2025-07-10T13:38:30.389" /><!-- duration: 3ms -->
            <step title="Triggering recycle (preview mode disabled)." date="2025-07-10T13:38:31.196" /><!-- duration: 7ms -->
            <step title="Modified file to trigger a restart of the app container." date="2025-07-10T13:38:31.231" /><!-- duration: 3ms -->
            <step title="Skip function trigger and logicapp sync because function is not enabled." date="2025-07-10T13:38:31.260" /><!-- duration: 3ms -->
            <step title="Purge deployment items" date="2025-07-10T13:38:32.006" >
              <step title="Remove 6d9e0d6c2, Success, received at 07/01/2025 18:41:55" date="2025-07-10T13:38:32.044" /><!-- duration: 3ms -->
            </step><!-- duration: 44ms -->
          </step><!-- duration: 116684ms -->
        </step><!-- duration: 116782ms -->
        <step title="Cleaning up temp files" date="2025-07-10T13:38:32.114" /><!-- duration: 1912ms -->
        <step title="Cleaning up temp files" date="2025-07-10T13:38:34.039" /><!-- duration: 519ms -->
        <step title="Reloading status file with latest updates" date="2025-07-10T13:38:34.579" >
          <step title="WebHooksManager.PublishEventAsync: PostDeployment" date="2025-07-10T13:38:34.586" /><!-- duration: 137ms -->
        </step><!-- duration: 147ms -->
        <step title="Executing external process" date="2025-07-10T13:38:34.782" type="process" path="git" arguments="log -n 1 master --" /><!-- duration: 76ms -->
      </step><!-- duration: 119612ms -->
      <step title="Perform deploy exiting successfully" date="2025-07-10T13:38:34.871" 