<step title="Incoming Request" date="2025-07-19T05:07:07.491" instance="831bc3" url="/ai-learning-tracker-bharath.git/info/refs?service=git-receive-pack" method="GET" type="request" pid="803,1,27" Accept="*/*" Host="ai-learning-tracker-bharath.scm.azurewebsites.net" User-Agent="git/2.50.1.windows.1" Accept-Encoding="deflate, gzip, br, zstd" Authorization="Bas..." Pragma="no-cache" X-ARR-LOG-ID="795989db-54ae-4d8c-9644-040953e5e6a3" CLIENT-IP="122.177.246.142:28707" X-SITE-DEPLOYMENT-ID="ai-learning-tracker-bharath" WAS-DEFAULT-HOSTNAME="ai-learning-tracker-bharath.scm.azurewebsites.net" X-Forwarded-Proto="https" X-AppService-Proto="https" X-Forwarded-TlsVersion="1.3" X-WAWS-Unencoded-URL="/ai-learning-tracker-bharath.git/info/refs?service=git-receive-pack" X-Client-IP="122.177.246.142" X-Client-Port="28707" >
  <step title="Cleanup Xml Logs" date="2025-07-19T05:07:07.497" >
    <step title="Cleanup Infos" date="2025-07-19T05:07:07.509" totalFiles="221" totalCleanup="61" /><!-- duration: 16ms -->
  </step><!-- duration: 37ms -->
  <step title="InfoRefsService.Execute" date="2025-07-19T05:07:07.656" >
    <step title="Executing external process" date="2025-07-19T05:07:07.705" type="process" path="git" arguments="rev-parse --git-dir" /><!-- duration: 106ms -->
    <step title="Assuming git repository at /home/site/repository" date="2025-07-19T05:07:07.814" /><!-- duration: 4ms -->
    <step title="InfoRefsService.SmartInfoRefs" date="2025-07-19T05:07:07.826" >
      <step title="Executing external process" date="2025-07-19T05:07:07.850" type="process" path="git" arguments="rev-parse --git-dir" /><!-- duration: 23ms -->
      <step title="Assuming git repository at /home/site/repository" date="2025-07-19T05:07:07.876" /><!-- duration: 3ms -->
      <step title="GitExeServer.AdvertiseReceivePack" date="2025-07-19T05:07:07.890" >
        <step title="Executing external process" date="2025-07-19T05:07:07.902" type="process" path="git" arguments="receive-pack --stateless-rpc --advertise-refs &quot;/home/site/repository&quot;" /><!-- duration: 57ms -->
      </step><!-- duration: 72ms -->
      <step title="Writing 182 bytes" date="2025-07-19T05:07:07.965" /><!-- duration: 2ms -->
    </step><!-- duration: 160ms -->
  </step><!-- duration: 332ms -->
  <step title="Outgoing response" date="2025-07-19T05:07:07.993" type="response" statusCode="200" statusText="OK" /><!-- duration: 2ms -->
</step><!-- duration: 505ms -->
