﻿<?xml version="1.0" encoding="utf-8"?>
<deployment>
  <id>164d810944cc3e89ae04e2fb520a2891cc8de3ac</id>
  <author>bh-srinivasan</author>
  <deployer>bharath-deploy</deployer>
  <authorEmail>bhsrinivasan@microsoft.com</authorEmail>
  <message>Fix user deletion issue: Remove database from Git tracking
    
    - Add ai_learning.db to .gitignore to prevent database overwrites
    - Remove database file from Git version control
    - This prevents production database from being overwritten during deployments
    - Users will now persist across server restarts and deployments
    
    CRITICAL FIX: Database was being committed to Git and deployed to Azure,
    overwriting production data with development database on every deployment.</message>
  <progress></progress>
  <status>Success</status>
  <statusText></statusText>
  <lastSuccessEndTime>2025-07-01T19:31:00.9916128Z</lastSuccessEndTime>
  <receivedTime>2025-07-01T19:29:34.521959Z</receivedTime>
  <startTime>2025-07-01T19:29:39.8884428Z</startTime>
  <endTime>2025-07-01T19:31:00.9916128Z</endTime>
  <complete>True</complete>
  <is_temp>False</is_temp>
  <is_readonly>False</is_readonly>
  <buildSummary />
</deployment>