﻿<?xml version="1.0" encoding="utf-8"?>
<deployment>
  <id>0c0bc693818383fdfe0e6c073c3ea3632218f843</id>
  <author>Bharath Srinivasan</author>
  <deployer>bharath-deploy</deployer>
  <authorEmail>sbharathind@gmail.com</authorEmail>
  <message>Fix Upload Reports table text visibility and enhance zero value styling
    
    - Fixed white text visibility issues in admin tables with explicit color styling
    - Added comprehensive CSS rules for .admin-table class with proper contrast
    - Enhanced zero values with styled badges instead of plain gray text
    - Improved empty value indicators with italic styling and rounded borders
    - Added hover effects for better user interaction
    - Applied fixes to both upload_reports.html and upload_report_table.html
    - Ensured all badges (primary, success, danger, warning, info, secondary) have proper contrast
    - Added aggressive override rules to catch any remaining white text issues</message>
  <progress></progress>
  <status>Success</status>
  <statusText></statusText>
  <lastSuccessEndTime>2025-08-01T08:07:39.2424003Z</lastSuccessEndTime>
  <receivedTime>2025-08-01T08:06:11.4958391Z</receivedTime>
  <startTime>2025-08-01T08:06:14.9152717Z</startTime>
  <endTime>2025-08-01T08:07:39.2424003Z</endTime>
  <complete>True</complete>
  <is_temp>False</is_temp>
  <is_readonly>False</is_readonly>
  <buildSummary />
</deployment>