﻿<?xml version="1.0" encoding="utf-8"?>
<deployment>
  <id>3a06c1b4ccc28043660d31c4df28529fb84036c6</id>
  <author>Bharath Srinivasan</author>
  <deployer>bharath-deploy</deployer>
  <authorEmail>sbharathind@gmail.com</authorEmail>
  <message>Add create-admin-now route for Azure admin initialization - fix login issue</message>
  <progress></progress>
  <status>Success</status>
  <statusText></statusText>
  <lastSuccessEndTime>2025-08-03T09:11:20.5109051Z</lastSuccessEndTime>
  <receivedTime>2025-08-03T09:08:53.7753151Z</receivedTime>
  <startTime>2025-08-03T09:08:56.3953909Z</startTime>
  <endTime>2025-08-03T09:11:20.5109051Z</endTime>
  <complete>True</complete>
  <is_temp>False</is_temp>
  <is_readonly>False</is_readonly>
  <buildSummary />
</deployment>