﻿<?xml version="1.0" encoding="utf-8"?>
<deployment>
  <id>cc98e0635084b785c32691b0fc0128c31f683351</id>
  <author>bh-srinivasan</author>
  <deployer>bharath-deploy</deployer>
  <authorEmail>bhsrinivasan@microsoft.com</authorEmail>
  <message>EMERGENCY: Restore user database after critical security incident - 5 users with all data</message>
  <progress></progress>
  <status>Success</status>
  <statusText></statusText>
  <lastSuccessEndTime>2025-07-05T18:05:50.9190266Z</lastSuccessEndTime>
  <receivedTime>2025-07-05T18:04:42.5707359Z</receivedTime>
  <startTime>2025-07-05T18:04:44.4128183Z</startTime>
  <endTime>2025-07-05T18:05:50.9190266Z</endTime>
  <complete>True</complete>
  <is_temp>False</is_temp>
  <is_readonly>False</is_readonly>
  <buildSummary />
</deployment>