﻿<?xml version="1.0" encoding="utf-8"?>
<deployment>
  <id>867caafce7bc34f819d6e26d64164147ec71c524</id>
  <author>bh-srinivasan</author>
  <deployer>bharath-deploy</deployer>
  <authorEmail>bhsrinivasan@microsoft.com</authorEmail>
  <message>Fix admin routes with proper error handling and NULL value handling for Azure deployment</message>
  <progress></progress>
  <status>Success</status>
  <statusText></statusText>
  <lastSuccessEndTime>2025-07-01T16:11:43.4918996Z</lastSuccessEndTime>
  <receivedTime>2025-07-01T16:10:41.613843Z</receivedTime>
  <startTime>2025-07-01T16:10:43.5002342Z</startTime>
  <endTime>2025-07-01T16:11:43.4918996Z</endTime>
  <complete>True</complete>
  <is_temp>False</is_temp>
  <is_readonly>False</is_readonly>
  <buildSummary />
</deployment>