<step title="Incoming Request" date="2025-07-21T05:13:21.796" instance="831bc3" url="/ai-learning-tracker-bharath.git/git-receive-pack" method="POST" type="request" pid="803,1,5" Accept="application/x-git-receive-pack-result" Host="ai-learning-tracker-bharath.scm.azurewebsites.net" User-Agent="git/2.50.1.windows.1" Accept-Encoding="deflate, gzip, br, zstd" Authorization="Bas..." Content-Type="application/x-git-receive-pack-request" Content-Length="646" X-ARR-LOG-ID="f080d65a-62ff-4587-a0c5-ea2fbc80f241" CLIENT-IP="223.228.112.97:46403" X-SITE-DEPLOYMENT-ID="ai-learning-tracker-bharath" WAS-DEFAULT-HOSTNAME="ai-learning-tracker-bharath.scm.azurewebsites.net" X-Forwarded-Proto="https" X-AppService-Proto="https" X-Forwarded-TlsVersion="1.3" X-WAWS-Unencoded-URL="/ai-learning-tracker-bharath.git/git-receive-pack" X-Client-IP="223.228.112.97" X-Client-Port="46403" >
  <step title="RpcService.ReceivePack" date="2025-07-21T05:13:21.816" >
    <step title="Executing external process" date="2025-07-21T05:13:21.825" type="process" path="git" arguments="rev-parse --git-dir" /><!-- duration: 35ms -->
    <step title="Assuming git repository at /home/site/repository" date="2025-07-21T05:13:21.864" /><!-- duration: 2ms -->
    <step title="Acquiring Deployment Lock" date="2025-07-21T05:13:21.873" /><!-- duration: 3ms -->
    <step title="Acquired Deployment Lock" date="2025-07-21T05:13:21.997" /><!-- duration: 9ms -->
    <step title="Creating temporary deployment" date="2025-07-21T05:13:22.011" /><!-- duration: 62ms -->
    <step title="GitExeServer.Receive" date="2025-07-21T05:13:22.077" >
      <step title="Executing external process" date="2025-07-21T05:13:22.080" type="process" path="git" arguments="receive-pack --stateless-rpc &quot;/home/site/repository&quot;" /><!-- duration: 235176ms -->
    </step><!-- duration: 235217ms -->
    <step title="Releasing Deployment Lock" date="2025-07-21T05:17:17.517" /><!-- duration: 10ms -->
  </step><!-- duration: 235748ms -->
  <step title="Outgoing response" date="2025-07-21T05:17:17.693" type="response" statusCode="200" statusText="OK" /><!-- duration: 8ms -->
</step><!-- duration: 235908ms -->
