<step title="Incoming Request" date="2025-07-26T09:14:11.515" instance="831bc3" url="/ai-learning-tracker-bharath.git/git-receive-pack" method="POST" type="request" pid="801,1,3" Accept="application/x-git-receive-pack-result" Host="ai-learning-tracker-bharath.scm.azurewebsites.net" User-Agent="git/2.50.1.windows.1" Accept-Encoding="deflate, gzip, br, zstd" Authorization="Bas..." Content-Type="application/x-git-receive-pack-request" Content-Length="859" X-ARR-LOG-ID="0e8c97b8-996c-4457-9235-7249b29d94e5" CLIENT-IP="122.177.246.54:24892" X-SITE-DEPLOYMENT-ID="ai-learning-tracker-bharath" WAS-DEFAULT-HOSTNAME="ai-learning-tracker-bharath.scm.azurewebsites.net" X-Forwarded-Proto="https" X-AppService-Proto="https" X-Forwarded-TlsVersion="1.3" X-WAWS-Unencoded-URL="/ai-learning-tracker-bharath.git/git-receive-pack" X-Client-IP="122.177.246.54" X-Client-Port="24892" >
  <step title="RpcService.ReceivePack" date="2025-07-26T09:14:11.540" >
    <step title="Executing external process" date="2025-07-26T09:14:11.552" type="process" path="git" arguments="rev-parse --git-dir" /><!-- duration: 27ms -->
    <step title="Assuming git repository at /home/site/repository" date="2025-07-26T09:14:11.584" /><!-- duration: 3ms -->
    <step title="Acquiring Deployment Lock" date="2025-07-26T09:14:11.592" /><!-- duration: 3ms -->
    <step title="Acquired Deployment Lock" date="2025-07-26T09:14:11.648" /><!-- duration: 3ms -->
    <step title="Creating temporary deployment" date="2025-07-26T09:14:11.656" /><!-- duration: 105ms -->
    <step title="GitExeServer.Receive" date="2025-07-26T09:14:11.766" >
      <step title="Executing external process" date="2025-07-26T09:14:11.768" type="process" path="git" arguments="receive-pack --stateless-rpc &quot;/home/site/repository&quot;" /><!-- duration: 251829ms -->
    </step><!-- duration: 251849ms -->
    <step title="Releasing Deployment Lock" date="2025-07-26T09:18:23.746" /><!-- duration: 6ms -->
  </step><!-- duration: 252224ms -->
  <step title="Outgoing response" date="2025-07-26T09:18:23.778" type="response" statusCode="200" statusText="OK" /><!-- duration: 4ms -->
</step><!-- duration: 252273ms -->
