<step title="Incoming Request" date="2025-07-10T13:36:21.155" instance="978831" url="/ai-learning-tracker-bharath.git/git-receive-pack" method="POST" type="request" pid="803,1,41" Accept="application/x-git-receive-pack-result" Host="ai-learning-tracker-bharath.scm.azurewebsites.net" User-Agent="git/2.50.1.windows.1" Accept-Encoding="deflate, gzip, br, zstd" Authorization="Bas..." Content-Type="application/x-git-receive-pack-request" Content-Length="75512" X-ARR-LOG-ID="b58b2b11-66ea-4353-951e-7d4dfab3a1ef" CLIENT-IP="4.194.122.136:15153" X-SITE-DEPLOYMENT-ID="ai-learning-tracker-bharath" WAS-DEFAULT-HOSTNAME="ai-learning-tracker-bharath.scm.azurewebsites.net" X-Forwarded-Proto="https" X-AppService-Proto="https" X-Forwarded-TlsVersion="1.3" X-WAWS-Unencoded-URL="/ai-learning-tracker-bharath.git/git-receive-pack" X-Client-IP="4.194.122.136" X-Client-Port="15153" >
  <step title="RpcService.ReceivePack" date="2025-07-10T13:36:21.270" >
    <step title="Executing external process" date="2025-07-10T13:36:21.329" type="process" path="git" arguments="rev-parse --git-dir" /><!-- duration: 53ms -->
    <step title="Assuming git repository at /home/site/repository" date="2025-07-10T13:36:21.384" /><!-- duration: 10ms -->
    <step title="Acquiring Deployment Lock" date="2025-07-10T13:36:21.417" /><!-- duration: 27ms -->
    <step title="Acquired Deployment Lock" date="2025-07-10T13:36:21.513" /><!-- duration: 3ms -->
    <step title="Creating temporary deployment" date="2025-07-10T13:36:21.525" /><!-- duration: 59ms -->
    <step title="GitExeServer.Receive" date="2025-07-10T13:36:21.589" >
      <step title="Executing external process" date="2025-07-10T13:36:21.795" type="process" path="git" arguments="receive-pack --stateless-rpc &quot;/home/site/repository&quot;" /><!-- duration: 133199ms -->
    </step><!-- duration: 133421ms -->
    <step title="Releasing Deployment Lock" date="2025-07-10T13:38:35.168" /><!-- duration: 7ms -->
  </step><!-- duration: 133913ms -->
  <step title="Outgoing response" date="2025-07-10T13:38:35.190" type="response" statusCode="200" statusText="OK" /><!-- duration: 3ms -->
</step><!-- duration: 134041ms -->
