<step title="Incoming Request" date="2025-07-19T19:40:22.324" instance="831bc3" url="/ai-learning-tracker-bharath.git/git-receive-pack" method="POST" type="request" pid="807,1,46" Accept="application/x-git-receive-pack-result" Host="ai-learning-tracker-bharath.scm.azurewebsites.net" User-Agent="git/2.50.1.windows.1" Accept-Encoding="deflate, gzip, br, zstd" Authorization="Bas..." Content-Type="application/x-git-receive-pack-request" Content-Length="4796" X-ARR-LOG-ID="5faa83cc-ee07-4b4c-9e5d-f7cb5ebfb454" CLIENT-IP="122.177.246.142:16979" X-SITE-DEPLOYMENT-ID="ai-learning-tracker-bharath" WAS-DEFAULT-HOSTNAME="ai-learning-tracker-bharath.scm.azurewebsites.net" X-Forwarded-Proto="https" X-AppService-Proto="https" X-Forwarded-TlsVersion="1.3" X-WAWS-Unencoded-URL="/ai-learning-tracker-bharath.git/git-receive-pack" X-Client-IP="122.177.246.142" X-Client-Port="16979" >
  <step title="RpcService.ReceivePack" date="2025-07-19T19:40:22.362" >
    <step title="Executing external process" date="2025-07-19T19:40:22.381" type="process" path="git" arguments="rev-parse --git-dir" /><!-- duration: 32ms -->
    <step title="Assuming git repository at /home/site/repository" date="2025-07-19T19:40:22.415" /><!-- duration: 1ms -->
    <step title="Acquiring Deployment Lock" date="2025-07-19T19:40:22.427" /><!-- duration: 2ms -->
    <step title="Acquired Deployment Lock" date="2025-07-19T19:40:22.469" /><!-- duration: 2ms -->
    <step title="Creating temporary deployment" date="2025-07-19T19:40:22.497" /><!-- duration: 90ms -->
    <step title="GitExeServer.Receive" date="2025-07-19T19:40:22.597" >
      <step title="Executing external process" date="2025-07-19T19:40:22.599" type="process" path="git" arguments="receive-pack --stateless-rpc &quot;/home/site/repository&quot;" /><!-- duration: 104861ms -->
    </step><!-- duration: 104887ms -->
    <step title="Releasing Deployment Lock" date="2025-07-19T19:42:07.599" /><!-- duration: 7ms -->
  </step><!-- duration: 105252ms -->
  <step title="Outgoing response" date="2025-07-19T19:42:07.628" type="response" statusCode="200" statusText="OK" /><!-- duration: 2ms -->
</step><!-- duration: 105309ms -->
