<step title="Incoming Request" date="2025-07-18T02:10:13.468" instance="831bc3" url="/ai-learning-tracker-bharath.git/git-receive-pack" method="POST" type="request" pid="803,1,5" Accept="application/x-git-receive-pack-result" Host="ai-learning-tracker-bharath.scm.azurewebsites.net" User-Agent="git/2.50.1.windows.1" Accept-Encoding="deflate, gzip, br, zstd" Authorization="Bas..." Content-Type="application/x-git-receive-pack-request" Content-Length="118823" X-ARR-LOG-ID="9c67aed5-1b3f-4cbc-b348-6e3eaab815e5" CLIENT-IP="122.177.242.199:25856" X-SITE-DEPLOYMENT-ID="ai-learning-tracker-bharath" WAS-DEFAULT-HOSTNAME="ai-learning-tracker-bharath.scm.azurewebsites.net" X-Forwarded-Proto="https" X-AppService-Proto="https" X-Forwarded-TlsVersion="1.3" X-WAWS-Unencoded-URL="/ai-learning-tracker-bharath.git/git-receive-pack" X-Client-IP="122.177.242.199" X-Client-Port="25856" >
  <step title="Cleanup Xml Logs" date="2025-07-18T02:10:13.473" /><!-- duration: 14ms -->
  <step title="RpcService.ReceivePack" date="2025-07-18T02:10:13.525" >
    <step title="Executing external process" date="2025-07-18T02:10:13.550" type="process" path="git" arguments="rev-parse --git-dir" /><!-- duration: 29ms -->
    <step title="Assuming git repository at /home/site/repository" date="2025-07-18T02:10:13.585" /><!-- duration: 1ms -->
    <step title="Acquiring Deployment Lock" date="2025-07-18T02:10:13.592" /><!-- duration: 2ms -->
    <step title="Acquired Deployment Lock" date="2025-07-18T02:10:13.713" /><!-- duration: 2ms -->
    <step title="Creating temporary deployment" date="2025-07-18T02:10:13.718" /><!-- duration: 54ms -->
    <step title="GitExeServer.Receive" date="2025-07-18T02:10:13.775" >
      <step title="Executing external process" date="2025-07-18T02:10:13.779" type="process" path="git" arguments="receive-pack --stateless-rpc &quot;/home/site/repository&quot;" /><!-- duration: 151848ms -->
    </step><!-- duration: 151869ms -->
    <step title="Releasing Deployment Lock" date="2025-07-18T02:12:45.767" /><!-- duration: 4ms -->
  </step><!-- duration: 152251ms -->
  <step title="Outgoing response" date="2025-07-18T02:12:45.782" type="response" statusCode="200" statusText="OK" /><!-- duration: 2ms -->
</step><!-- duration: 152318ms -->
