<step title="Executing external process" date="2025-07-19T04:53:55.130" instance="831bc3" type="process" path="kudu.exe" arguments="/home/site /opt/Kudu/msbuild" >
  <step title="Cleanup Xml Logs" date="2025-07-19T04:53:55.150" >
    <step title="Cleanup Infos" date="2025-07-19T04:53:55.160" totalFiles="220" totalCleanup="60" /><!-- duration: 6ms -->
  </step><!-- duration: 25ms -->
  <step title="Deployment timer started" date="2025-07-19T04:53:55.224" >
    <step title="Executing external process" date="2025-07-19T04:53:55.247" type="process" path="git" arguments="log -n 1 master --" /><!-- duration: 140ms -->
    <step title="DeploymentManager.Deploy(id:f72e86990b3b8786caa399474b9a28ca5b8b1914)" date="2025-07-19T04:53:55.409" >
      <step title="Collecting changeset information" date="2025-07-19T04:53:55.495" /><!-- duration: 245ms -->
      <step title="Updating to specific changeset" date="2025-07-19T04:53:55.749" >
        <step title="Executing external process" date="2025-07-19T04:53:56.919" type="process" path="git" arguments="checkout master --force" /><!-- duration: 677ms -->
      </step><!-- duration: 1849ms -->
      <step title="Updating submodules" date="2025-07-19T04:53:57.601" /><!-- duration: 122ms -->
      <step title="Determining deployment builder" date="2025-07-19T04:53:58.018" >
        <step title="Builder is OryxBuilder" date="2025-07-19T04:53:58.059" /><!-- duration: 3ms -->
      </step><!-- duration: 47ms -->
      <step title="PreDeployment: context.CleanOutputPath False" date="2025-07-19T04:53:58.109" >
        <step title="PreDeployment: context.OutputPath /home/site/wwwroot" date="2025-07-19T04:53:58.208" >
          <step title="Building" date="2025-07-19T04:53:58.314" >
            <step title="Executing external process" date="2025-07-19T04:53:58.678" type="process" path="bash" arguments="-c &quot;oryx build /home/site/repository -o /home/site/wwwroot --platform python --platform-version 3.9 -p virtualenv_name=antenv --log-file /tmp/build-debug.log  -i /tmp/8ddc68045823bf6 --compress-destination-dir | tee /tmp/oryx-build.log ; exit $PIPESTATUS &quot;" /><!-- duration: 88558ms -->
            <step title="Using PythonDeploymentLogParser" date="2025-07-19T04:55:27.734" /><!-- duration: 3ms -->
            <step title="Triggering recycle (preview mode disabled)." date="2025-07-19T04:55:28.732" /><!-- duration: 2ms -->
            <step title="Modified file to trigger a restart of the app container." date="2025-07-19T04:55:28.770" /><!-- duration: 2ms -->
            <step title="Skip function trigger and logicapp sync because function is not enabled." date="2025-07-19T04:55:28.798" /><!-- duration: 2ms -->
            <step title="Purge deployment items" date="2025-07-19T04:55:29.797" >
              <step title="Remove e0ad1e2aa, Success, received at 07/10/2025 13:36:29" date="2025-07-19T04:55:29.858" /><!-- duration: 2ms -->
            </step><!-- duration: 65ms -->
          </step><!-- duration: 91607ms -->
        </step><!-- duration: 91716ms -->
        <step title="Cleaning up temp files" date="2025-07-19T04:55:29.933" /><!-- duration: 551ms -->
        <step title="Cleaning up temp files" date="2025-07-19T04:55:30.488" /><!-- duration: 518ms -->
        <step title="Reloading status file with latest updates" date="2025-07-19T04:55:31.033" >
          <step title="WebHooksManager.PublishEventAsync: PostDeployment" date="2025-07-19T04:55:31.045" /><!-- duration: 163ms -->
        </step><!-- duration: 177ms -->
        <step title="Executing external process" date="2025-07-19T04:55:31.237" type="process" path="git" arguments="log -n 1 master --" /><!-- duration: 74ms -->
      </step><!-- duration: 93206ms -->
      <step title="Perform deploy exiting successfully" date="2025-07-19T04:55:31.317" 