<step title="Executing external process" date="2025-07-05T05:53:31.869" instance="978831" type="process" path="kudu.exe" arguments="/home/site /opt/Kudu/msbuild" >
  <step title="Cleanup Xml Logs" date="2025-07-05T05:53:31.885" /><!-- duration: 11ms -->
  <step title="Deployment timer started" date="2025-07-05T05:53:31.940" >
    <step title="Executing external process" date="2025-07-05T05:53:31.968" type="process" path="git" arguments="log -n 1 master --" /><!-- duration: 167ms -->
    <step title="DeploymentManager.Deploy(id:a0678e5f51c78007a4be2721e823c6d3e709fae4)" date="2025-07-05T05:53:32.157" >
      <step title="Collecting changeset information" date="2025-07-05T05:53:32.187" /><!-- duration: 213ms -->
      <step title="Updating to specific changeset" date="2025-07-05T05:53:32.408" >
        <step title="Executing external process" date="2025-07-05T05:53:33.546" type="process" path="git" arguments="checkout master --force" /><!-- duration: 7345ms -->
      </step><!-- duration: 8489ms -->
      <step title="Updating submodules" date="2025-07-05T05:53:40.906" /><!-- duration: 137ms -->
      <step title="Determining deployment builder" date="2025-07-05T05:53:41.260" >
        <step title="Builder is OryxBuilder" date="2025-07-05T05:53:41.279" /><!-- duration: 4ms -->
      </step><!-- duration: 26ms -->
      <step title="PreDeployment: context.CleanOutputPath False" date="2025-07-05T05:53:41.319" >
        <step title="PreDeployment: context.OutputPath /home/site/wwwroot" date="2025-07-05T05:53:41.406" >
          <step title="Building" date="2025-07-05T05:53:41.522" >
            <step title="Executing external process" date="2025-07-05T05:53:41.782" type="process" path="bash" arguments="-c &quot;oryx build /home/site/repository -o /home/site/wwwroot --platform python --platform-version 3.9 -p virtualenv_name=antenv --log-file /tmp/build-debug.log  -i /tmp/8ddbb884b7cc489 --compress-destination-dir | tee /tmp/oryx-build.log ; exit $PIPESTATUS &quot;" /><!-- duration: 86369ms -->
            <step title="Using PythonDeploymentLogParser" date="2025-07-05T05:55:08.520" /><!-- duration: 10ms -->
            <step title="Triggering recycle (preview mode disabled)." date="2025-07-05T05:55:09.364" /><!-- duration: 3ms -->
            <step title="Modified file to trigger a restart of the app container." date="2025-07-05T05:55:09.404" /><!-- duration: 9ms -->
            <step title="Skip function trigger and logicapp sync because function is not enabled." date="2025-07-05T05:55:09.443" /><!-- duration: 3ms -->
            <step title="Purge deployment items" date="2025-07-05T05:55:10.760" >
              <step title="Remove dea510b89, Success, received at 06/30/2025 19:12:07" date="2025-07-05T05:55:10.803" /><!-- duration: 3ms -->
            </step><!-- duration: 48ms -->
          </step><!-- duration: 89353ms -->
        </step><!-- duration: 89480ms -->
        <step title="Cleaning up temp files" date="2025-07-05T05:55:10.895" /><!-- duration: 1855ms -->
        <step title="Cleaning up temp files" date="2025-07-05T05:55:12.761" /><!-- duration: 521ms -->
        <step title="Reloading status file with latest updates" date="2025-07-05T05:55:13.304" >
          <step title="WebHooksManager.PublishEventAsync: PostDeployment" date="2025-07-05T05:55:13.319" /><!-- duration: 137ms -->
        </step><!-- duration: 155ms -->
        <step title="Executing external process" date="2025-07-05T05:55:13.477" type="process" path="git" arguments="log -n 1 master --" /><!-- duration: 91ms -->
      </step><!-- duration: 92252ms -->
      <step title="Perform deploy exiting successfully" date="2025-07-05T05:55:13.579" 