<step title="Incoming Request" date="2025-07-10T13:36:19.012" instance="978831" url="/ai-learning-tracker-bharath.git/info/refs?service=git-receive-pack" method="GET" type="request" pid="803,1,41" Accept="*/*" Host="ai-learning-tracker-bharath.scm.azurewebsites.net" User-Agent="git/2.50.1.windows.1" Accept-Encoding="deflate, gzip, br, zstd" Authorization="Bas..." Pragma="no-cache" X-ARR-LOG-ID="0f8a7b7f-ea39-44de-8070-b428216315aa" CLIENT-IP="4.194.122.136:15153" X-SITE-DEPLOYMENT-ID="ai-learning-tracker-bharath" WAS-DEFAULT-HOSTNAME="ai-learning-tracker-bharath.scm.azurewebsites.net" X-Forwarded-Proto="https" X-AppService-Proto="https" X-Forwarded-TlsVersion="1.3" X-WAWS-Unencoded-URL="/ai-learning-tracker-bharath.git/info/refs?service=git-receive-pack" X-Client-IP="4.194.122.136" X-Client-Port="15153" >
  <step title="Cleanup Xml Logs" date="2025-07-10T13:36:19.025" /><!-- duration: 18ms -->
  <step title="InfoRefsService.Execute" date="2025-07-10T13:36:19.130" >
    <step title="Executing external process" date="2025-07-10T13:36:19.150" type="process" path="git" arguments="rev-parse --git-dir" /><!-- duration: 113ms -->
    <step title="Assuming git repository at /home/site/repository" date="2025-07-10T13:36:19.267" /><!-- duration: 3ms -->
    <step title="InfoRefsService.SmartInfoRefs" date="2025-07-10T13:36:19.273" >
      <step title="Executing external process" date="2025-07-10T13:36:19.293" type="process" path="git" arguments="rev-parse --git-dir" /><!-- duration: 30ms -->
      <step title="Assuming git repository at /home/site/repository" date="2025-07-10T13:36:19.325" /><!-- duration: 3ms -->
      <step title="GitExeServer.AdvertiseReceivePack" date="2025-07-10T13:36:19.337" >
        <step title="Executing external process" date="2025-07-10T13:36:19.343" type="process" path="git" arguments="receive-pack --stateless-rpc --advertise-refs &quot;/home/site/repository&quot;" /><!-- duration: 157ms -->
      </step><!-- duration: 180ms -->
      <step title="Writing 182 bytes" date="2025-07-10T13:36:19.534" /><!-- duration: 2ms -->
    </step><!-- duration: 282ms -->
  </step><!-- duration: 427ms -->
  <step title="Outgoing response" date="2025-07-10T13:36:19.602" type="response" statusCode="200" statusText="OK" /><!-- duration: 16ms -->
</step><!-- duration: 608ms -->
