<step title="Incoming Request" date="2025-07-19T05:07:08.971" instance="831bc3" url="/ai-learning-tracker-bharath.git/git-receive-pack" method="POST" type="request" pid="803,1,28" Accept="application/x-git-receive-pack-result" Host="ai-learning-tracker-bharath.scm.azurewebsites.net" User-Agent="git/2.50.1.windows.1" Accept-Encoding="deflate, gzip, br, zstd" Authorization="Bas..." Content-Type="application/x-git-receive-pack-request" Content-Length="10508" X-ARR-LOG-ID="fea0877a-defa-40d6-ba72-79046d5cf7f1" CLIENT-IP="122.177.246.142:28707" X-SITE-DEPLOYMENT-ID="ai-learning-tracker-bharath" WAS-DEFAULT-HOSTNAME="ai-learning-tracker-bharath.scm.azurewebsites.net" X-Forwarded-Proto="https" X-AppService-Proto="https" X-Forwarded-TlsVersion="1.3" X-WAWS-Unencoded-URL="/ai-learning-tracker-bharath.git/git-receive-pack" X-Client-IP="122.177.246.142" X-Client-Port="28707" >
  <step title="RpcService.ReceivePack" date="2025-07-19T05:07:09.115" >
    <step title="Executing external process" date="2025-07-19T05:07:09.149" type="process" path="git" arguments="rev-parse --git-dir" /><!-- duration: 44ms -->
    <step title="Assuming git repository at /home/site/repository" date="2025-07-19T05:07:09.201" /><!-- duration: 12ms -->
    <step title="Acquiring Deployment Lock" date="2025-07-19T05:07:09.241" /><!-- duration: 9ms -->
    <step title="Acquired Deployment Lock" date="2025-07-19T05:07:09.328" /><!-- duration: 2ms -->
    <step title="Creating temporary deployment" date="2025-07-19T05:07:09.338" /><!-- duration: 161ms -->
    <step title="GitExeServer.Receive" date="2025-07-19T05:07:09.510" >
      <step title="Executing external process" date="2025-07-19T05:07:09.538" type="process" path="git" arguments="receive-pack --stateless-rpc &quot;/home/site/repository&quot;" /><!-- duration: 123889ms -->
    </step><!-- duration: 123927ms -->
    <step title="Releasing Deployment Lock" date="2025-07-19T05:09:13.564" /><!-- duration: 6ms -->
  </step><!-- duration: 124468ms -->
  <step title="Outgoing response" date="2025-07-19T05:09:13.588" type="response" statusCode="200" statusText="OK" /><!-- duration: 2ms -->
</step><!-- duration: 124621ms -->
