<step title="Incoming Request" date="2025-07-18T05:49:29.368" instance="831bc3" url="/ai-learning-tracker-bharath.git/git-receive-pack" method="POST" type="request" pid="803,1,36" Accept="application/x-git-receive-pack-result" Host="ai-learning-tracker-bharath.scm.azurewebsites.net" User-Agent="git/2.50.1.windows.1" Accept-Encoding="deflate, gzip, br, zstd" Authorization="Bas..." Content-Type="application/x-git-receive-pack-request" Content-Length="69619" X-ARR-LOG-ID="064049ae-3a92-4570-bbbe-a8ede9ffd3c1" CLIENT-IP="223.187.55.1:58587" X-SITE-DEPLOYMENT-ID="ai-learning-tracker-bharath" WAS-DEFAULT-HOSTNAME="ai-learning-tracker-bharath.scm.azurewebsites.net" X-Forwarded-Proto="https" X-AppService-Proto="https" X-Forwarded-TlsVersion="1.3" X-WAWS-Unencoded-URL="/ai-learning-tracker-bharath.git/git-receive-pack" X-Client-IP="223.187.55.1" X-Client-Port="58587" >
  <step title="Cleanup Xml Logs" date="2025-07-18T05:49:29.380" >
    <step title="Cleanup Infos" date="2025-07-18T05:49:29.395" totalFiles="200" totalCleanup="40" /><!-- duration: 45ms -->
  </step><!-- duration: 62ms -->
  <step title="RpcService.ReceivePack" date="2025-07-18T05:49:29.461" >
    <step title="Executing external process" date="2025-07-18T05:49:29.497" type="process" path="git" arguments="rev-parse --git-dir" /><!-- duration: 33ms -->
    <step title="Assuming git repository at /home/site/repository" date="2025-07-18T05:49:29.532" /><!-- duration: 8ms -->
    <step title="Acquiring Deployment Lock" date="2025-07-18T05:49:29.555" /><!-- duration: 3ms -->
    <step title="Acquired Deployment Lock" date="2025-07-18T05:49:29.667" /><!-- duration: 2ms -->
    <step title="Creating temporary deployment" date="2025-07-18T05:49:29.683" /><!-- duration: 157ms -->
    <step title="GitExeServer.Receive" date="2025-07-18T05:49:29.848" >
      <step title="Executing external process" date="2025-07-18T05:49:29.856" type="process" path="git" arguments="receive-pack --stateless-rpc &quot;/home/site/repository&quot;" /><!-- duration: 103878ms -->
    </step><!-- duration: 103890ms -->
    <step title="Releasing Deployment Lock" date="2025-07-18T05:51:13.854" /><!-- duration: 13ms -->
  </step><!-- duration: 104424ms -->
  <step title="Outgoing response" date="2025-07-18T05:51:13.900" type="response" statusCode="200" statusText="OK" /><!-- duration: 3ms -->
</step><!-- duration: 104538ms -->
