<step title="Incoming Request" date="2025-06-28T13:37:32.130" instance="978831" url="/ai-learning-tracker-bharath.git/git-receive-pack" method="POST" type="request" pid="807,1,84" Accept="application/x-git-receive-pack-result" Host="ai-learning-tracker-bharath.scm.azurewebsites.net" User-Agent="git/2.50.0.windows.1" Accept-Encoding="deflate, gzip, br, zstd" Authorization="Bas..." Content-Type="application/x-git-receive-pack-request" Content-Length="33925" X-ARR-LOG-ID="56ae5c44-df7e-4151-9c7d-1fc7b8456c3e" CLIENT-IP="106.201.160.25:52688" X-SITE-DEPLOYMENT-ID="ai-learning-tracker-bharath" WAS-DEFAULT-HOSTNAME="ai-learning-tracker-bharath.scm.azurewebsites.net" X-Forwarded-Proto="https" X-AppService-Proto="https" X-Forwarded-TlsVersion="1.3" X-WAWS-Unencoded-URL="/ai-learning-tracker-bharath.git/git-receive-pack" X-Client-IP="106.201.160.25" X-Client-Port="52688" >
  <step title="RpcService.ReceivePack" date="2025-06-28T13:37:32.224" >
    <step title="Executing external process" date="2025-06-28T13:37:32.236" type="process" path="git" arguments="rev-parse --git-dir" /><!-- duration: 28ms -->
    <step title="Assuming git repository at /home/site/repository" date="2025-06-28T13:37:32.266" /><!-- duration: 2ms -->
    <step title="Acquiring Deployment Lock" date="2025-06-28T13:37:32.295" /><!-- duration: 3ms -->
    <step title="Acquired Deployment Lock" date="2025-06-28T13:37:32.342" /><!-- duration: 5ms -->
    <step title="Creating temporary deployment" date="2025-06-28T13:37:32.361" /><!-- duration: 126ms -->
    <step title="GitExeServer.Receive" date="2025-06-28T13:37:32.507" >
      <step title="Executing external process" date="2025-06-28T13:37:32.541" type="process" path="git" arguments="receive-pack --stateless-rpc &quot;/home/site/repository&quot;" /><!-- duration: 65896ms -->
    </step><!-- duration: 65934ms -->
    <step title="Releasing Deployment Lock" date="2025-06-28T13:38:38.612" /><!-- duration: 5ms -->
  </step><!-- duration: 66403ms -->
  <step title="Outgoing response" date="2025-06-28T13:38:38.642" type="response" statusCode="200" statusText="OK" /><!-- duration: 3ms -->
</step><!-- duration: 66517ms -->
