<step title="Incoming Request" date="2025-07-19T10:35:16.986" instance="831bc3" url="/ai-learning-tracker-bharath.git/info/refs?service=git-receive-pack" method="GET" type="request" pid="807,1,60" Accept="*/*" Host="ai-learning-tracker-bharath.scm.azurewebsites.net" User-Agent="git/2.50.1.windows.1" Accept-Encoding="deflate, gzip, br, zstd" Authorization="Bas..." Pragma="no-cache" X-ARR-LOG-ID="25ea0c91-12fb-4a4a-8a38-78a55d7ead01" CLIENT-IP="122.177.246.142:9861" X-SITE-DEPLOYMENT-ID="ai-learning-tracker-bharath" WAS-DEFAULT-HOSTNAME="ai-learning-tracker-bharath.scm.azurewebsites.net" X-Forwarded-Proto="https" X-AppService-Proto="https" X-Forwarded-TlsVersion="1.3" X-WAWS-Unencoded-URL="/ai-learning-tracker-bharath.git/info/refs?service=git-receive-pack" X-Client-IP="122.177.246.142" X-Client-Port="9861" >
  <step title="Cleanup Xml Logs" date="2025-07-19T10:35:16.990" >
    <step title="Cleanup Infos" date="2025-07-19T10:35:17.000" totalFiles="253" totalCleanup="93" /><!-- duration: 119ms -->
  </step><!-- duration: 131ms -->
  <step title="InfoRefsService.Execute" date="2025-07-19T10:35:17.800" >
    <step title="Executing external process" date="2025-07-19T10:35:18.204" type="process" path="git" arguments="rev-parse --git-dir" /><!-- duration: 552ms -->
    <step title="Assuming git repository at /home/site/repository" date="2025-07-19T10:35:18.765" /><!-- duration: 9ms -->
    <step title="InfoRefsService.SmartInfoRefs" date="2025-07-19T10:35:18.778" >
      <step title="Executing external process" date="2025-07-19T10:35:18.787" type="process" path="git" arguments="rev-parse --git-dir" /><!-- duration: 48ms -->
      <step title="Assuming git repository at /home/site/repository" date="2025-07-19T10:35:18.846" /><!-- duration: 9ms -->
      <step title="GitExeServer.AdvertiseReceivePack" date="2025-07-19T10:35:18.865" >
        <step title="Executing external process" date="2025-07-19T10:35:18.866" type="process" path="git" arguments="receive-pack --stateless-rpc --advertise-refs &quot;/home/site/repository&quot;" /><!-- duration: 69ms -->
      </step><!-- duration: 76ms -->
      <step title="Writing 182 bytes" date="2025-07-19T10:35:18.945" /><!-- duration: 1ms -->
    </step><!-- duration: 195ms -->
  </step><!-- duration: 1175ms -->
  <step title="Outgoing response" date="2025-07-19T10:35:18.986" type="response" statusCode="200" statusText="OK" /><!-- duration: 2ms -->
</step><!-- duration: 2007ms -->
