<step title="Incoming Request" date="2025-07-21T04:19:08.232" instance="831bc3" url="/ai-learning-tracker-bharath.git/git-receive-pack" method="POST" type="request" pid="807,1,53" Accept="application/x-git-receive-pack-result" Host="ai-learning-tracker-bharath.scm.azurewebsites.net" User-Agent="git/2.50.1.windows.1" Accept-Encoding="deflate, gzip, br, zstd" Authorization="Bas..." Content-Type="application/x-git-receive-pack-request" Content-Length="665" X-ARR-LOG-ID="7bae91c0-6822-466c-a4fa-8c55e2ac6875" CLIENT-IP="122.177.245.132:4511" X-SITE-DEPLOYMENT-ID="ai-learning-tracker-bharath" WAS-DEFAULT-HOSTNAME="ai-learning-tracker-bharath.scm.azurewebsites.net" X-Forwarded-Proto="https" X-AppService-Proto="https" X-Forwarded-TlsVersion="1.3" X-WAWS-Unencoded-URL="/ai-learning-tracker-bharath.git/git-receive-pack" X-Client-IP="122.177.245.132" X-Client-Port="4511" >
  <step title="RpcService.ReceivePack" date="2025-07-21T04:19:08.265" >
    <step title="Executing external process" date="2025-07-21T04:19:08.280" type="process" path="git" arguments="rev-parse --git-dir" /><!-- duration: 30ms -->
    <step title="Assuming git repository at /home/site/repository" date="2025-07-21T04:19:08.312" /><!-- duration: 4ms -->
    <step title="Acquiring Deployment Lock" date="2025-07-21T04:19:08.326" /><!-- duration: 3ms -->
    <step title="Acquired Deployment Lock" date="2025-07-21T04:19:08.359" /><!-- duration: 4ms -->
    <step title="Creating temporary deployment" date="2025-07-21T04:19:08.370" /><!-- duration: 83ms -->
    <step title="GitExeServer.Receive" date="2025-07-21T04:19:08.459" >
      <step title="Executing external process" date="2025-07-21T04:19:08.461" type="process" path="git" arguments="receive-pack --stateless-rpc &quot;/home/site/repository&quot;" /><!-- duration: 218608ms -->
    </step><!-- duration: 218755ms -->
    <step title="Releasing Deployment Lock" date="2025-07-21T04:22:47.835" /><!-- duration: 19ms -->
  </step><!-- duration: 219611ms -->
  <step title="Outgoing response" date="2025-07-21T04:22:48.096" type="response" statusCode="200" statusText="OK" /><!-- duration: 72ms -->
</step><!-- duration: 220075ms -->
