<step title="Incoming Request" date="2025-07-19T09:05:11.687" instance="831bc3" url="/ai-learning-tracker-bharath.git/info/refs?service=git-receive-pack" method="GET" type="request" pid="807,1,27" Accept="*/*" Host="ai-learning-tracker-bharath.scm.azurewebsites.net" User-Agent="git/2.50.1.windows.1" Accept-Encoding="deflate, gzip, br, zstd" Authorization="Bas..." Pragma="no-cache" X-ARR-LOG-ID="89fc9785-386b-46c9-a3b1-836e00637724" CLIENT-IP="122.177.246.142:25359" X-SITE-DEPLOYMENT-ID="ai-learning-tracker-bharath" WAS-DEFAULT-HOSTNAME="ai-learning-tracker-bharath.scm.azurewebsites.net" X-Forwarded-Proto="https" X-AppService-Proto="https" X-Forwarded-TlsVersion="1.3" X-WAWS-Unencoded-URL="/ai-learning-tracker-bharath.git/info/refs?service=git-receive-pack" X-Client-IP="122.177.246.142" X-Client-Port="25359" >
  <step title="Cleanup Xml Logs" date="2025-07-19T09:05:11.690" >
    <step title="Cleanup Infos" date="2025-07-19T09:05:11.697" totalFiles="246" totalCleanup="86" /><!-- duration: 5ms -->
  </step><!-- duration: 13ms -->
  <step title="InfoRefsService.Execute" date="2025-07-19T09:05:11.727" >
    <step title="Executing external process" date="2025-07-19T09:05:11.734" type="process" path="git" arguments="rev-parse --git-dir" /><!-- duration: 54ms -->
    <step title="Assuming git repository at /home/site/repository" date="2025-07-19T09:05:11.790" /><!-- duration: 1ms -->
    <step title="InfoRefsService.SmartInfoRefs" date="2025-07-19T09:05:11.799" >
      <step title="Executing external process" date="2025-07-19T09:05:11.808" type="process" path="git" arguments="rev-parse --git-dir" /><!-- duration: 21ms -->
      <step title="Assuming git repository at /home/site/repository" date="2025-07-19T09:05:11.831" /><!-- duration: 1ms -->
      <step title="GitExeServer.AdvertiseReceivePack" date="2025-07-19T09:05:11.841" >
        <step title="Executing external process" date="2025-07-19T09:05:11.843" type="process" path="git" arguments="receive-pack --stateless-rpc --advertise-refs &quot;/home/site/repository&quot;" /><!-- duration: 39ms -->
      </step><!-- duration: 43ms -->
      <step title="Writing 182 bytes" date="2025-07-19T09:05:11.887" /><!-- duration: 2ms -->
    </step><!-- duration: 96ms -->
  </step><!-- duration: 169ms -->
  <step title="Outgoing response" date="2025-07-19T09:05:11.909" type="response" statusCode="200" statusText="OK" /><!-- duration: 2ms -->
</step><!-- duration: 227ms -->
