<step title="Executing external process" date="2025-07-21T07:11:42.617" instance="831bc3" type="process" path="kudu.exe" arguments="/home/site /opt/Kudu/msbuild" >
  <step title="Cleanup Xml Logs" date="2025-07-21T07:11:42.635" >
    <step title="Cleanup Infos" date="2025-07-21T07:11:42.651" totalFiles="309" totalCleanup="149" /><!-- duration: 5ms -->
  </step><!-- duration: 30ms -->
  <step title="Deployment timer started" date="2025-07-21T07:11:42.713" >
    <step title="Executing external process" date="2025-07-21T07:11:42.734" type="process" path="git" arguments="log -n 1 master --" /><!-- duration: 172ms -->
    <step title="DeploymentManager.Deploy(id:ede611d7a7f1a990238f15451cceb83046b77300)" date="2025-07-21T07:11:42.925" >
      <step title="Collecting changeset information" date="2025-07-21T07:11:42.971" /><!-- duration: 289ms -->
      <step title="Updating to specific changeset" date="2025-07-21T07:11:43.270" >
        <step title="Executing external process" date="2025-07-21T07:11:44.490" type="process" path="git" arguments="checkout master --force" /><!-- duration: 1318ms -->
      </step><!-- duration: 2545ms -->
      <step title="Updating submodules" date="2025-07-21T07:11:45.821" /><!-- duration: 188ms -->
      <step title="Determining deployment builder" date="2025-07-21T07:11:46.282" >
        <step title="Builder is OryxBuilder" date="2025-07-21T07:11:46.310" /><!-- duration: 4ms -->
      </step><!-- duration: 42ms -->
      <step title="PreDeployment: context.CleanOutputPath False" date="2025-07-21T07:11:46.368" >
        <step title="PreDeployment: context.OutputPath /home/site/wwwroot" date="2025-07-21T07:11:46.519" >
          <step title="Building" date="2025-07-21T07:11:46.656" >
            <step title="Executing external process" date="2025-07-21T07:11:47.281" type="process" path="bash" arguments="-c &quot;oryx build /home/site/repository -o /home/site/wwwroot --platform python --platform-version 3.9 -p virtualenv_name=antenv --log-file /tmp/build-debug.log  -i /tmp/8ddc825da996c72 --compress-destination-dir | tee /tmp/oryx-build.log ; exit $PIPESTATUS &quot;" >
              <step title="Cpu: python(3190,33.290s)+ts(3191,0.120s)+build.sh(3189,0.000s)+build.sh(3188,0.010s)+build.sh(3096,0.040s)+oryx(3071,5.300s)+tee(3072,0.000s)+bash(3070,0.000s)=total(38.750s)" date="2025-07-21T07:13:54.899" /><!-- duration: 19ms -->
              <step title="bash: no io activity for 61s, prev-cpu=-1.000s, current-cpu=38.750s" date="2025-07-21T07:13:54.985" /><!-- duration: 4ms -->
            </step><!-- duration: 243711ms -->
            <step title="Using PythonDeploymentLogParser" date="2025-07-21T07:15:51.579" /><!-- duration: 3ms -->
            <step title="Triggering recycle (preview mode disabled)." date="2025-07-21T07:15:52.842" /><!-- duration: 10ms -->
            <step title="Modified file to trigger a restart of the app container." date="2025-07-21T07:15:52.885" /><!-- duration: 3ms -->
            <step title="Skip function trigger and logicapp sync because function is not enabled." date="2025-07-21T07:15:52.919" /><!-- duration: 3ms -->
            <step title="Purge deployment items" date="2025-07-21T07:15:53.977" >
              <step title="Remove 457521998, Success, received at 07/19/2025 19:40:26" date="2025-07-21T07:15:54.022" /><!-- duration: 3ms -->
            </step><!-- duration: 53ms -->
          </step><!-- duration: 247432ms -->
        </step><!-- duration: 247572ms -->
        <step title="Cleaning up temp files" date="2025-07-21T07:15:54.095" /><!-- duration: 1717ms -->
        <step title="Cleaning up temp files" date="2025-07-21T07:15:55.818" /><!-- duration: 513ms -->
        <step title="Reloading status file with latest updates" date="2025-07-21T07:15:56.358" >
          <step title="WebHooksManager.PublishEventAsync: PostDeployment" date="2025-07-21T07:15:56.368" /><!-- duration: 252ms -->
        </step><!-- duration: 267ms -->
        <step title="Executing external process" date="2025-07-21T07:15:56.647" type="process" path="git" arguments="log -n 1 master --" /><!-- duration: 118ms -->
      </step><!-- duration: 250400ms -->
      <step title="Perform deploy exiting successfully" date="2025-07-21T07:15:56.771" 