<step title="Incoming Request" date="2025-07-19T19:17:25.981" instance="831bc3" url="/ai-learning-tracker-bharath.git/info/refs?service=git-receive-pack" method="GET" type="request" pid="807,1,21" Accept="*/*" Host="ai-learning-tracker-bharath.scm.azurewebsites.net" User-Agent="git/2.50.1.windows.1" Accept-Encoding="deflate, gzip, br, zstd" Authorization="Bas..." Pragma="no-cache" X-ARR-LOG-ID="6e6e091d-c5bc-464a-9c86-a0e343fb2782" CLIENT-IP="122.177.246.142:9075" X-SITE-DEPLOYMENT-ID="ai-learning-tracker-bharath" WAS-DEFAULT-HOSTNAME="ai-learning-tracker-bharath.scm.azurewebsites.net" X-Forwarded-Proto="https" X-AppService-Proto="https" X-Forwarded-TlsVersion="1.3" X-WAWS-Unencoded-URL="/ai-learning-tracker-bharath.git/info/refs?service=git-receive-pack" X-Client-IP="122.177.246.142" X-Client-Port="9075" >
  <step title="Cleanup Xml Logs" date="2025-07-19T19:17:25.991" >
    <step title="Cleanup Infos" date="2025-07-19T19:17:26.005" totalFiles="265" totalCleanup="105" /><!-- duration: 21ms -->
  </step><!-- duration: 40ms -->
  <step title="InfoRefsService.Execute" date="2025-07-19T19:17:26.086" >
    <step title="Executing external process" date="2025-07-19T19:17:26.155" type="process" path="git" arguments="rev-parse --git-dir" /><!-- duration: 82ms -->
    <step title="Assuming git repository at /home/site/repository" date="2025-07-19T19:17:26.245" /><!-- duration: 3ms -->
    <step title="InfoRefsService.SmartInfoRefs" date="2025-07-19T19:17:26.259" >
      <step title="Executing external process" date="2025-07-19T19:17:26.278" type="process" path="git" arguments="rev-parse --git-dir" /><!-- duration: 53ms -->
      <step title="Assuming git repository at /home/site/repository" date="2025-07-19T19:17:26.340" /><!-- duration: 8ms -->
      <step title="GitExeServer.AdvertiseReceivePack" date="2025-07-19T19:17:26.351" >
        <step title="Executing external process" date="2025-07-19T19:17:26.359" type="process" path="git" arguments="receive-pack --stateless-rpc --advertise-refs &quot;/home/site/repository&quot;" /><!-- duration: 67ms -->
      </step><!-- duration: 79ms -->
      <step title="Writing 182 bytes" date="2025-07-19T19:17:26.432" /><!-- duration: 1ms -->
    </step><!-- duration: 182ms -->
  </step><!-- duration: 356ms -->
  <step title="Outgoing response" date="2025-07-19T19:17:26.461" type="response" statusCode="200" statusText="OK" /><!-- duration: 3ms -->
</step><!-- duration: 488ms -->
