<step title="Executing external process" date="2025-07-18T02:33:28.789" instance="831bc3" type="process" path="kudu.exe" arguments="/home/site /opt/Kudu/msbuild" >
  <step title="Cleanup Xml Logs" date="2025-07-18T02:33:28.816" /><!-- duration: 13ms -->
  <step title="Deployment timer started" date="2025-07-18T02:33:28.907" >
    <step title="Executing external process" date="2025-07-18T02:33:28.946" type="process" path="git" arguments="log -n 1 master --" /><!-- duration: 262ms -->
    <step title="DeploymentManager.Deploy(id:0e738b6ec49f070243ba21e801d901abd5e11378)" date="2025-07-18T02:33:29.220" >
      <step title="Collecting changeset information" date="2025-07-18T02:33:29.259" /><!-- duration: 261ms -->
      <step title="Updating to specific changeset" date="2025-07-18T02:33:29.527" >
        <step title="Executing external process" date="2025-07-18T02:33:30.786" type="process" path="git" arguments="checkout master --force" /><!-- duration: 772ms -->
      </step><!-- duration: 2034ms -->
      <step title="Updating submodules" date="2025-07-18T02:33:31.565" /><!-- duration: 153ms -->
      <step title="Determining deployment builder" date="2025-07-18T02:33:31.943" >
        <step title="Builder is OryxBuilder" date="2025-07-18T02:33:31.973" /><!-- duration: 4ms -->
      </step><!-- duration: 45ms -->
      <step title="PreDeployment: context.CleanOutputPath False" date="2025-07-18T02:33:32.049" >
        <step title="PreDeployment: context.OutputPath /home/site/wwwroot" date="2025-07-18T02:33:32.179" >
          <step title="Building" date="2025-07-18T02:33:32.370" >
            <step title="Executing external process" date="2025-07-18T02:33:32.838" type="process" path="bash" arguments="-c &quot;oryx build /home/site/repository -o /home/site/wwwroot --platform python --platform-version 3.9 -p virtualenv_name=antenv --log-file /tmp/build-debug.log  -i /tmp/8ddc5a37cc547eb --compress-destination-dir | tee /tmp/oryx-build.log ; exit $PIPESTATUS &quot;" /><!-- duration: 64913ms -->
            <step title="Using PythonDeploymentLogParser" date="2025-07-18T02:34:38.258" /><!-- duration: 2ms -->
            <step title="Triggering recycle (preview mode disabled)." date="2025-07-18T02:34:39.359" /><!-- duration: 8ms -->
            <step title="Modified file to trigger a restart of the app container." date="2025-07-18T02:34:39.399" /><!-- duration: 4ms -->
            <step title="Skip function trigger and logicapp sync because function is not enabled." date="2025-07-18T02:34:39.430" /><!-- duration: 11ms -->
            <step title="Purge deployment items" date="2025-07-18T02:34:40.393" >
              <step title="Remove 8581fd661, Success, received at 07/05/2025 06:24:07" date="2025-07-18T02:34:40.452" /><!-- duration: 3ms -->
            </step><!-- duration: 65ms -->
          </step><!-- duration: 68138ms -->
        </step><!-- duration: 68331ms -->
        <step title="Cleaning up temp files" date="2025-07-18T02:34:40.512" /><!-- duration: 475ms -->
        <step title="Cleaning up temp files" date="2025-07-18T02:34:40.998" /><!-- duration: 509ms -->
        <step title="Reloading status file with latest updates" date="2025-07-18T02:34:41.534" >
          <step title="WebHooksManager.PublishEventAsync: PostDeployment" date="2025-07-18T02:34:41.545" /><!-- duration: 143ms -->
        </step><!-- duration: 164ms -->
        <step title="Executing external process" date="2025-07-18T02:34:41.714" type="process" path="git" arguments="log -n 1 master --" /><!-- duration: 98ms -->
      </step><!-- duration: 69778ms -->
      <step title="Perform deploy exiting successfully" date="2025-07-18T02:34:41.829" 