<step title="Incoming Request" date="2025-06-29T14:01:43.841" instance="978831" url="/ai-learning-tracker-bharath.git/git-receive-pack" method="POST" type="request" pid="807,1,15" Accept="application/x-git-receive-pack-result" Host="ai-learning-tracker-bharath.scm.azurewebsites.net" User-Agent="git/2.50.0.windows.1" Accept-Encoding="deflate, gzip, br, zstd" Authorization="Bas..." Content-Type="application/x-git-receive-pack-request" Content-Length="2422" X-ARR-LOG-ID="ed4bd076-84f5-45f3-93b8-82b32887d9d9" CLIENT-IP="106.201.160.25:59669" X-SITE-DEPLOYMENT-ID="ai-learning-tracker-bharath" WAS-DEFAULT-HOSTNAME="ai-learning-tracker-bharath.scm.azurewebsites.net" X-Forwarded-Proto="https" X-AppService-Proto="https" X-Forwarded-TlsVersion="1.3" X-WAWS-Unencoded-URL="/ai-learning-tracker-bharath.git/git-receive-pack" X-Client-IP="106.201.160.25" X-Client-Port="59669" >
  <step title="RpcService.ReceivePack" date="2025-06-29T14:01:43.859" >
    <step title="Executing external process" date="2025-06-29T14:01:43.867" type="process" path="git" arguments="rev-parse --git-dir" /><!-- duration: 22ms -->
    <step title="Assuming git repository at /home/site/repository" date="2025-06-29T14:01:43.892" /><!-- duration: 3ms -->
    <step title="Acquiring Deployment Lock" date="2025-06-29T14:01:43.899" /><!-- duration: 2ms -->
    <step title="Acquired Deployment Lock" date="2025-06-29T14:01:43.923" /><!-- duration: 2ms -->
    <step title="Creating temporary deployment" date="2025-06-29T14:01:43.927" /><!-- duration: 56ms -->
    <step title="GitExeServer.Receive" date="2025-06-29T14:01:43.986" >
      <step title="Executing external process" date="2025-06-29T14:01:43.988" type="process" path="git" arguments="receive-pack --stateless-rpc &quot;/home/site/repository&quot;" /><!-- duration: 88719ms -->
    </step><!-- duration: 88733ms -->
    <step title="Releasing Deployment Lock" date="2025-06-29T14:03:13.004" /><!-- duration: 3ms -->
  </step><!-- duration: 89167ms -->
  <step title="Outgoing response" date="2025-06-29T14:03:13.083" type="response" statusCode="200" statusText="OK" /><!-- duration: 11ms -->
</step><!-- duration: 89261ms -->
