<step title="Executing external process" date="2025-07-28T17:36:46.568" instance="831bc3" type="process" path="kudu.exe" arguments="/home/site /opt/Kudu/msbuild" >
  <step title="Cleanup Xml Logs" date="2025-07-28T17:36:46.610" >
    <step title="Cleanup Infos" date="2025-07-28T17:36:46.660" totalFiles="383" totalCleanup="223" /><!-- duration: 27ms -->
  </step><!-- duration: 89ms -->
  <step title="Deployment timer started" date="2025-07-28T17:36:46.790" >
    <step title="Executing external process" date="2025-07-28T17:36:46.870" type="process" path="git" arguments="log -n 1 master --" /><!-- duration: 283ms -->
    <step title="DeploymentManager.Deploy(id:7f35ca34d31254a9750450f6afa19f3c50c1d17b)" date="2025-07-28T17:36:47.192" >
      <step title="Collecting changeset information" date="2025-07-28T17:36:47.344" /><!-- duration: 368ms -->
      <step title="Updating to specific changeset" date="2025-07-28T17:36:47.721" >
        <step title="Executing external process" date="2025-07-28T17:36:48.930" type="process" path="git" arguments="checkout master --force" /><!-- duration: 737ms -->
      </step><!-- duration: 1950ms -->
      <step title="Updating submodules" date="2025-07-28T17:36:49.674" /><!-- duration: 137ms -->
      <step title="Determining deployment builder" date="2025-07-28T17:36:50.054" >
        <step title="Builder is OryxBuilder" date="2025-07-28T17:36:50.083" /><!-- duration: 3ms -->
      </step><!-- duration: 36ms -->
      <step title="PreDeployment: context.CleanOutputPath False" date="2025-07-28T17:36:50.149" >
        <step title="PreDeployment: context.OutputPath /home/site/wwwroot" date="2025-07-28T17:36:50.289" >
          <step title="Building" date="2025-07-28T17:36:50.400" >
            <step title="Executing external process" date="2025-07-28T17:36:50.701" type="process" path="bash" arguments="-c &quot;oryx build /home/site/repository -o /home/site/wwwroot --platform python --platform-version 3.9 -p virtualenv_name=antenv --log-file /tmp/build-debug.log  -i /tmp/8ddcdfd557a06b9 --compress-destination-dir | tee /tmp/oryx-build.log ; exit $PIPESTATUS &quot;" /><!-- duration: 98486ms -->
            <step title="Using PythonDeploymentLogParser" date="2025-07-28T17:38:29.861" /><!-- duration: 8ms -->
            <step title="Triggering recycle (preview mode disabled)." date="2025-07-28T17:38:31.236" /><!-- duration: 4ms -->
            <step title="Modified file to trigger a restart of the app container." date="2025-07-28T17:38:31.274" /><!-- duration: 2ms -->
            <step title="Skip function trigger and logicapp sync because function is not enabled." date="2025-07-28T17:38:31.318" /><!-- duration: 8ms -->
            <step title="Purge deployment items" date="2025-07-28T17:38:32.401" >
              <step title="Remove d568a4799, Success, received at 07/26/2025 09:14:15" date="2025-07-28T17:38:32.474" /><!-- duration: 8ms -->
            </step><!-- duration: 85ms -->
          </step><!-- duration: 102164ms -->
        </step><!-- duration: 102285ms -->
        <step title="Cleaning up temp files" date="2025-07-28T17:38:32.576" /><!-- duration: 2127ms -->
        <step title="Cleaning up temp files" date="2025-07-28T17:38:34.709" /><!-- duration: 515ms -->
        <step title="Reloading status file with latest updates" date="2025-07-28T17:38:35.251" >
          <step title="WebHooksManager.PublishEventAsync: PostDeployment" date="2025-07-28T17:38:35.267" /><!-- duration: 192ms -->
        </step><!-- duration: 212ms -->
        <step title="Executing external process" date="2025-07-28T17:38:35.531" type="process" path="git" arguments="log -n 1 master --" /><!-- duration: 81ms -->
      </step><!-- duration: 105465ms -->
      <step title="Perform deploy exiting successfully" date="2025-07-28T17:38:35.623" 