<step title="Incoming Request" date="2025-07-18T19:22:00.445" instance="831bc3" url="/ai-learning-tracker-bharath.git/info/refs?service=git-receive-pack" method="GET" type="request" pid="803,1,50" Accept="*/*" Host="ai-learning-tracker-bharath.scm.azurewebsites.net" User-Agent="git/2.50.1.windows.1" Accept-Encoding="deflate, gzip, br, zstd" Authorization="Bas..." Pragma="no-cache" X-ARR-LOG-ID="99352031-0a9c-4cc8-aa24-6b2f572715ca" CLIENT-IP="122.177.246.142:3672" X-SITE-DEPLOYMENT-ID="ai-learning-tracker-bharath" WAS-DEFAULT-HOSTNAME="ai-learning-tracker-bharath.scm.azurewebsites.net" X-Forwarded-Proto="https" X-AppService-Proto="https" X-Forwarded-TlsVersion="1.3" X-WAWS-Unencoded-URL="/ai-learning-tracker-bharath.git/info/refs?service=git-receive-pack" X-Client-IP="122.177.246.142" X-Client-Port="3672" >
  <step title="Cleanup Xml Logs" date="2025-07-18T19:22:00.448" >
    <step title="Cleanup Infos" date="2025-07-18T19:22:00.460" totalFiles="203" totalCleanup="43" /><!-- duration: 24ms -->
  </step><!-- duration: 39ms -->
  <step title="InfoRefsService.Execute" date="2025-07-18T19:22:00.495" >
    <step title="Executing external process" date="2025-07-18T19:22:00.516" type="process" path="git" arguments="rev-parse --git-dir" /><!-- duration: 48ms -->
    <step title="Assuming git repository at /home/site/repository" date="2025-07-18T19:22:00.569" /><!-- duration: 2ms -->
    <step title="InfoRefsService.SmartInfoRefs" date="2025-07-18T19:22:00.573" >
      <step title="Executing external process" date="2025-07-18T19:22:00.579" type="process" path="git" arguments="rev-parse --git-dir" /><!-- duration: 21ms -->
      <step title="Assuming git repository at /home/site/repository" date="2025-07-18T19:22:00.602" /><!-- duration: 2ms -->
      <step title="GitExeServer.AdvertiseReceivePack" date="2025-07-18T19:22:00.619" >
        <step title="Executing external process" date="2025-07-18T19:22:00.621" type="process" path="git" arguments="receive-pack --stateless-rpc --advertise-refs &quot;/home/site/repository&quot;" /><!-- duration: 91ms -->
      </step><!-- duration: 103ms -->
      <step title="Writing 182 bytes" date="2025-07-18T19:22:00.731" /><!-- duration: 2ms -->
    </step><!-- duration: 177ms -->
  </step><!-- duration: 266ms -->
  <step title="Outgoing response" date="2025-07-18T19:22:00.780" type="response" statusCode="200" statusText="OK" /><!-- duration: 2ms -->
</step><!-- duration: 341ms -->
