<step title="Incoming Request" date="2025-07-05T05:53:23.022" instance="978831" url="/ai-learning-tracker-bharath.git/git-receive-pack" method="POST" type="request" pid="805,1,29" Accept="application/x-git-receive-pack-result" Host="ai-learning-tracker-bharath.scm.azurewebsites.net" User-Agent="git/2.50.0.windows.2" Accept-Encoding="deflate, gzip, br, zstd" Authorization="Bas..." Content-Type="application/x-git-receive-pack-request" Content-Length="144613" X-ARR-LOG-ID="89b646ca-d325-454c-bffd-1d0a3fd86506" CLIENT-IP="136.185.80.59:51490" X-SITE-DEPLOYMENT-ID="ai-learning-tracker-bharath" WAS-DEFAULT-HOSTNAME="ai-learning-tracker-bharath.scm.azurewebsites.net" X-Forwarded-Proto="https" X-AppService-Proto="https" X-Forwarded-TlsVersion="1.3" X-WAWS-Unencoded-URL="/ai-learning-tracker-bharath.git/git-receive-pack" X-Client-IP="136.185.80.59" X-Client-Port="51490" >
  <step title="Cleanup Xml Logs" date="2025-07-05T05:53:23.034" /><!-- duration: 60ms -->
  <step title="RpcService.ReceivePack" date="2025-07-05T05:53:23.142" >
    <step title="Executing external process" date="2025-07-05T05:53:23.152" type="process" path="git" arguments="rev-parse --git-dir" /><!-- duration: 28ms -->
    <step title="Assuming git repository at /home/site/repository" date="2025-07-05T05:53:23.182" /><!-- duration: 2ms -->
    <step title="Acquiring Deployment Lock" date="2025-07-05T05:53:23.191" /><!-- duration: 2ms -->
    <step title="Acquired Deployment Lock" date="2025-07-05T05:53:23.289" /><!-- duration: 2ms -->
    <step title="Creating temporary deployment" date="2025-07-05T05:53:23.298" /><!-- duration: 135ms -->
    <step title="GitExeServer.Receive" date="2025-07-05T05:53:23.638" >
      <step title="Executing external process" date="2025-07-05T05:53:23.641" type="process" path="git" arguments="receive-pack --stateless-rpc &quot;/home/site/repository&quot;" /><!-- duration: 110260ms -->
    </step><!-- duration: 110272ms -->
    <step title="Releasing Deployment Lock" date="2025-07-05T05:55:14.003" /><!-- duration: 4ms -->
  </step><!-- duration: 110872ms -->
  <step title="Outgoing response" date="2025-07-05T05:55:14.023" type="response" statusCode="200" statusText="OK" /><!-- duration: 3ms -->
</step><!-- duration: 111006ms -->
