<step title="Incoming Request" date="2025-07-28T17:36:43.301" instance="831bc3" url="/ai-learning-tracker-bharath.git/git-receive-pack" method="POST" type="request" pid="805,1,36" Accept="application/x-git-receive-pack-result" Host="ai-learning-tracker-bharath.scm.azurewebsites.net" User-Agent="git/2.50.1.windows.1" Accept-Encoding="deflate, gzip, br, zstd" Authorization="Bas..." Content-Type="application/x-git-receive-pack-request" Content-Length="6215" X-ARR-LOG-ID="f9a58efd-db2a-416e-b971-49a5112684d0" CLIENT-IP="122.177.243.138:14604" X-SITE-DEPLOYMENT-ID="ai-learning-tracker-bharath" WAS-DEFAULT-HOSTNAME="ai-learning-tracker-bharath.scm.azurewebsites.net" X-Forwarded-Proto="https" X-AppService-Proto="https" X-Forwarded-TlsVersion="1.3" X-WAWS-Unencoded-URL="/ai-learning-tracker-bharath.git/git-receive-pack" X-Client-IP="122.177.243.138" X-Client-Port="14604" >
  <step title="Cleanup Xml Logs" date="2025-07-28T17:36:43.305" >
    <step title="Cleanup Infos" date="2025-07-28T17:36:43.316" totalFiles="382" totalCleanup="222" /><!-- duration: 3ms -->
  </step><!-- duration: 16ms -->
  <step title="RpcService.ReceivePack" date="2025-07-28T17:36:43.349" >
    <step title="Executing external process" date="2025-07-28T17:36:43.359" type="process" path="git" arguments="rev-parse --git-dir" /><!-- duration: 22ms -->
    <step title="Assuming git repository at /home/site/repository" date="2025-07-28T17:36:43.383" /><!-- duration: 3ms -->
    <step title="Acquiring Deployment Lock" date="2025-07-28T17:36:43.391" /><!-- duration: 2ms -->
    <step title="Acquired Deployment Lock" date="2025-07-28T17:36:43.454" /><!-- duration: 3ms -->
    <step title="Creating temporary deployment" date="2025-07-28T17:36:43.460" /><!-- duration: 95ms -->
    <step title="GitExeServer.Receive" date="2025-07-28T17:36:43.558" >
      <step title="Executing external process" date="2025-07-28T17:36:43.561" type="process" path="git" arguments="receive-pack --stateless-rpc &quot;/home/site/repository&quot;" /><!-- duration: 112318ms -->
    </step><!-- duration: 112351ms -->
    <step title="Releasing Deployment Lock" date="2025-07-28T17:38:36.114" /><!-- duration: 3ms -->
  </step><!-- duration: 112775ms -->
  <step title="Outgoing response" date="2025-07-28T17:38:36.138" type="response" statusCode="200" statusText="OK" /><!-- duration: 3ms -->
</step><!-- duration: 112843ms -->
