<step title="Executing external process" date="2025-07-28T06:25:28.255" instance="831bc3" type="process" path="kudu.exe" arguments="/home/site /opt/Kudu/msbuild" >
  <step title="Cleanup Xml Logs" date="2025-07-28T06:25:28.274" >
    <step title="Cleanup Infos" date="2025-07-28T06:25:28.286" totalFiles="358" totalCleanup="198" /><!-- duration: 4ms -->
  </step><!-- duration: 23ms -->
  <step title="Deployment timer started" date="2025-07-28T06:25:28.346" >
    <step title="Executing external process" date="2025-07-28T06:25:28.405" type="process" path="git" arguments="log -n 1 master --" /><!-- duration: 160ms -->
    <step title="DeploymentManager.Deploy(id:ed1089d21075a7e84f74d1587eaaa06d7560956f)" date="2025-07-28T06:25:28.801" >
      <step title="Collecting changeset information" date="2025-07-28T06:25:28.863" /><!-- duration: 267ms -->
      <step title="Updating to specific changeset" date="2025-07-28T06:25:29.137" >
        <step title="Executing external process" date="2025-07-28T06:25:30.328" type="process" path="git" arguments="checkout master --force" /><!-- duration: 749ms -->
      </step><!-- duration: 1943ms -->
      <step title="Updating submodules" date="2025-07-28T06:25:31.084" /><!-- duration: 118ms -->
      <step title="Determining deployment builder" date="2025-07-28T06:25:31.399" >
        <step title="Builder is OryxBuilder" date="2025-07-28T06:25:31.428" /><!-- duration: 3ms -->
      </step><!-- duration: 41ms -->
      <step title="PreDeployment: context.CleanOutputPath False" date="2025-07-28T06:25:31.481" >
        <step title="PreDeployment: context.OutputPath /home/site/wwwroot" date="2025-07-28T06:25:31.633" >
          <step title="Building" date="2025-07-28T06:25:31.747" >
            <step title="Executing external process" date="2025-07-28T06:25:32.080" type="process" path="bash" arguments="-c &quot;oryx build /home/site/repository -o /home/site/wwwroot --platform python --platform-version 3.9 -p virtualenv_name=antenv --log-file /tmp/build-debug.log  -i /tmp/8ddcd9f8d880d93 --compress-destination-dir | tee /tmp/oryx-build.log ; exit $PIPESTATUS &quot;" >
              <step title="Cpu: python(18106,43.770s)+ts(18107,0.110s)+build.sh(18105,0.000s)+build.sh(18104,0.000s)+build.sh(18021,0.060s)+oryx(17999,4.600s)+tee(18000,0.000s)+bash(17998,0.000s)=total(48.520s)" date="2025-07-28T06:27:06.950" /><!-- duration: 28ms -->
              <step title="bash: no io activity for 60s, prev-cpu=-1.000s, current-cpu=48.520s" date="2025-07-28T06:27:06.998" /><!-- duration: 3ms -->
              <step title="Cpu: python(18106,68.090s)+ts(18107,0.120s)+build.sh(18105,0.000s)+build.sh(18104,0.000s)+build.sh(18021,0.060s)+oryx(17999,5.100s)+tee(18000,0.000s)+bash(17998,0.000s)=total(73.360s)" date="2025-07-28T06:28:07.772" /><!-- duration: 79ms -->
              <step title="bash: no io activity for 122s, prev-cpu=48.520s, current-cpu=73.360s" date="2025-07-28T06:28:07.958" /><!-- duration: 3ms -->
            </step><!-- duration: 226597ms -->
            <step title="Using PythonDeploymentLogParser" date="2025-07-28T06:29:19.198" /><!-- duration: 3ms -->
            <step title="Triggering recycle (preview mode disabled)." date="2025-07-28T06:29:20.491" /><!-- duration: 9ms -->
            <step title="Modified file to trigger a restart of the app container." date="2025-07-28T06:29:20.533" /><!-- duration: 9ms -->
            <step title="Skip function trigger and logicapp sync because function is not enabled." date="2025-07-28T06:29:20.593" /><!-- duration: 9ms -->
            <step title="Purge deployment items" date="2025-07-28T06:29:21.553" >
              <step title="Remove 834eda1df, Success, received at 07/21/2025 09:07:49" date="2025-07-28T06:29:21.595" /><!-- duration: 3ms -->
            </step><!-- duration: 46ms -->
          </step><!-- duration: 229910ms -->
        </step><!-- duration: 230027ms -->
        <step title="Cleaning up temp files" date="2025-07-28T06:29:21.663" /><!-- duration: 3116ms -->
        <step title="Cleaning up temp files" date="2025-07-28T06:29:24.791" /><!-- duration: 519ms -->
        <step title="Reloading status file with latest updates" date="2025-07-28T06:29:25.350" >
          <step title="WebHooksManager.PublishEventAsync: PostDeployment" date="2025-07-28T06:29:25.366" /><!-- duration: 158ms -->
        </step><!-- duration: 176ms -->
        <step title="Executing external process" date="2025-07-28T06:29:25.546" type="process" path="git" arguments="log -n 1 master --" /><!-- duration: 79ms -->
      </step><!-- duration: 234150ms -->
      <step title="Perform deploy exiting successfully" date="2025-07-28T06:29:25.634" 