<step title="Incoming Request" date="2025-07-19T05:25:14.583" instance="831bc3" url="/ai-learning-tracker-bharath.git/info/refs?service=git-receive-pack" method="GET" type="request" pid="803,1,7" Accept="*/*" Host="ai-learning-tracker-bharath.scm.azurewebsites.net" User-Agent="git/2.50.1.windows.1" Accept-Encoding="deflate, gzip, br, zstd" Authorization="Bas..." Pragma="no-cache" X-ARR-LOG-ID="3858c97e-1de7-4d98-b44a-d1608e0f21b3" CLIENT-IP="122.177.246.142:29399" X-SITE-DEPLOYMENT-ID="ai-learning-tracker-bharath" WAS-DEFAULT-HOSTNAME="ai-learning-tracker-bharath.scm.azurewebsites.net" X-Forwarded-Proto="https" X-AppService-Proto="https" X-Forwarded-TlsVersion="1.3" X-WAWS-Unencoded-URL="/ai-learning-tracker-bharath.git/info/refs?service=git-receive-pack" X-Client-IP="122.177.246.142" X-Client-Port="29399" >
  <step title="Cleanup Xml Logs" date="2025-07-19T05:25:14.593" >
    <step title="Cleanup Infos" date="2025-07-19T05:25:14.625" totalFiles="224" totalCleanup="64" /><!-- duration: 8ms -->
  </step><!-- duration: 45ms -->
  <step title="InfoRefsService.Execute" date="2025-07-19T05:25:14.666" >
    <step title="Executing external process" date="2025-07-19T05:25:14.718" type="process" path="git" arguments="rev-parse --git-dir" /><!-- duration: 74ms -->
    <step title="Assuming git repository at /home/site/repository" date="2025-07-19T05:25:14.794" /><!-- duration: 8ms -->
    <step title="InfoRefsService.SmartInfoRefs" date="2025-07-19T05:25:14.806" >
      <step title="Executing external process" date="2025-07-19T05:25:14.850" type="process" path="git" arguments="rev-parse --git-dir" /><!-- duration: 30ms -->
      <step title="Assuming git repository at /home/site/repository" date="2025-07-19T05:25:14.882" /><!-- duration: 3ms -->
      <step title="GitExeServer.AdvertiseReceivePack" date="2025-07-19T05:25:14.898" >
        <step title="Executing external process" date="2025-07-19T05:25:14.902" type="process" path="git" arguments="receive-pack --stateless-rpc --advertise-refs &quot;/home/site/repository&quot;" /><!-- duration: 41ms -->
      </step><!-- duration: 47ms -->
      <step title="Writing 182 bytes" date="2025-07-19T05:25:14.949" /><!-- duration: 2ms -->
    </step><!-- duration: 148ms -->
  </step><!-- duration: 291ms -->
  <step title="Outgoing response" date="2025-07-19T05:25:14.970" type="response" statusCode="200" statusText="OK" /><!-- duration: 2ms -->
</step><!-- duration: 392ms -->
