<step title="Incoming Request" date="2025-07-27T20:04:23.527" instance="831bc3" url="/ai-learning-tracker-bharath.git/git-receive-pack" method="POST" type="request" pid="805,1,24" Accept="application/x-git-receive-pack-result" Host="ai-learning-tracker-bharath.scm.azurewebsites.net" User-Agent="git/2.50.1.windows.1" Accept-Encoding="deflate, gzip, br, zstd" Authorization="Bas..." Content-Type="application/x-git-receive-pack-request" Content-Length="59770" X-ARR-LOG-ID="34d25157-3a3e-40d1-8c07-842f1adb642c" CLIENT-IP="122.177.243.138:11636" X-SITE-DEPLOYMENT-ID="ai-learning-tracker-bharath" WAS-DEFAULT-HOSTNAME="ai-learning-tracker-bharath.scm.azurewebsites.net" X-Forwarded-Proto="https" X-AppService-Proto="https" X-Forwarded-TlsVersion="1.3" X-WAWS-Unencoded-URL="/ai-learning-tracker-bharath.git/git-receive-pack" X-Client-IP="122.177.243.138" X-Client-Port="11636" >
  <step title="Cleanup Xml Logs" date="2025-07-27T20:04:23.532" >
    <step title="Cleanup Infos" date="2025-07-27T20:04:23.551" totalFiles="351" totalCleanup="191" /><!-- duration: 4ms -->
  </step><!-- duration: 27ms -->
  <step title="RpcService.ReceivePack" date="2025-07-27T20:04:23.597" >
    <step title="Executing external process" date="2025-07-27T20:04:23.642" type="process" path="git" arguments="rev-parse --git-dir" /><!-- duration: 30ms -->
    <step title="Assuming git repository at /home/site/repository" date="2025-07-27T20:04:23.675" /><!-- duration: 3ms -->
    <step title="Acquiring Deployment Lock" date="2025-07-27T20:04:23.687" /><!-- duration: 3ms -->
    <step title="Acquired Deployment Lock" date="2025-07-27T20:04:23.817" /><!-- duration: 3ms -->
    <step title="Creating temporary deployment" date="2025-07-27T20:04:23.833" /><!-- duration: 146ms -->
    <step title="GitExeServer.Receive" date="2025-07-27T20:04:23.986" >
      <step title="Executing external process" date="2025-07-27T20:04:23.993" type="process" path="git" arguments="receive-pack --stateless-rpc &quot;/home/site/repository&quot;" /><!-- duration: 274990ms -->
    </step><!-- duration: 275046ms -->
    <step title="Releasing Deployment Lock" date="2025-07-27T20:08:59.454" /><!-- duration: 10ms -->
  </step><!-- duration: 275889ms -->
  <step title="Outgoing response" date="2025-07-27T20:08:59.527" type="response" statusCode="200" statusText="OK" /><!-- duration: 17ms -->
</step><!-- duration: 276026ms -->
