<step title="Incoming Request" date="2025-06-29T20:03:15.854" instance="978831" url="/ai-learning-tracker-bharath.git/git-receive-pack" method="POST" type="request" pid="807,1,74" Accept="application/x-git-receive-pack-result" Host="ai-learning-tracker-bharath.scm.azurewebsites.net" User-Agent="git/2.50.0.windows.1" Accept-Encoding="deflate, gzip, br, zstd" Authorization="Bas..." Content-Type="application/x-git-receive-pack-request" Content-Length="82873" X-ARR-LOG-ID="385bf38f-8c46-4dc7-80b8-92c4431b4c7a" CLIENT-IP="106.201.160.25:56758" X-SITE-DEPLOYMENT-ID="ai-learning-tracker-bharath" WAS-DEFAULT-HOSTNAME="ai-learning-tracker-bharath.scm.azurewebsites.net" X-Forwarded-Proto="https" X-AppService-Proto="https" X-Forwarded-TlsVersion="1.3" X-WAWS-Unencoded-URL="/ai-learning-tracker-bharath.git/git-receive-pack" X-Client-IP="106.201.160.25" X-Client-Port="56758" >
  <step title="RpcService.ReceivePack" date="2025-06-29T20:03:15.891" >
    <step title="Executing external process" date="2025-06-29T20:03:15.906" type="process" path="git" arguments="rev-parse --git-dir" /><!-- duration: 27ms -->
    <step title="Assuming git repository at /home/site/repository" date="2025-06-29T20:03:15.935" /><!-- duration: 3ms -->
    <step title="Acquiring Deployment Lock" date="2025-06-29T20:03:15.944" /><!-- duration: 2ms -->
    <step title="Acquired Deployment Lock" date="2025-06-29T20:03:15.979" /><!-- duration: 4ms -->
    <step title="Creating temporary deployment" date="2025-06-29T20:03:15.987" /><!-- duration: 98ms -->
    <step title="GitExeServer.Receive" date="2025-06-29T20:03:16.090" >
      <step title="Executing external process" date="2025-06-29T20:03:16.092" type="process" path="git" arguments="receive-pack --stateless-rpc &quot;/home/site/repository&quot;" /><!-- duration: 69102ms -->
    </step><!-- duration: 69109ms -->
    <step title="Releasing Deployment Lock" date="2025-06-29T20:04:25.308" /><!-- duration: 10ms -->
  </step><!-- duration: 69445ms -->
  <step title="Outgoing response" date="2025-06-29T20:04:25.343" type="response" statusCode="200" statusText="OK" /><!-- duration: 3ms -->
</step><!-- duration: 69495ms -->
