<step title="Incoming Request" date="2025-07-05T18:04:38.233" instance="978831" url="/ai-learning-tracker-bharath.git/git-receive-pack" method="POST" type="request" pid="803,1,43" Accept="application/x-git-receive-pack-result" Host="ai-learning-tracker-bharath.scm.azurewebsites.net" User-Agent="git/2.50.0.windows.2" Accept-Encoding="deflate, gzip, br, zstd" Authorization="Bas..." Content-Type="application/x-git-receive-pack-request" Content-Length="46291" X-ARR-LOG-ID="894eaa56-c15a-4b73-99cc-2d6205945244" CLIENT-IP="136.185.80.59:63508" X-SITE-DEPLOYMENT-ID="ai-learning-tracker-bharath" WAS-DEFAULT-HOSTNAME="ai-learning-tracker-bharath.scm.azurewebsites.net" X-Forwarded-Proto="https" X-AppService-Proto="https" X-Forwarded-TlsVersion="1.3" X-WAWS-Unencoded-URL="/ai-learning-tracker-bharath.git/git-receive-pack" X-Client-IP="136.185.80.59" X-Client-Port="63508" >
  <step title="RpcService.ReceivePack" date="2025-07-05T18:04:38.273" >
    <step title="Executing external process" date="2025-07-05T18:04:38.289" type="process" path="git" arguments="rev-parse --git-dir" /><!-- duration: 29ms -->
    <step title="Assuming git repository at /home/site/repository" date="2025-07-05T18:04:38.322" /><!-- duration: 6ms -->
    <step title="Acquiring Deployment Lock" date="2025-07-05T18:04:38.336" /><!-- duration: 2ms -->
    <step title="Acquired Deployment Lock" date="2025-07-05T18:04:38.373" /><!-- duration: 3ms -->
    <step title="Creating temporary deployment" date="2025-07-05T18:04:38.381" /><!-- duration: 63ms -->
    <step title="GitExeServer.Receive" date="2025-07-05T18:04:38.451" >
      <step title="Executing external process" date="2025-07-05T18:04:38.653" type="process" path="git" arguments="receive-pack --stateless-rpc &quot;/home/site/repository&quot;" /><!-- duration: 75613ms -->
    </step><!-- duration: 75822ms -->
    <step title="Releasing Deployment Lock" date="2025-07-05T18:05:54.356" /><!-- duration: 9ms -->
  </step><!-- duration: 76099ms -->
  <step title="Outgoing response" date="2025-07-05T18:05:54.377" type="response" statusCode="200" statusText="OK" /><!-- duration: 5ms -->
</step><!-- duration: 76152ms -->
