<step title="Incoming Request" date="2025-07-01T18:19:53.953" instance="978831" url="/ai-learning-tracker-bharath.git/info/refs?service=git-receive-pack" method="GET" type="request" pid="807,1,55" Accept="*/*" Host="ai-learning-tracker-bharath.scm.azurewebsites.net" User-Agent="git/2.50.0.windows.1" Accept-Encoding="deflate, gzip, br, zstd" Authorization="Bas..." Pragma="no-cache" X-ARR-LOG-ID="e5825f15-6ccd-45b5-9f87-c570689af6b5" CLIENT-IP="122.174.71.5:52149" X-SITE-DEPLOYMENT-ID="ai-learning-tracker-bharath" WAS-DEFAULT-HOSTNAME="ai-learning-tracker-bharath.scm.azurewebsites.net" X-Forwarded-Proto="https" X-AppService-Proto="https" X-Forwarded-TlsVersion="1.3" X-WAWS-Unencoded-URL="/ai-learning-tracker-bharath.git/info/refs?service=git-receive-pack" X-Client-IP="122.174.71.5" X-Client-Port="52149" >
  <step title="Cleanup Xml Logs" date="2025-07-01T18:19:53.962" /><!-- duration: 8ms -->
  <step title="InfoRefsService.Execute" date="2025-07-01T18:19:53.986" >
    <step title="Executing external process" date="2025-07-01T18:19:53.997" type="process" path="git" arguments="rev-parse --git-dir" /><!-- duration: 34ms -->
    <step title="Assuming git repository at /home/site/repository" date="2025-07-01T18:19:54.034" /><!-- duration: 3ms -->
    <step title="InfoRefsService.SmartInfoRefs" date="2025-07-01T18:19:54.040" >
      <step title="Executing external process" date="2025-07-01T18:19:54.050" type="process" path="git" arguments="rev-parse --git-dir" /><!-- duration: 19ms -->
      <step title="Assuming git repository at /home/site/repository" date="2025-07-01T18:19:54.071" /><!-- duration: 3ms -->
      <step title="GitExeServer.AdvertiseReceivePack" date="2025-07-01T18:19:54.081" >
        <step title="Executing external process" date="2025-07-01T18:19:54.083" type="process" path="git" arguments="receive-pack --stateless-rpc --advertise-refs &quot;/home/site/repository&quot;" /><!-- duration: 36ms -->
      </step><!-- duration: 40ms -->
      <step title="Writing 182 bytes" date="2025-07-01T18:19:54.123" /><!-- duration: 2ms -->
    </step><!-- duration: 88ms -->
  </step><!-- duration: 144ms -->
  <step title="Outgoing response" date="2025-07-01T18:19:54.135" type="response" statusCode="200" statusText="OK" /><!-- duration: 2ms -->
</step><!-- duration: 186ms -->
