<step title="Incoming Request" date="2025-07-18T02:26:10.034" instance="831bc3" url="/ai-learning-tracker-bharath.git/git-receive-pack" method="POST" type="request" pid="803,1,26" Accept="application/x-git-receive-pack-result" Host="ai-learning-tracker-bharath.scm.azurewebsites.net" User-Agent="git/2.50.1.windows.1" Accept-Encoding="deflate, gzip, br, zstd" Authorization="Bas..." Content-Type="application/x-git-receive-pack-request" Content-Length="804" X-ARR-LOG-ID="240f09c8-8023-4e1f-9687-0fbe29649e94" CLIENT-IP="122.177.242.199:31143" X-SITE-DEPLOYMENT-ID="ai-learning-tracker-bharath" WAS-DEFAULT-HOSTNAME="ai-learning-tracker-bharath.scm.azurewebsites.net" X-Forwarded-Proto="https" X-AppService-Proto="https" X-Forwarded-TlsVersion="1.3" X-WAWS-Unencoded-URL="/ai-learning-tracker-bharath.git/git-receive-pack" X-Client-IP="122.177.242.199" X-Client-Port="31143" >
  <step title="RpcService.ReceivePack" date="2025-07-18T02:26:10.056" >
    <step title="Executing external process" date="2025-07-18T02:26:10.086" type="process" path="git" arguments="rev-parse --git-dir" /><!-- duration: 23ms -->
    <step title="Assuming git repository at /home/site/repository" date="2025-07-18T02:26:10.112" /><!-- duration: 2ms -->
    <step title="Acquiring Deployment Lock" date="2025-07-18T02:26:10.119" /><!-- duration: 3ms -->
    <step title="Acquired Deployment Lock" date="2025-07-18T02:26:10.159" /><!-- duration: 1ms -->
    <step title="Creating temporary deployment" date="2025-07-18T02:26:10.162" /><!-- duration: 84ms -->
    <step title="GitExeServer.Receive" date="2025-07-18T02:26:10.248" >
      <step title="Executing external process" date="2025-07-18T02:26:10.250" type="process" path="git" arguments="receive-pack --stateless-rpc &quot;/home/site/repository&quot;" /><!-- duration: 99956ms -->
    </step><!-- duration: 100058ms -->
    <step title="Releasing Deployment Lock" date="2025-07-18T02:27:50.766" /><!-- duration: 19ms -->
  </step><!-- duration: 100759ms -->
  <step title="Outgoing response" date="2025-07-18T02:27:50.914" type="response" statusCode="200" statusText="OK" /><!-- duration: 11ms -->
</step><!-- duration: 100898ms -->
