<step title="Incoming Request" date="2025-07-01T18:48:23.310" instance="978831" url="/ai-learning-tracker-bharath.git/git-receive-pack" method="POST" type="request" pid="807,1,28" Accept="application/x-git-receive-pack-result" Host="ai-learning-tracker-bharath.scm.azurewebsites.net" User-Agent="git/2.50.0.windows.1" Accept-Encoding="deflate, gzip, br, zstd" Authorization="Bas..." Content-Type="application/x-git-receive-pack-request" Content-Length="685" X-ARR-LOG-ID="a4847f70-7eef-4d67-a583-dcd29ab17be2" CLIENT-IP="122.174.71.5:53226" X-SITE-DEPLOYMENT-ID="ai-learning-tracker-bharath" WAS-DEFAULT-HOSTNAME="ai-learning-tracker-bharath.scm.azurewebsites.net" X-Forwarded-Proto="https" X-AppService-Proto="https" X-Forwarded-TlsVersion="1.3" X-WAWS-Unencoded-URL="/ai-learning-tracker-bharath.git/git-receive-pack" X-Client-IP="122.174.71.5" X-Client-Port="53226" >
  <step title="Cleanup Xml Logs" date="2025-07-01T18:48:23.350" /><!-- duration: 69ms -->
  <step title="RpcService.ReceivePack" date="2025-07-01T18:48:23.562" >
    <step title="Executing external process" date="2025-07-01T18:48:23.632" type="process" path="git" arguments="rev-parse --git-dir" /><!-- duration: 241ms -->
    <step title="Assuming git repository at /home/site/repository" date="2025-07-01T18:48:23.891" /><!-- duration: 10ms -->
    <step title="Acquiring Deployment Lock" date="2025-07-01T18:48:23.969" /><!-- duration: 30ms -->
    <step title="Acquired Deployment Lock" date="2025-07-01T18:48:24.250" /><!-- duration: 20ms -->
    <step title="Creating temporary deployment" date="2025-07-01T18:48:24.389" /><!-- duration: 1545ms -->
    <step title="GitExeServer.Receive" date="2025-07-01T18:48:26.019" >
      <step title="Executing external process" date="2025-07-01T18:48:26.030" type="process" path="git" arguments="receive-pack --stateless-rpc &quot;/home/site/repository&quot;" 