<step title="Executing external process" date="2025-07-26T09:14:14.504" instance="831bc3" type="process" path="kudu.exe" arguments="/home/site /opt/Kudu/msbuild" >
  <step title="Cleanup Xml Logs" date="2025-07-26T09:14:14.548" >
    <step title="Cleanup Infos" date="2025-07-26T09:14:14.607" totalFiles="338" totalCleanup="178" /><!-- duration: 28ms -->
  </step><!-- duration: 99ms -->
  <step title="Deployment timer started" date="2025-07-26T09:14:14.728" >
    <step title="Executing external process" date="2025-07-26T09:14:14.776" type="process" path="git" arguments="log -n 1 master --" /><!-- duration: 146ms -->
    <step title="DeploymentManager.Deploy(id:d568a479916da10f008ce5e11428d1839d342e2f)" date="2025-07-26T09:14:14.940" >
      <step title="Collecting changeset information" date="2025-07-26T09:14:14.976" /><!-- duration: 235ms -->
      <step title="Updating to specific changeset" date="2025-07-26T09:14:15.222" >
        <step title="Executing external process" date="2025-07-26T09:14:16.465" type="process" path="git" arguments="checkout master --force" /><!-- duration: 3784ms -->
      </step><!-- duration: 5035ms -->
      <step title="Updating submodules" date="2025-07-26T09:14:20.263" /><!-- duration: 157ms -->
      <step title="Determining deployment builder" date="2025-07-26T09:14:20.648" >
        <step title="Builder is OryxBuilder" date="2025-07-26T09:14:20.674" /><!-- duration: 3ms -->
      </step><!-- duration: 41ms -->
      <step title="PreDeployment: context.CleanOutputPath False" date="2025-07-26T09:14:20.727" >
        <step title="PreDeployment: context.OutputPath /home/site/wwwroot" date="2025-07-26T09:14:20.850" >
          <step title="Building" date="2025-07-26T09:14:20.973" >
            <step title="Executing external process" date="2025-07-26T09:14:21.333" type="process" path="bash" arguments="-c &quot;oryx build /home/site/repository -o /home/site/wwwroot --platform python --platform-version 3.9 -p virtualenv_name=antenv --log-file /tmp/build-debug.log  -i /tmp/8ddcc24ce349540 --compress-destination-dir | tee /tmp/oryx-build.log ; exit $PIPESTATUS &quot;" >
              <step title="Cpu: python(1072,44.520s)+ts(1073,0.110s)+build.sh(1071,0.000s)+build.sh(1070,0.000s)+build.sh(961,0.060s)+oryx(938,4.710s)+tee(939,0.010s)+bash(937,0.000s)=total(49.410s)" date="2025-07-26T09:16:14.776" /><!-- duration: 37ms -->
              <step title="bash: no io activity for 61s, prev-cpu=-1.000s, current-cpu=49.410s" date="2025-07-26T09:16:14.843" /><!-- duration: 3ms -->
              <step title="Cpu: gzip(1169,24.490s)+sh(1168,0.000s)+tar(1167,2.220s)+build.sh(961,0.070s)+oryx(938,5.680s)+tee(939,0.010s)+bash(937,0.000s)=total(32.440s)" date="2025-07-26T09:18:01.082" /><!-- duration: 128ms -->
              <step title="bash: no io activity for 61s, prev-cpu=-1.000s, current-cpu=32.440s" date="2025-07-26T09:18:01.331" /><!-- duration: 22ms -->
            </step><!-- duration: 235002ms -->
            <step title="Using PythonDeploymentLogParser" date="2025-07-26T09:18:16.762" /><!-- duration: 6ms -->
            <step title="Triggering recycle (preview mode disabled)." date="2025-07-26T09:18:17.863" /><!-- duration: 4ms -->
            <step title="Modified file to trigger a restart of the app container." date="2025-07-26T09:18:17.892" /><!-- duration: 3ms -->
            <step title="Skip function trigger and logicapp sync because function is not enabled." date="2025-07-26T09:18:17.923" /><!-- duration: 3ms -->
            <step title="Purge deployment items" date="2025-07-26T09:18:18.938" >
              <step title="Remove 20d0051f5, Success, received at 07/21/2025 05:54:09" date="2025-07-26T09:18:18.988" /><!-- duration: 3ms -->
            </step><!-- duration: 57ms -->
          </step><!-- duration: 238076ms -->
        </step><!-- duration: 238205ms -->
        <step title="Cleaning up temp files" date="2025-07-26T09:18:19.059" /><!-- duration: 3614ms -->
        <step title="Cleaning up temp files" date="2025-07-26T09:18:22.686" /><!-- duration: 531ms -->
        <step title="Reloading status file with latest updates" date="2025-07-26T09:18:23.248" >
          <step title="WebHooksManager.PublishEventAsync: PostDeployment" date="2025-07-26T09:18:23.266" /><!-- duration: 111ms -->
        </step><!-- duration: 132ms -->
        <step title="Executing external process" date="2025-07-26T09:18:23.401" type="process" path="git" arguments="log -n 1 master --" /><!-- duration: 86ms -->
      </step><!-- duration: 242763ms -->
      <step title="Perform deploy exiting successfully" date="2025-07-26T09:18:23.494" 