<step title="Executing external process" date="2025-07-21T05:13:25.027" instance="831bc3" type="process" path="kudu.exe" arguments="/home/site /opt/Kudu/msbuild" >
  <step title="Cleanup Xml Logs" date="2025-07-21T05:13:25.076" >
    <step title="Cleanup Infos" date="2025-07-21T05:13:25.112" totalFiles="292" totalCleanup="132" /><!-- duration: 63ms -->
  </step><!-- duration: 109ms -->
  <step title="Deployment timer started" date="2025-07-21T05:13:25.232" >
    <step title="Executing external process" date="2025-07-21T05:13:25.262" type="process" path="git" arguments="log -n 1 master --" /><!-- duration: 160ms -->
    <step title="DeploymentManager.Deploy(id:12ec67da47eb1db57bfeead922f189a12d8993f1)" date="2025-07-21T05:13:25.434" >
      <step title="Collecting changeset information" date="2025-07-21T05:13:25.483" /><!-- duration: 402ms -->
      <step title="Updating to specific changeset" date="2025-07-21T05:13:25.895" >
        <step title="Executing external process" date="2025-07-21T05:13:27.071" type="process" path="git" arguments="checkout master --force" /><!-- duration: 6527ms -->
      </step><!-- duration: 7710ms -->
      <step title="Updating submodules" date="2025-07-21T05:13:33.615" /><!-- duration: 159ms -->
      <step title="Determining deployment builder" date="2025-07-21T05:13:33.986" >
        <step title="Builder is OryxBuilder" date="2025-07-21T05:13:34.020" /><!-- duration: 4ms -->
      </step><!-- duration: 45ms -->
      <step title="PreDeployment: context.CleanOutputPath False" date="2025-07-21T05:13:34.077" >
        <step title="PreDeployment: context.OutputPath /home/site/wwwroot" date="2025-07-21T05:13:34.197" >
          <step title="Building" date="2025-07-21T05:13:34.329" >
            <step title="Executing external process" date="2025-07-21T05:13:34.712" type="process" path="bash" arguments="-c &quot;oryx build /home/site/repository -o /home/site/wwwroot --platform python --platform-version 3.9 -p virtualenv_name=antenv --log-file /tmp/build-debug.log  -i /tmp/8ddc8155743ece1 --compress-destination-dir | tee /tmp/oryx-build.log ; exit $PIPESTATUS &quot;" >
              <step title="Cpu: python(979,40.130s)+ts(980,0.140s)+build.sh(978,0.000s)+build.sh(977,0.000s)+build.sh(877,0.050s)+oryx(857,5.390s)+tee(858,0.000s)+bash(854,0.000s)=total(45.700s)" date="2025-07-21T05:15:31.749" /><!-- duration: 19ms -->
              <step title="bash: no io activity for 61s, prev-cpu=-1.000s, current-cpu=45.700s" date="2025-07-21T05:15:31.797" /><!-- duration: 3ms -->
            </step><!-- duration: 213236ms -->
            <step title="Using PythonDeploymentLogParser" date="2025-07-21T05:17:08.815" /><!-- duration: 10ms -->
            <step title="Triggering recycle (preview mode disabled)." date="2025-07-21T05:17:10.051" /><!-- duration: 6ms -->
            <step title="Modified file to trigger a restart of the app container." date="2025-07-21T05:17:10.086" /><!-- duration: 4ms -->
            <step title="Skip function trigger and logicapp sync because function is not enabled." date="2025-07-21T05:17:10.114" /><!-- duration: 3ms -->
            <step title="Purge deployment items" date="2025-07-21T05:17:11.234" >
              <step title="Remove ae66507a8, Success, received at 07/19/2025 18:17:44" date="2025-07-21T05:17:11.278" /><!-- duration: 3ms -->
            </step><!-- duration: 50ms -->
          </step><!-- duration: 217007ms -->
        </step><!-- duration: 217142ms -->
        <step title="Cleaning up temp files" date="2025-07-21T05:17:11.342" /><!-- duration: 4215ms -->
        <step title="Cleaning up temp files" date="2025-07-21T05:17:15.606" /><!-- duration: 533ms -->
        <step title="Reloading status file with latest updates" date="2025-07-21T05:17:16.209" >
          <step title="WebHooksManager.PublishEventAsync: PostDeployment" date="2025-07-21T05:17:16.229" /><!-- duration: 240ms -->
        </step><!-- duration: 270ms -->
        <step title="Executing external process" date="2025-07-21T05:17:16.594" type="process" path="git" arguments="log -n 1 master --" /><!-- duration: 320ms -->
      </step><!-- duration: 222856ms -->
      <step title="Perform deploy exiting successfully" date="2025-07-21T05:17:16.954" 