<step title="Executing external process" date="2025-07-19T08:58:40.870" instance="831bc3" type="process" path="kudu.exe" arguments="/home/site /opt/Kudu/msbuild" >
  <step title="Cleanup Xml Logs" date="2025-07-19T08:58:41.076" >
    <step title="Cleanup Infos" date="2025-07-19T08:58:41.146" totalFiles="245" totalCleanup="85" /><!-- duration: 19ms -->
  </step><!-- duration: 100ms -->
  <step title="Deployment timer started" date="2025-07-19T08:58:41.349" >
    <step title="Executing external process" date="2025-07-19T08:58:41.390" type="process" path="git" arguments="log -n 1 master --" /><!-- duration: 198ms -->
    <step title="DeploymentManager.Deploy(id:9f9c2786c9cd0c2999ad9459c68e4abe1462b352)" date="2025-07-19T08:58:41.616" >
      <step title="Collecting changeset information" date="2025-07-19T08:58:41.714" /><!-- duration: 491ms -->
      <step title="Updating to specific changeset" date="2025-07-19T08:58:42.226" >
        <step title="Executing external process" date="2025-07-19T08:58:43.695" type="process" path="git" arguments="checkout master --force" /><!-- duration: 11233ms -->
      </step><!-- duration: 12714ms -->
      <step title="Updating submodules" date="2025-07-19T08:58:54.948" /><!-- duration: 124ms -->
      <step title="Determining deployment builder" date="2025-07-19T08:58:55.278" >
        <step title="Builder is OryxBuilder" date="2025-07-19T08:58:55.314" /><!-- duration: 2ms -->
      </step><!-- duration: 47ms -->
      <step title="PreDeployment: context.CleanOutputPath False" date="2025-07-19T08:58:55.371" >
        <step title="PreDeployment: context.OutputPath /home/site/wwwroot" date="2025-07-19T08:58:55.509" >
          <step title="Building" date="2025-07-19T08:58:55.621" >
            <step title="Executing external process" date="2025-07-19T08:58:56.188" type="process" path="bash" arguments="-c &quot;oryx build /home/site/repository -o /home/site/wwwroot --platform python --platform-version 3.9 -p virtualenv_name=antenv --log-file /tmp/build-debug.log  -i /tmp/8ddc6a27dc0ea96 --compress-destination-dir | tee /tmp/oryx-build.log ; exit $PIPESTATUS &quot;" /><!-- duration: 116648ms -->
            <step title="Using PythonDeploymentLogParser" date="2025-07-19T09:00:53.580" /><!-- duration: 13ms -->
            <step title="Triggering recycle (preview mode disabled)." date="2025-07-19T09:00:54.616" /><!-- duration: 2ms -->
            <step title="Modified file to trigger a restart of the app container." date="2025-07-19T09:00:54.650" /><!-- duration: 3ms -->
            <step title="Skip function trigger and logicapp sync because function is not enabled." date="2025-07-19T09:00:54.697" /><!-- duration: 3ms -->
            <step title="Purge deployment items" date="2025-07-19T09:00:55.569" >
              <step title="Remove 29ed8858a, Success, received at 07/19/2025 04:25:13" date="2025-07-19T09:00:55.611" /><!-- duration: 2ms -->
            </step><!-- duration: 46ms -->
          </step><!-- duration: 120064ms -->
        </step><!-- duration: 120179ms -->
        <step title="Cleaning up temp files" date="2025-07-19T09:00:55.693" /><!-- duration: 548ms -->
        <step title="Cleaning up temp files" date="2025-07-19T09:00:56.244" /><!-- duration: 518ms -->
        <step title="Reloading status file with latest updates" date="2025-07-19T09:00:56.810" >
          <step title="WebHooksManager.PublishEventAsync: PostDeployment" date="2025-07-19T09:00:56.815" /><!-- duration: 160ms -->
        </step><!-- duration: 172ms -->
        <step title="Executing external process" date="2025-07-19T09:00:57.034" type="process" path="git" arguments="log -n 1 master --" /><!-- duration: 75ms -->
      </step><!-- duration: 121741ms -->
      <step title="Perform deploy exiting successfully" date="2025-07-19T09:00:57.117" 