<step title="Incoming Request" date="2025-07-19T09:33:59.446" instance="831bc3" url="/ai-learning-tracker-bharath.git/git-receive-pack" method="POST" type="request" pid="807,1,47" Accept="application/x-git-receive-pack-result" Host="ai-learning-tracker-bharath.scm.azurewebsites.net" User-Agent="git/2.50.1.windows.1" Accept-Encoding="deflate, gzip, br, zstd" Authorization="Bas..." Content-Type="application/x-git-receive-pack-request" Content-Length="1647" X-ARR-LOG-ID="548fc7e0-2331-4040-adfe-3d47465e220c" CLIENT-IP="122.177.246.142:6120" X-SITE-DEPLOYMENT-ID="ai-learning-tracker-bharath" WAS-DEFAULT-HOSTNAME="ai-learning-tracker-bharath.scm.azurewebsites.net" X-Forwarded-Proto="https" X-AppService-Proto="https" X-Forwarded-TlsVersion="1.3" X-WAWS-Unencoded-URL="/ai-learning-tracker-bharath.git/git-receive-pack" X-Client-IP="122.177.246.142" X-Client-Port="6120" >
  <step title="RpcService.ReceivePack" date="2025-07-19T09:33:59.470" >
    <step title="Executing external process" date="2025-07-19T09:33:59.478" type="process" path="git" arguments="rev-parse --git-dir" /><!-- duration: 23ms -->
    <step title="Assuming git repository at /home/site/repository" date="2025-07-19T09:33:59.503" /><!-- duration: 1ms -->
    <step title="Acquiring Deployment Lock" date="2025-07-19T09:33:59.512" /><!-- duration: 2ms -->
    <step title="Acquired Deployment Lock" date="2025-07-19T09:33:59.537" /><!-- duration: 2ms -->
    <step title="Creating temporary deployment" date="2025-07-19T09:33:59.557" /><!-- duration: 190ms -->
    <step title="GitExeServer.Receive" date="2025-07-19T09:33:59.751" >
      <step title="Executing external process" date="2025-07-19T09:33:59.753" type="process" path="git" arguments="receive-pack --stateless-rpc &quot;/home/site/repository&quot;" /><!-- duration: 107109ms -->
    </step><!-- duration: 107115ms -->
    <step title="Releasing Deployment Lock" date="2025-07-19T09:35:46.958" /><!-- duration: 2ms -->
  </step><!-- duration: 107498ms -->
  <step title="Outgoing response" date="2025-07-19T09:35:47.047" type="response" statusCode="200" statusText="OK" /><!-- duration: 10ms -->
</step><!-- duration: 107632ms -->
