<step title="Executing external process" date="2025-07-19T04:42:23.316" instance="831bc3" type="process" path="kudu.exe" arguments="/home/site /opt/Kudu/msbuild" >
  <step title="Cleanup Xml Logs" date="2025-07-19T04:42:23.414" >
    <step title="Cleanup Infos" date="2025-07-19T04:42:23.456" totalFiles="217" totalCleanup="57" /><!-- duration: 39ms -->
  </step><!-- duration: 121ms -->
  <step title="Deployment timer started" date="2025-07-19T04:42:23.693" >
    <step title="Executing external process" date="2025-07-19T04:42:23.785" type="process" path="git" arguments="log -n 1 master --" /><!-- duration: 593ms -->
    <step title="DeploymentManager.Deploy(id:e1d436394c395a87ea0c115e02e250d4fa2da6a4)" date="2025-07-19T04:42:24.458" >
      <step title="Collecting changeset information" date="2025-07-19T04:42:24.607" /><!-- duration: 720ms -->
      <step title="Updating to specific changeset" date="2025-07-19T04:42:25.355" >
        <step title="Executing external process" date="2025-07-19T04:42:26.890" type="process" path="git" arguments="checkout master --force" /><!-- duration: 1892ms -->
      </step><!-- duration: 3432ms -->
      <step title="Updating submodules" date="2025-07-19T04:42:28.792" /><!-- duration: 132ms -->
      <step title="Determining deployment builder" date="2025-07-19T04:42:29.176" >
        <step title="Builder is OryxBuilder" date="2025-07-19T04:42:29.204" /><!-- duration: 4ms -->
      </step><!-- duration: 42ms -->
      <step title="PreDeployment: context.CleanOutputPath False" date="2025-07-19T04:42:29.281" >
        <step title="PreDeployment: context.OutputPath /home/site/wwwroot" date="2025-07-19T04:42:29.390" >
          <step title="Building" date="2025-07-19T04:42:29.498" >
            <step title="Executing external process" date="2025-07-19T04:42:29.932" type="process" path="bash" arguments="-c &quot;oryx build /home/site/repository -o /home/site/wwwroot --platform python --platform-version 3.9 -p virtualenv_name=antenv --log-file /tmp/build-debug.log  -i /tmp/8ddc67eaaeb55d4 --compress-destination-dir | tee /tmp/oryx-build.log ; exit $PIPESTATUS &quot;" /><!-- duration: 97162ms -->
            <step title="Using PythonDeploymentLogParser" date="2025-07-19T04:44:07.736" /><!-- duration: 3ms -->
            <step title="Triggering recycle (preview mode disabled)." date="2025-07-19T04:44:08.714" /><!-- duration: 2ms -->
            <step title="Modified file to trigger a restart of the app container." date="2025-07-19T04:44:08.736" /><!-- duration: 2ms -->
            <step title="Skip function trigger and logicapp sync because function is not enabled." date="2025-07-19T04:44:08.782" /><!-- duration: 3ms -->
            <step title="Purge deployment items" date="2025-07-19T04:44:10.033" >
              <step title="Remove be96b4c7d, Success, received at 07/05/2025 18:56:48" date="2025-07-19T04:44:10.109" /><!-- duration: 1ms -->
            </step><!-- duration: 80ms -->
          </step><!-- duration: 100679ms -->
        </step><!-- duration: 100788ms -->
        <step title="Cleaning up temp files" date="2025-07-19T04:44:10.180" /><!-- duration: 493ms -->
        <step title="Cleaning up temp files" date="2025-07-19T04:44:10.676" /><!-- duration: 541ms -->
        <step title="Reloading status file with latest updates" date="2025-07-19T04:44:11.277" >
          <step title="WebHooksManager.PublishEventAsync: PostDeployment" date="2025-07-19T04:44:11.281" /><!-- duration: 174ms -->
        </step><!-- duration: 180ms -->
        <step title="Executing external process" date="2025-07-19T04:44:11.505" type="process" path="git" arguments="log -n 1 master --" /><!-- duration: 96ms -->
      </step><!-- duration: 102324ms -->
      <step title="Perform deploy exiting successfully" date="2025-07-19T04:44:11.609" 