<step title="Incoming Request" date="2025-07-21T08:00:40.645" instance="831bc3" url="/ai-learning-tracker-bharath.git/info/refs?service=git-receive-pack" method="GET" type="request" pid="803,1,54" Accept="*/*" Host="ai-learning-tracker-bharath.scm.azurewebsites.net" User-Agent="git/2.50.1.windows.1" Accept-Encoding="deflate, gzip, br, zstd" Authorization="Bas..." Pragma="no-cache" X-ARR-LOG-ID="aced410d-a232-4aab-97a1-1618b776aa90" CLIENT-IP="122.177.245.132:27589" X-SITE-DEPLOYMENT-ID="ai-learning-tracker-bharath" WAS-DEFAULT-HOSTNAME="ai-learning-tracker-bharath.scm.azurewebsites.net" X-Forwarded-Proto="https" X-AppService-Proto="https" X-Forwarded-TlsVersion="1.3" X-WAWS-Unencoded-URL="/ai-learning-tracker-bharath.git/info/refs?service=git-receive-pack" X-Client-IP="122.177.245.132" X-Client-Port="27589" >
  <step title="Cleanup Xml Logs" date="2025-07-21T08:00:40.653" >
    <step title="Cleanup Infos" date="2025-07-21T08:00:40.678" totalFiles="310" totalCleanup="150" /><!-- duration: 30ms -->
  </step><!-- duration: 57ms -->
  <step title="InfoRefsService.Execute" date="2025-07-21T08:00:40.809" >
    <step title="Executing external process" date="2025-07-21T08:00:40.829" type="process" path="git" arguments="rev-parse --git-dir" /><!-- duration: 145ms -->
    <step title="Assuming git repository at /home/site/repository" date="2025-07-21T08:00:40.980" /><!-- duration: 4ms -->
    <step title="InfoRefsService.SmartInfoRefs" date="2025-07-21T08:00:40.993" >
      <step title="Executing external process" date="2025-07-21T08:00:41.015" type="process" path="git" arguments="rev-parse --git-dir" /><!-- duration: 32ms -->
      <step title="Assuming git repository at /home/site/repository" date="2025-07-21T08:00:41.062" /><!-- duration: 3ms -->
      <step title="GitExeServer.AdvertiseReceivePack" date="2025-07-21T08:00:41.103" >
        <step title="Executing external process" date="2025-07-21T08:00:41.113" type="process" path="git" arguments="receive-pack --stateless-rpc --advertise-refs &quot;/home/site/repository&quot;" /><!-- duration: 231ms -->
      </step><!-- duration: 260ms -->
      <step title="Writing 182 bytes" date="2025-07-21T08:00:41.366" /><!-- duration: 8ms -->
    </step><!-- duration: 394ms -->
  </step><!-- duration: 584ms -->
  <step title="Outgoing response" date="2025-07-21T08:00:41.415" type="response" statusCode="200" statusText="OK" /><!-- duration: 2ms -->
</step><!-- duration: 775ms -->
