<step title="Incoming Request" date="2025-07-19T07:45:36.103" instance="831bc3" url="/ai-learning-tracker-bharath.git/git-receive-pack" method="POST" type="request" pid="803,1,31" Accept="application/x-git-receive-pack-result" Host="ai-learning-tracker-bharath.scm.azurewebsites.net" User-Agent="git/2.50.1.windows.1" Accept-Encoding="deflate, gzip, br, zstd" Authorization="Bas..." Content-Type="application/x-git-receive-pack-request" Content-Length="203" X-ARR-LOG-ID="43c65707-a475-45ad-af18-c9a4dbe6fb4b" CLIENT-IP="122.177.246.142:14583" X-SITE-DEPLOYMENT-ID="ai-learning-tracker-bharath" WAS-DEFAULT-HOSTNAME="ai-learning-tracker-bharath.scm.azurewebsites.net" X-Forwarded-Proto="https" X-AppService-Proto="https" X-Forwarded-TlsVersion="1.3" X-WAWS-Unencoded-URL="/ai-learning-tracker-bharath.git/git-receive-pack" X-Client-IP="122.177.246.142" X-Client-Port="14583" >
  <step title="RpcService.ReceivePack" date="2025-07-19T07:45:36.141" >
    <step title="Executing external process" date="2025-07-19T07:45:36.155" type="process" path="git" arguments="rev-parse --git-dir" /><!-- duration: 28ms -->
    <step title="Assuming git repository at /home/site/repository" date="2025-07-19T07:45:36.185" /><!-- duration: 3ms -->
    <step title="Acquiring Deployment Lock" date="2025-07-19T07:45:36.199" /><!-- duration: 4ms -->
    <step title="Acquired Deployment Lock" date="2025-07-19T07:45:36.280" /><!-- duration: 2ms -->
    <step title="Creating temporary deployment" date="2025-07-19T07:45:36.288" /><!-- duration: 76ms -->
    <step title="GitExeServer.Receive" date="2025-07-19T07:45:36.386" >
      <step title="Executing external process" date="2025-07-19T07:45:36.391" type="process" path="git" arguments="receive-pack --stateless-rpc &quot;/home/site/repository&quot;" /><!-- duration: 97955ms -->
    </step><!-- duration: 97971ms -->
    <step title="Releasing Deployment Lock" date="2025-07-19T07:47:14.595" /><!-- duration: 8ms -->
  </step><!-- duration: 98495ms -->
  <step title="Outgoing response" date="2025-07-19T07:47:14.659" type="response" statusCode="200" statusText="OK" /><!-- duration: 17ms -->
</step><!-- duration: 98621ms -->
