<step title="Incoming Request" date="2025-07-21T07:11:39.475" instance="831bc3" url="/ai-learning-tracker-bharath.git/git-receive-pack" method="POST" type="request" pid="803,1,59" Accept="application/x-git-receive-pack-result" Host="ai-learning-tracker-bharath.scm.azurewebsites.net" User-Agent="git/2.50.1.windows.1" Accept-Encoding="deflate, gzip, br, zstd" Authorization="Bas..." Content-Type="application/x-git-receive-pack-request" Content-Length="1504" X-ARR-LOG-ID="2100bbde-d6fd-4808-ab47-c1dbd4990a30" CLIENT-IP="122.177.245.132:26698" X-SITE-DEPLOYMENT-ID="ai-learning-tracker-bharath" WAS-DEFAULT-HOSTNAME="ai-learning-tracker-bharath.scm.azurewebsites.net" X-Forwarded-Proto="https" X-AppService-Proto="https" X-Forwarded-TlsVersion="1.3" X-WAWS-Unencoded-URL="/ai-learning-tracker-bharath.git/git-receive-pack" X-Client-IP="122.177.245.132" X-Client-Port="26698" >
  <step title="RpcService.ReceivePack" date="2025-07-21T07:11:39.529" >
    <step title="Executing external process" date="2025-07-21T07:11:39.541" type="process" path="git" arguments="rev-parse --git-dir" /><!-- duration: 57ms -->
    <step title="Assuming git repository at /home/site/repository" date="2025-07-21T07:11:39.601" /><!-- duration: 28ms -->
    <step title="Acquiring Deployment Lock" date="2025-07-21T07:11:39.650" /><!-- duration: 9ms -->
    <step title="Acquired Deployment Lock" date="2025-07-21T07:11:39.756" /><!-- duration: 11ms -->
    <step title="Creating temporary deployment" date="2025-07-21T07:11:39.771" /><!-- duration: 125ms -->
    <step title="GitExeServer.Receive" date="2025-07-21T07:11:39.900" >
      <step title="Executing external process" date="2025-07-21T07:11:39.902" type="process" path="git" arguments="receive-pack --stateless-rpc &quot;/home/site/repository&quot;" /><!-- duration: 256983ms -->
    </step><!-- duration: 256994ms -->
    <step title="Releasing Deployment Lock" date="2025-07-21T07:15:57.010" /><!-- duration: 4ms -->
  </step><!-- duration: 257493ms -->
  <step title="Outgoing response" date="2025-07-21T07:15:57.032" type="response" statusCode="200" statusText="OK" /><!-- duration: 5ms -->
</step><!-- duration: 257565ms -->
