<step title="Incoming Request" date="2025-07-26T08:59:40.796" instance="831bc3" url="/ai-learning-tracker-bharath.git/git-receive-pack" method="POST" type="request" pid="803,1,22" Accept="application/x-git-receive-pack-result" Host="ai-learning-tracker-bharath.scm.azurewebsites.net" User-Agent="git/2.50.1.windows.1" Accept-Encoding="deflate, gzip, br, zstd" Authorization="Bas..." Content-Type="application/x-git-receive-pack-request" Content-Length="149954" X-ARR-LOG-ID="fe02dbb2-0a82-4dd3-b4fd-b6bd8f16ca7b" CLIENT-IP="122.177.246.54:3171" X-SITE-DEPLOYMENT-ID="ai-learning-tracker-bharath" WAS-DEFAULT-HOSTNAME="ai-learning-tracker-bharath.scm.azurewebsites.net" X-Forwarded-Proto="https" X-AppService-Proto="https" X-Forwarded-TlsVersion="1.3" X-WAWS-Unencoded-URL="/ai-learning-tracker-bharath.git/git-receive-pack" X-Client-IP="122.177.246.54" X-Client-Port="3171" >
  <step title="RpcService.ReceivePack" date="2025-07-26T08:59:40.852" >
    <step title="Executing external process" date="2025-07-26T08:59:40.860" type="process" path="git" arguments="rev-parse --git-dir" /><!-- duration: 32ms -->
    <step title="Assuming git repository at /home/site/repository" date="2025-07-26T08:59:40.895" /><!-- duration: 7ms -->
    <step title="Acquiring Deployment Lock" date="2025-07-26T08:59:40.909" /><!-- duration: 2ms -->
    <step title="Acquired Deployment Lock" date="2025-07-26T08:59:40.986" /><!-- duration: 4ms -->
    <step title="Creating temporary deployment" date="2025-07-26T08:59:40.995" /><!-- duration: 228ms -->
    <step title="GitExeServer.Receive" date="2025-07-26T08:59:41.228" >
      <step title="Executing external process" date="2025-07-26T08:59:41.232" type="process" path="git" arguments="receive-pack --stateless-rpc &quot;/home/site/repository&quot;" /><!-- duration: 256312ms -->
    </step><!-- duration: 256331ms -->
    <step title="Releasing Deployment Lock" date="2025-07-26T09:03:57.777" /><!-- duration: 4ms -->
  </step><!-- duration: 256939ms -->
  <step title="Outgoing response" date="2025-07-26T09:03:57.806" type="response" statusCode="200" statusText="OK" /><!-- duration: 5ms -->
</step><!-- duration: 257019ms -->
