<step title="Incoming Request" date="2025-07-28T15:57:17.973" instance="831bc3" url="/ai-learning-tracker-bharath.git/git-receive-pack" method="POST" type="request" pid="803,1,27" Accept="application/x-git-receive-pack-result" Host="ai-learning-tracker-bharath.scm.azurewebsites.net" User-Agent="git/2.50.1.windows.1" Accept-Encoding="deflate, gzip, br, zstd" Authorization="Bas..." Content-Type="application/x-git-receive-pack-request" Content-Length="380" X-ARR-LOG-ID="d225aa3d-86ed-443f-8a13-aac2b8468b05" CLIENT-IP="122.177.243.138:30307" X-SITE-DEPLOYMENT-ID="ai-learning-tracker-bharath" WAS-DEFAULT-HOSTNAME="ai-learning-tracker-bharath.scm.azurewebsites.net" X-Forwarded-Proto="https" X-AppService-Proto="https" X-Forwarded-TlsVersion="1.3" X-WAWS-Unencoded-URL="/ai-learning-tracker-bharath.git/git-receive-pack" X-Client-IP="122.177.243.138" X-Client-Port="30307" >
  <step title="Cleanup Xml Logs" date="2025-07-28T15:57:17.981" >
    <step title="Cleanup Infos" date="2025-07-28T15:57:18.013" totalFiles="377" totalCleanup="217" /><!-- duration: 9ms -->
  </step><!-- duration: 72ms -->
  <step title="RpcService.ReceivePack" date="2025-07-28T15:57:18.202" >
    <step title="Executing external process" date="2025-07-28T15:57:18.242" type="process" path="git" arguments="rev-parse --git-dir" /><!-- duration: 121ms -->
    <step title="Assuming git repository at /home/site/repository" date="2025-07-28T15:57:18.366" /><!-- duration: 30ms -->
    <step title="Acquiring Deployment Lock" date="2025-07-28T15:57:18.454" /><!-- duration: 9ms -->
    <step title="Acquired Deployment Lock" date="2025-07-28T15:57:18.637" /><!-- duration: 9ms -->
    <step title="Creating temporary deployment" date="2025-07-28T15:57:18.657" /><!-- duration: 231ms -->
    <step title="GitExeServer.Receive" date="2025-07-28T15:57:18.898" >
      <step title="Executing external process" date="2025-07-28T15:57:18.947" type="process" path="git" arguments="receive-pack --stateless-rpc &quot;/home/site/repository&quot;" /><!-- duration: 104595ms -->
    </step><!-- duration: 104654ms -->
    <step title="Releasing Deployment Lock" date="2025-07-28T15:59:03.659" /><!-- duration: 4ms -->
  </step><!-- duration: 105468ms -->
  <step title="Outgoing response" date="2025-07-28T15:59:03.683" type="response" statusCode="200" statusText="OK" /><!-- duration: 2ms -->
</step><!-- duration: 105715ms -->
