<step title="Executing external process" date="2025-07-28T15:57:27.738" instance="831bc3" type="process" path="kudu.exe" arguments="/home/site /opt/Kudu/msbuild" >
  <step title="Cleanup Xml Logs" date="2025-07-28T15:57:27.778" >
    <step title="Cleanup Infos" date="2025-07-28T15:57:27.809" totalFiles="378" totalCleanup="218" /><!-- duration: 9ms -->
  </step><!-- duration: 52ms -->
  <step title="Deployment timer started" date="2025-07-28T15:57:27.908" >
    <step title="Executing external process" date="2025-07-28T15:57:27.938" type="process" path="git" arguments="log -n 1 master --" /><!-- duration: 264ms -->
    <step title="DeploymentManager.Deploy(id:950eae3f414d28487a9bb5e535ec22db667d2a40)" date="2025-07-28T15:57:28.230" >
      <step title="Collecting changeset information" date="2025-07-28T15:57:28.273" /><!-- duration: 563ms -->
      <step title="Updating to specific changeset" date="2025-07-28T15:57:28.864" >
        <step title="Executing external process" date="2025-07-28T15:57:30.165" type="process" path="git" arguments="checkout master --force" /><!-- duration: 2191ms -->
      </step><!-- duration: 3514ms -->
      <step title="Updating submodules" date="2025-07-28T15:57:32.388" /><!-- duration: 159ms -->
      <step title="Determining deployment builder" date="2025-07-28T15:57:32.754" >
        <step title="Builder is OryxBuilder" date="2025-07-28T15:57:32.782" /><!-- duration: 5ms -->
      </step><!-- duration: 42ms -->
      <step title="PreDeployment: context.CleanOutputPath False" date="2025-07-28T15:57:32.847" >
        <step title="PreDeployment: context.OutputPath /home/site/wwwroot" date="2025-07-28T15:57:32.971" >
          <step title="Building" date="2025-07-28T15:57:33.073" >
            <step title="Executing external process" date="2025-07-28T15:57:33.632" type="process" path="bash" arguments="-c &quot;oryx build /home/site/repository -o /home/site/wwwroot --platform python --platform-version 3.9 -p virtualenv_name=antenv --log-file /tmp/build-debug.log  -i /tmp/8ddcdef76a6cbdb --compress-destination-dir | tee /tmp/oryx-build.log ; exit $PIPESTATUS &quot;" /><!-- duration: 84582ms -->
            <step title="Using PythonDeploymentLogParser" date="2025-07-28T15:58:58.614" /><!-- duration: 8ms -->
            <step title="Triggering recycle (preview mode disabled)." date="2025-07-28T15:58:59.653" /><!-- duration: 10ms -->
            <step title="Modified file to trigger a restart of the app container." date="2025-07-28T15:58:59.702" /><!-- duration: 2ms -->
            <step title="Skip function trigger and logicapp sync because function is not enabled." date="2025-07-28T15:58:59.754" /><!-- duration: 9ms -->
            <step title="Purge deployment items" date="2025-07-28T15:59:00.675" >
              <step title="Remove 0955319f7, Success, received at 07/26/2025 08:59:47" date="2025-07-28T15:59:00.718" /><!-- duration: 2ms -->
            </step><!-- duration: 48ms -->
          </step><!-- duration: 87702ms -->
        </step><!-- duration: 87810ms -->
        <step title="Cleaning up temp files" date="2025-07-28T15:59:00.783" /><!-- duration: 1849ms -->
        <step title="Cleaning up temp files" date="2025-07-28T15:59:02.637" /><!-- duration: 513ms -->
        <step title="Reloading status file with latest updates" date="2025-07-28T15:59:03.175" >
          <step title="WebHooksManager.PublishEventAsync: PostDeployment" date="2025-07-28T15:59:03.189" /><!-- duration: 142ms -->
        </step><!-- duration: 160ms -->
        <step title="Executing external process" date="2025-07-28T15:59:03.356" type="process" path="git" arguments="log -n 1 master --" /><!-- duration: 70ms -->
      </step><!-- duration: 90581ms -->
      <step title="Perform deploy exiting successfully" date="2025-07-28T15:59:03.433" 