<step title="Incoming Request" date="2025-07-19T08:58:17.539" instance="831bc3" url="/ai-learning-tracker-bharath.git/git-receive-pack" method="POST" type="request" pid="807,1,15" Accept="application/x-git-receive-pack-result" Host="ai-learning-tracker-bharath.scm.azurewebsites.net" User-Agent="git/2.50.1.windows.1" Accept-Encoding="deflate, gzip, br, zstd" Authorization="Bas..." Content-Type="application/x-git-receive-pack-request" Content-Length="10733" X-ARR-LOG-ID="847b03cb-4b6d-42f6-8010-71e443636ff7" CLIENT-IP="122.177.246.142:21408" X-SITE-DEPLOYMENT-ID="ai-learning-tracker-bharath" WAS-DEFAULT-HOSTNAME="ai-learning-tracker-bharath.scm.azurewebsites.net" X-Forwarded-Proto="https" X-AppService-Proto="https" X-Forwarded-TlsVersion="1.3" X-WAWS-Unencoded-URL="/ai-learning-tracker-bharath.git/git-receive-pack" X-Client-IP="122.177.246.142" X-Client-Port="21408" >
  <step title="Cleanup Xml Logs" date="2025-07-19T08:58:17.542" >
    <step title="Cleanup Infos" date="2025-07-19T08:58:17.570" totalFiles="244" totalCleanup="84" /><!-- duration: 2ms -->
  </step><!-- duration: 69ms -->
  <step title="RpcService.ReceivePack" date="2025-07-19T08:58:17.840" >
    <step title="Executing external process" date="2025-07-19T08:58:17.879" type="process" path="git" arguments="rev-parse --git-dir" /><!-- duration: 141ms -->
    <step title="Assuming git repository at /home/site/repository" date="2025-07-19T08:58:18.049" /><!-- duration: 1ms -->
    <step title="Acquiring Deployment Lock" date="2025-07-19T08:58:18.071" /><!-- duration: 18ms -->
    <step title="Acquired Deployment Lock" date="2025-07-19T08:58:18.298" /><!-- duration: 12ms -->
    <step title="Creating temporary deployment" date="2025-07-19T08:58:18.341" /><!-- duration: 366ms -->
    <step title="GitExeServer.Receive" date="2025-07-19T08:58:18.754" >
      <step title="Executing external process" date="2025-07-19T08:58:18.764" type="process" path="git" arguments="receive-pack --stateless-rpc &quot;/home/site/repository&quot;" /><!-- duration: 158484ms -->
    </step><!-- duration: 158502ms -->
    <step title="Releasing Deployment Lock" date="2025-07-19T09:00:57.326" /><!-- duration: 2ms -->
  </step><!-- duration: 159495ms -->
  <step title="Outgoing response" date="2025-07-19T09:00:57.342" type="response" statusCode="200" statusText="OK" /><!-- duration: 2ms -->
</step><!-- duration: 159808ms -->
