<step title="Executing external process" date="2025-06-29T20:03:19.980" instance="978831" type="process" path="kudu.exe" arguments="/home/site /opt/Kudu/msbuild" >
  <step title="Cleanup Xml Logs" date="2025-06-29T20:03:19.999" /><!-- duration: 11ms -->
  <step title="Deployment timer started" date="2025-06-29T20:03:20.066" >
    <step title="Executing external process" date="2025-06-29T20:03:20.099" type="process" path="git" arguments="log -n 1 master --" /><!-- duration: 145ms -->
    <step title="DeploymentManager.Deploy(id:d45c54201f4182ca7f72589a3d23308bd57ba59c)" date="2025-06-29T20:03:20.263" >
      <step title="Collecting changeset information" date="2025-06-29T20:03:20.324" /><!-- duration: 224ms -->
      <step title="Updating to specific changeset" date="2025-06-29T20:03:20.556" >
        <step title="Executing external process" date="2025-06-29T20:03:21.730" type="process" path="git" arguments="checkout master --force" /><!-- duration: 1416ms -->
      </step><!-- duration: 2596ms -->
      <step title="Updating submodules" date="2025-06-29T20:03:23.156" /><!-- duration: 142ms -->
      <step title="Determining deployment builder" date="2025-06-29T20:03:23.516" >
        <step title="Builder is OryxBuilder" date="2025-06-29T20:03:23.585" /><!-- duration: 3ms -->
      </step><!-- duration: 84ms -->
      <step title="PreDeployment: context.CleanOutputPath False" date="2025-06-29T20:03:23.642" >
        <step title="PreDeployment: context.OutputPath /home/site/wwwroot" date="2025-06-29T20:03:23.827" >
          <step title="Building" date="2025-06-29T20:03:23.920" >
            <step title="Executing external process" date="2025-06-29T20:03:24.216" type="process" path="bash" arguments="-c &quot;oryx build /home/site/repository -o /home/site/wwwroot --platform python --platform-version 3.9 -p virtualenv_name=antenv --log-file /tmp/build-debug.log  -i /tmp/8ddb74800d603fe --compress-destination-dir | tee /tmp/oryx-build.log ; exit $PIPESTATUS &quot;" /><!-- duration: 55460ms -->
            <step title="Using PythonDeploymentLogParser" date="2025-06-29T20:04:20.095" /><!-- duration: 3ms -->
            <step title="Triggering recycle (preview mode disabled)." date="2025-06-29T20:04:21.017" /><!-- duration: 18ms -->
            <step title="Modified file to trigger a restart of the app container." date="2025-06-29T20:04:21.094" /><!-- duration: 8ms -->
            <step title="Skip function trigger and logicapp sync because function is not enabled." date="2025-06-29T20:04:21.133" /><!-- duration: 15ms -->
            <step title="Purge deployment items" date="2025-06-29T20:04:22.105" >
              <step title="Remove 30bcb24d8, Success, received at 06/28/2025 13:37:36" date="2025-06-29T20:04:22.322" /><!-- duration: 3ms -->
            </step><!-- duration: 223ms -->
          </step><!-- duration: 58480ms -->
        </step><!-- duration: 58579ms -->
        <step title="Cleaning up temp files" date="2025-06-29T20:04:22.408" /><!-- duration: 1827ms -->
        <step title="Cleaning up temp files" date="2025-06-29T20:04:24.239" /><!-- duration: 509ms -->
        <step title="Reloading status file with latest updates" date="2025-06-29T20:04:24.780" >
          <step title="WebHooksManager.PublishEventAsync: PostDeployment" date="2025-06-29T20:04:24.796" /><!-- duration: 158ms -->
        </step><!-- duration: 177ms -->
        <step title="Executing external process" date="2025-06-29T20:04:24.978" type="process" path="git" arguments="log -n 1 master --" /><!-- duration: 110ms -->
      </step><!-- duration: 61449ms -->
      <step title="Perform deploy exiting successfully" date="2025-06-29T20:04:25.099" 