<step title="Executing external process" date="2025-06-30T19:12:06.916" instance="978831" type="process" path="kudu.exe" arguments="/home/site /opt/Kudu/msbuild" >
  <step title="Cleanup Xml Logs" date="2025-06-30T19:12:06.943" /><!-- duration: 10ms -->
  <step title="Deployment timer started" date="2025-06-30T19:12:07.029" >
    <step title="Executing external process" date="2025-06-30T19:12:07.060" type="process" path="git" arguments="log -n 1 master --" /><!-- duration: 350ms -->
    <step title="DeploymentManager.Deploy(id:dea510b89831a987b6f5c6b6a0900b6477de7cb2)" date="2025-06-30T19:12:07.431" >
      <step title="Collecting changeset information" date="2025-06-30T19:12:07.548" /><!-- duration: 489ms -->
      <step title="Updating to specific changeset" date="2025-06-30T19:12:08.058" >
        <step title="Executing external process" date="2025-06-30T19:12:09.318" type="process" path="git" arguments="checkout master --force" /><!-- duration: 466ms -->
      </step><!-- duration: 1729ms -->
      <step title="Updating submodules" date="2025-06-30T19:12:09.790" /><!-- duration: 472ms -->
      <step title="Determining deployment builder" date="2025-06-30T19:12:10.657" >
        <step title="Builder is OryxBuilder" date="2025-06-30T19:12:10.708" /><!-- duration: 8ms -->
      </step><!-- duration: 76ms -->
      <step title="PreDeployment: context.CleanOutputPath False" date="2025-06-30T19:12:10.811" >
        <step title="PreDeployment: context.OutputPath /home/site/wwwroot" date="2025-06-30T19:12:10.938" >
          <step title="Building" date="2025-06-30T19:12:11.148" >
            <step title="Executing external process" date="2025-06-30T19:12:11.652" type="process" path="bash" arguments="-c &quot;oryx build /home/site/repository -o /home/site/wwwroot --platform python --platform-version 3.9 -p virtualenv_name=antenv --log-file /tmp/build-debug.log  -i /tmp/8ddb80a03ad6e13 --compress-destination-dir | tee /tmp/oryx-build.log ; exit $PIPESTATUS &quot;" /><!-- duration: 70493ms -->
            <step title="Using PythonDeploymentLogParser" date="2025-06-30T19:13:22.577" /><!-- duration: 12ms -->
            <step title="Triggering recycle (preview mode disabled)." date="2025-06-30T19:13:23.379" /><!-- duration: 3ms -->
            <step title="Modified file to trigger a restart of the app container." date="2025-06-30T19:13:23.402" /><!-- duration: 9ms -->
            <step title="Skip function trigger and logicapp sync because function is not enabled." date="2025-06-30T19:13:23.461" /><!-- duration: 2ms -->
            <step title="Purge deployment items" date="2025-06-30T19:13:24.217" >
              <step title="Remove fcdb77131, Success, received at 06/29/2025 14:01:47" date="2025-06-30T19:13:24.256" /><!-- duration: 3ms -->
            </step><!-- duration: 45ms -->
          </step><!-- duration: 73157ms -->
        </step><!-- duration: 73370ms -->
        <step title="Cleaning up temp files" date="2025-06-30T19:13:24.310" /><!-- duration: 1829ms -->
        <step title="Cleaning up temp files" date="2025-06-30T19:13:26.145" /><!-- duration: 509ms -->
        <step title="Reloading status file with latest updates" date="2025-06-30T19:13:26.698" >
          <step title="WebHooksManager.PublishEventAsync: PostDeployment" date="2025-06-30T19:13:26.710" /><!-- duration: 138ms -->
        </step><!-- duration: 154ms -->
        <step title="Executing external process" date="2025-06-30T19:13:26.871" type="process" path="git" arguments="log -n 1 master --" /><!-- duration: 136ms -->
      </step><!-- duration: 76205ms -->
      <step title="Perform deploy exiting successfully" date="2025-06-30T19:13:27.023" 