<step title="Incoming Request" date="2025-07-19T12:01:23.539" instance="831bc3" url="/ai-learning-tracker-bharath.git/git-receive-pack" method="POST" type="request" pid="807,1,53" Accept="application/x-git-receive-pack-result" Host="ai-learning-tracker-bharath.scm.azurewebsites.net" User-Agent="git/2.50.1.windows.1" Accept-Encoding="deflate, gzip, br, zstd" Authorization="Bas..." Content-Type="application/x-git-receive-pack-request" Content-Length="1046" X-ARR-LOG-ID="37f1e75a-1d7e-4789-bc37-dad097142af7" CLIENT-IP="122.177.246.142:20734" X-SITE-DEPLOYMENT-ID="ai-learning-tracker-bharath" WAS-DEFAULT-HOSTNAME="ai-learning-tracker-bharath.scm.azurewebsites.net" X-Forwarded-Proto="https" X-AppService-Proto="https" X-Forwarded-TlsVersion="1.3" X-WAWS-Unencoded-URL="/ai-learning-tracker-bharath.git/git-receive-pack" X-Client-IP="122.177.246.142" X-Client-Port="20734" >
  <step title="RpcService.ReceivePack" date="2025-07-19T12:01:23.579" >
    <step title="Executing external process" date="2025-07-19T12:01:23.619" type="process" path="git" arguments="rev-parse --git-dir" /><!-- duration: 148ms -->
    <step title="Assuming git repository at /home/site/repository" date="2025-07-19T12:01:23.806" /><!-- duration: 52ms -->
    <step title="Acquiring Deployment Lock" date="2025-07-19T12:01:23.897" /><!-- duration: 10ms -->
    <step title="Acquired Deployment Lock" date="2025-07-19T12:01:24.119" /><!-- duration: 9ms -->
    <step title="Creating temporary deployment" date="2025-07-19T12:01:24.189" /><!-- duration: 329ms -->
    <step title="GitExeServer.Receive" date="2025-07-19T12:01:24.538" >
      <step title="Executing external process" date="2025-07-19T12:01:24.550" type="process" path="git" arguments="receive-pack --stateless-rpc &quot;/home/site/repository&quot;" /><!-- duration: 144772ms -->
    </step><!-- duration: 144802ms -->
    <step title="Releasing Deployment Lock" date="2025-07-19T12:03:49.656" /><!-- duration: 4ms -->
  </step><!-- duration: 146091ms -->
  <step title="Outgoing response" date="2025-07-19T12:03:49.681" type="response" statusCode="200" statusText="OK" /><!-- duration: 9ms -->
</step><!-- duration: 146159ms -->
