<step title="Incoming Request" date="2025-07-18T02:33:24.377" instance="831bc3" url="/ai-learning-tracker-bharath.git/git-receive-pack" method="POST" type="request" pid="803,1,33" Accept="application/x-git-receive-pack-result" Host="ai-learning-tracker-bharath.scm.azurewebsites.net" User-Agent="git/2.50.1.windows.1" Accept-Encoding="deflate, gzip, br, zstd" Authorization="Bas..." Content-Type="application/x-git-receive-pack-request" Content-Length="714" X-ARR-LOG-ID="f8f68997-3287-42ef-8354-b9321245de76" CLIENT-IP="122.177.242.199:9296" X-SITE-DEPLOYMENT-ID="ai-learning-tracker-bharath" WAS-DEFAULT-HOSTNAME="ai-learning-tracker-bharath.scm.azurewebsites.net" X-Forwarded-Proto="https" X-AppService-Proto="https" X-Forwarded-TlsVersion="1.3" X-WAWS-Unencoded-URL="/ai-learning-tracker-bharath.git/git-receive-pack" X-Client-IP="122.177.242.199" X-Client-Port="9296" >
  <step title="RpcService.ReceivePack" date="2025-07-18T02:33:24.405" >
    <step title="Executing external process" date="2025-07-18T02:33:24.411" type="process" path="git" arguments="rev-parse --git-dir" /><!-- duration: 24ms -->
    <step title="Assuming git repository at /home/site/repository" date="2025-07-18T02:33:24.437" /><!-- duration: 2ms -->
    <step title="Acquiring Deployment Lock" date="2025-07-18T02:33:24.444" /><!-- duration: 1ms -->
    <step title="Acquired Deployment Lock" date="2025-07-18T02:33:24.485" /><!-- duration: 2ms -->
    <step title="Creating temporary deployment" date="2025-07-18T02:33:24.491" /><!-- duration: 102ms -->
    <step title="GitExeServer.Receive" date="2025-07-18T02:33:24.595" >
      <step title="Executing external process" date="2025-07-18T02:33:24.597" type="process" path="git" arguments="receive-pack --stateless-rpc &quot;/home/site/repository&quot;" /><!-- duration: 77334ms -->
    </step><!-- duration: 77339ms -->
    <step title="Releasing Deployment Lock" date="2025-07-18T02:34:42.114" /><!-- duration: 2ms -->
  </step><!-- duration: 77730ms -->
  <step title="Outgoing response" date="2025-07-18T02:34:42.155" type="response" statusCode="200" statusText="OK" /><!-- duration: 10ms -->
</step><!-- duration: 77791ms -->
