<step title="Executing external process" date="2025-07-01T18:09:12.386" instance="978831" type="process" path="kudu.exe" arguments="/home/site /opt/Kudu/msbuild" >
  <step title="Cleanup Xml Logs" date="2025-07-01T18:09:12.407" /><!-- duration: 11ms -->
  <step title="Deployment timer started" date="2025-07-01T18:09:12.475" >
    <step title="Executing external process" date="2025-07-01T18:09:12.497" type="process" path="git" arguments="log -n 1 master --" /><!-- duration: 156ms -->
    <step title="DeploymentManager.Deploy(id:ba2516ff11f465d82fb564c10c1c6597f770e4a6)" date="2025-07-01T18:09:12.673" >
      <step title="Collecting changeset information" date="2025-07-01T18:09:12.728" /><!-- duration: 229ms -->
      <step title="Updating to specific changeset" date="2025-07-01T18:09:13.004" >
        <step title="Executing external process" date="2025-07-01T18:09:14.196" type="process" path="git" arguments="checkout master --force" /><!-- duration: 1426ms -->
      </step><!-- duration: 2623ms -->
      <step title="Updating submodules" date="2025-07-01T18:09:15.631" /><!-- duration: 128ms -->
      <step title="Determining deployment builder" date="2025-07-01T18:09:15.989" >
        <step title="Builder is OryxBuilder" date="2025-07-01T18:09:16.084" /><!-- duration: 3ms -->
      </step><!-- duration: 107ms -->
      <step title="PreDeployment: context.CleanOutputPath False" date="2025-07-01T18:09:16.153" >
        <step title="PreDeployment: context.OutputPath /home/site/wwwroot" date="2025-07-01T18:09:16.281" >
          <step title="Building" date="2025-07-01T18:09:16.415" >
            <step title="Executing external process" date="2025-07-01T18:09:16.976" type="process" path="bash" arguments="-c &quot;oryx build /home/site/repository -o /home/site/wwwroot --platform python --platform-version 3.9 -p virtualenv_name=antenv --log-file /tmp/build-debug.log  -i /tmp/8ddb8ca643cd02c --compress-destination-dir | tee /tmp/oryx-build.log ; exit $PIPESTATUS &quot;" /><!-- duration: 60795ms -->
            <step title="Using PythonDeploymentLogParser" date="2025-07-01T18:10:18.209" /><!-- duration: 3ms -->
            <step title="Triggering recycle (preview mode disabled)." date="2025-07-01T18:10:19.164" /><!-- duration: 10ms -->
            <step title="Modified file to trigger a restart of the app container." date="2025-07-01T18:10:19.213" /><!-- duration: 4ms -->
            <step title="Skip function trigger and logicapp sync because function is not enabled." date="2025-07-01T18:10:19.234" /><!-- duration: 8ms -->
          </step><!-- duration: 63587ms -->
        </step><!-- duration: 63725ms -->
        <step title="Cleaning up temp files" date="2025-07-01T18:10:20.009" /><!-- duration: 1785ms -->
        <step title="Cleaning up temp files" date="2025-07-01T18:10:21.806" /><!-- duration: 551ms -->
        <step title="Reloading status file with latest updates" date="2025-07-01T18:10:22.388" >
          <step title="WebHooksManager.PublishEventAsync: PostDeployment" date="2025-07-01T18:10:22.416" /><!-- duration: 397ms -->
        </step><!-- duration: 461ms -->
        <step title="Executing external process" date="2025-07-01T18:10:22.939" type="process" path="git" arguments="log -n 1 master --" /><!-- duration: 224ms -->
      </step><!-- duration: 67030ms -->
      <step title="Perform deploy exiting successfully" date="2025-07-01T18:10:23.211" 