﻿<?xml version="1.0" encoding="utf-8"?>
<deployment>
  <id>0223b61dfd359dfb30e4631cc9d672d1ebb0bb82</id>
  <author>Bharath Srinivasan</author>
  <deployer>bharath-deploy</deployer>
  <authorEmail>sbharathind@gmail.com</authorEmail>
  <message>Fix dashboard Internal Server Error: add is_admin field to get_current_user function
    
    - Modified get_current_user() in app.py to include u.is_admin in SQL query
    - Added is_admin field to user_result dictionary with proper boolean conversion
    - Handles None values for is_admin column (defaults to False)
    - This resolves dashboard access issues for non-admin users</message>
  <progress></progress>
  <status>Failed</status>
  <statusText></statusText>
  <lastSuccessEndTime />
  <receivedTime>2025-08-13T19:15:56.367625Z</receivedTime>
  <startTime>2025-08-13T19:15:56.367625Z</startTime>
  <endTime>2025-08-13T19:15:57.7361594Z</endTime>
  <complete>True</complete>
  <is_temp>False</is_temp>
  <is_readonly>False</is_readonly>
  <buildSummary />
</deployment>