﻿<?xml version="1.0" encoding="utf-8"?>
<deployment>
  <id>ac5972d4ee4f1a583cc79f6944d76b2e1c12430a</id>
  <author>Bharath Srinivasan</author>
  <deployer>bharath-deploy</deployer>
  <authorEmail>sbharathind@gmail.com</authorEmail>
  <message>Fix admin session management and remove security risks
    
    - Set is_admin flag in session during login
    - Update admin validation to check session is_admin flag
    - Remove password reset endpoint for security
    - Improve admin access validation functions</message>
  <progress></progress>
  <status>Success</status>
  <statusText></statusText>
  <lastSuccessEndTime>2025-08-08T04:00:17.0507964Z</lastSuccessEndTime>
  <receivedTime>2025-08-08T03:57:34.257933Z</receivedTime>
  <startTime>2025-08-08T03:57:39.7510669Z</startTime>
  <endTime>2025-08-08T04:00:17.0507964Z</endTime>
  <complete>True</complete>
  <is_temp>False</is_temp>
  <is_readonly>False</is_readonly>
  <buildSummary />
</deployment>