﻿<?xml version="1.0" encoding="utf-8"?>
<deployment>
  <id>d75c6f9ab7924ff8c3f6bb73b5b2266ec2443aa0</id>
  <author>Bharath Srinivasan</author>
  <deployer>bharath-deploy</deployer>
  <authorEmail>sbharathind@gmail.com</authorEmail>
  <message>Fix: Comment out Upload Reports button - admin_reports blueprint not available</message>
  <progress></progress>
  <status>Success</status>
  <statusText></statusText>
  <lastSuccessEndTime>2025-08-02T09:30:09.1872563Z</lastSuccessEndTime>
  <receivedTime>2025-08-02T09:27:00.2210136Z</receivedTime>
  <startTime>2025-08-02T09:27:19.7170853Z</startTime>
  <endTime>2025-08-02T09:30:09.1872563Z</endTime>
  <complete>True</complete>
  <is_temp>False</is_temp>
  <is_readonly>False</is_readonly>
  <buildSummary />
</deployment>