﻿<?xml version="1.0" encoding="utf-8"?>
<deployment>
  <id>f3c156b10c970742eaa40c56071be551622dc22d</id>
  <author>Bharath Srinivasan</author>
  <deployer>bharath-deploy</deployer>
  <authorEmail>sbharathind@gmail.com</authorEmail>
  <message>Add debug endpoint to retrieve admin password from environment variables</message>
  <progress></progress>
  <status>Success</status>
  <statusText></statusText>
  <lastSuccessEndTime>2025-08-07T19:53:48.2645526Z</lastSuccessEndTime>
  <receivedTime>2025-08-07T19:51:06.1679302Z</receivedTime>
  <startTime>2025-08-07T19:51:08.5980095Z</startTime>
  <endTime>2025-08-07T19:53:48.2645526Z</endTime>
  <complete>True</complete>
  <is_temp>False</is_temp>
  <is_readonly>False</is_readonly>
  <buildSummary />
</deployment>