<step title="Incoming Request" date="2025-06-26T15:08:47.590" instance="97aa17" url="/ai-learning-tracker-bharath.git/info/refs?service=git-receive-pack" method="GET" type="request" pid="800,1,15" Accept="*/*" Host="ai-learning-tracker-bharath.scm.azurewebsites.net" User-Agent="git/2.50.0.windows.1" Accept-Encoding="deflate, gzip, br, zstd" Authorization="Bas..." Pragma="no-cache" X-ARR-LOG-ID="541ae780-1d15-4013-ab89-6909603fd0bc" CLIENT-IP="122.164.230.25:54631" X-SITE-DEPLOYMENT-ID="ai-learning-tracker-bharath" WAS-DEFAULT-HOSTNAME="ai-learning-tracker-bharath.scm.azurewebsites.net" X-Forwarded-Proto="https" X-AppService-Proto="https" X-Forwarded-TlsVersion="1.3" X-WAWS-Unencoded-URL="/ai-learning-tracker-bharath.git/info/refs?service=git-receive-pack" X-Client-IP="122.164.230.25" X-Client-Port="54631" >
  <step title="InfoRefsService.Execute" date="2025-06-26T15:08:47.755" >
    <step title="InfoRefsService.SmartInfoRefs" date="2025-06-26T15:08:47.774" >
      <step title="Acquiring Deployment Lock" date="2025-06-26T15:08:47.785" /><!-- duration: 3ms -->
      <step title="Acquired Deployment Lock" date="2025-06-26T15:08:47.841" /><!-- duration: 4ms -->
      <step title="GitExeServer.Initialize" date="2025-06-26T15:08:47.854" >
        <step title="GitExeRepository.Initialize" date="2025-06-26T15:08:47.864" >
          <step title="Executing external process" date="2025-06-26T15:08:47.867" type="process" path="git" arguments="init" /><!-- duration: 441ms -->
          <step title="Executing external process" date="2025-06-26T15:08:48.312" type="process" path="git" arguments="config core.autocrlf false" /><!-- duration: 30ms -->
          <step title="Executing external process" date="2025-06-26T15:08:48.345" type="process" path="git" arguments="config core.preloadindex true" /><!-- duration: 20ms -->
          <step title="Executing external process" date="2025-06-26T15:08:48.372" type="process" path="git" arguments="config user.name &quot;unknown&quot;" /><!-- duration: 20ms -->
          <step title="Executing external process" date="2025-06-26T15:08:48.395" type="process" path="git" arguments="config user.email &quot;unknown&quot;" /><!-- duration: 18ms -->
          <step title="Executing external process" date="2025-06-26T15:08:48.416" type="process" path="git" arguments="config filter.lfs.clean &quot;git-lfs clean %f&quot;" /><!-- duration: 20ms -->
          <step title="Executing external process" date="2025-06-26T15:08:48.438" type="process" path="git" arguments="config filter.lfs.smudge &quot;git-lfs smudge %f&quot;" /><!-- duration: 67ms -->
          <step title="Executing external process" date="2025-06-26T15:08:48.508" type="process" path="git" arguments="config filter.lfs.required true" /><!-- duration: 19ms -->
          <step title="Configure git server" date="2025-06-26T15:08:48.530" >
            <step title="Executing external process" date="2025-06-26T15:08:48.535" type="process" path="git" arguments="config receive.denyCurrentBranch ignore" /><!-- duration: 22ms -->
          </step><!-- duration: 29ms -->
          <step title="Create deny users for .git folder" date="2025-06-26T15:08:48.562" /><!-- duration: 19ms -->
          <step title="Configure git-credential" date="2025-06-26T15:08:48.584" >
            <step title="Executing external process" date="2025-06-26T15:08:48.607" type="process" path="git" arguments="config credential.helper &quot;!&apos;/home/site/repository/.git/hooks/git-credential-invalid.sh&apos;&quot;" /><!-- duration: 39ms -->
          </step><!-- duration: 64ms -->
          <step title="Setup post receive hook" date="2025-06-26T15:08:48.651" >
            <step title="Non-Windows enviroment, granting 755 permission to post-receive hook file" date="2025-06-26T15:08:48.668" /><!-- duration: 27ms -->
          </step><!-- duration: 47ms -->
        </step><!-- duration: 838ms -->
      </step><!-- duration: 851ms -->
      <step title="Releasing Deployment Lock" date="2025-06-26T15:08:48.709" /><!-- duration: 2ms -->
      <step title="GitExeServer.AdvertiseReceivePack" date="2025-06-26T15:08:48.721" >
        <step title="Executing external process" date="2025-06-26T15:08:48.724" type="process" path="git" arguments="receive-pack --stateless-rpc --advertise-refs &quot;/home/site/repository&quot;" /><!-- duration: 40ms -->
      </step><!-- duration: 45ms -->
      <step title="Writing 180 bytes" date="2025-06-26T15:08:48.769" /><!-- duration: 3ms -->
    </step><!-- duration: 1002ms -->
  </step><!-- duration: 1023ms -->
  <step title="Outgoing response" date="2025-06-26T15:08:48.786" type="response" statusCode="200" statusText="OK" /><!-- duration: 6ms -->
</step><!-- duration: 1206ms -->
