<step title="Incoming Request" date="2025-06-28T19:24:17.143" instance="978831" url="/ai-learning-tracker-bharath.git/git-receive-pack" method="POST" type="request" pid="807,1,49" Accept="application/x-git-receive-pack-result" Host="ai-learning-tracker-bharath.scm.azurewebsites.net" User-Agent="git/2.50.0.windows.1" Accept-Encoding="deflate, gzip, br, zstd" Authorization="Bas..." Content-Type="application/x-git-receive-pack-request" Content-Length="12047" X-ARR-LOG-ID="bd7e694c-62b9-419e-8796-baf5e4138125" CLIENT-IP="106.201.160.25:59122" X-SITE-DEPLOYMENT-ID="ai-learning-tracker-bharath" WAS-DEFAULT-HOSTNAME="ai-learning-tracker-bharath.scm.azurewebsites.net" X-Forwarded-Proto="https" X-AppService-Proto="https" X-Forwarded-TlsVersion="1.3" X-WAWS-Unencoded-URL="/ai-learning-tracker-bharath.git/git-receive-pack" X-Client-IP="106.201.160.25" X-Client-Port="59122" >
  <step title="RpcService.ReceivePack" date="2025-06-28T19:24:17.209" >
    <step title="Executing external process" date="2025-06-28T19:24:17.218" type="process" path="git" arguments="rev-parse --git-dir" /><!-- duration: 48ms -->
    <step title="Assuming git repository at /home/site/repository" date="2025-06-28T19:24:17.267" /><!-- duration: 2ms -->
    <step title="Acquiring Deployment Lock" date="2025-06-28T19:24:17.273" /><!-- duration: 1ms -->
    <step title="Acquired Deployment Lock" date="2025-06-28T19:24:17.311" /><!-- duration: 2ms -->
    <step title="Creating temporary deployment" date="2025-06-28T19:24:17.318" /><!-- duration: 76ms -->
    <step title="GitExeServer.Receive" date="2025-06-28T19:24:17.398" >
      <step title="Executing external process" date="2025-06-28T19:24:17.400" type="process" path="git" arguments="receive-pack --stateless-rpc &quot;/home/site/repository&quot;" /><!-- duration: 68238ms -->
    </step><!-- duration: 68244ms -->
    <step title="Releasing Deployment Lock" date="2025-06-28T19:25:25.985" /><!-- duration: 4ms -->
  </step><!-- duration: 68786ms -->
  <step title="Outgoing response" date="2025-06-28T19:25:26.005" type="response" statusCode="200" statusText="OK" /><!-- duration: 2ms -->
</step><!-- duration: 68867ms -->
