<step title="Incoming Request" date="2025-07-05T10:33:10.709" instance="978831" url="/ai-learning-tracker-bharath.git/git-receive-pack" method="POST" type="request" pid="802,1,26" Accept="application/x-git-receive-pack-result" Host="ai-learning-tracker-bharath.scm.azurewebsites.net" User-Agent="git/2.50.0.windows.2" Accept-Encoding="deflate, gzip, br, zstd" Authorization="Bas..." Content-Type="application/x-git-receive-pack-request" Content-Length="4020" X-ARR-LOG-ID="53d90122-c401-4ec9-bb5b-4792c556c4e4" CLIENT-IP="136.185.80.59:59524" X-SITE-DEPLOYMENT-ID="ai-learning-tracker-bharath" WAS-DEFAULT-HOSTNAME="ai-learning-tracker-bharath.scm.azurewebsites.net" X-Forwarded-Proto="https" X-AppService-Proto="https" X-Forwarded-TlsVersion="1.3" X-WAWS-Unencoded-URL="/ai-learning-tracker-bharath.git/git-receive-pack" X-Client-IP="136.185.80.59" X-Client-Port="59524" >
  <step title="RpcService.ReceivePack" date="2025-07-05T10:33:10.748" >
    <step title="Executing external process" date="2025-07-05T10:33:10.754" type="process" path="git" arguments="rev-parse --git-dir" /><!-- duration: 18ms -->
    <step title="Assuming git repository at /home/site/repository" date="2025-07-05T10:33:10.774" /><!-- duration: 2ms -->
    <step title="Acquiring Deployment Lock" date="2025-07-05T10:33:10.780" /><!-- duration: 2ms -->
    <step title="Acquired Deployment Lock" date="2025-07-05T10:33:10.936" /><!-- duration: 2ms -->
    <step title="Creating temporary deployment" date="2025-07-05T10:33:10.941" /><!-- duration: 129ms -->
    <step title="GitExeServer.Receive" date="2025-07-05T10:33:11.072" >
      <step title="Executing external process" date="2025-07-05T10:33:11.075" type="process" path="git" arguments="receive-pack --stateless-rpc &quot;/home/site/repository&quot;" /><!-- duration: 90617ms -->
    </step><!-- duration: 90625ms -->
    <step title="Releasing Deployment Lock" date="2025-07-05T10:34:41.781" /><!-- duration: 4ms -->
  </step><!-- duration: 91043ms -->
  <step title="Outgoing response" date="2025-07-05T10:34:41.949" type="response" statusCode="200" statusText="OK" /><!-- duration: 2ms -->
</step><!-- duration: 91245ms -->
