<step title="Executing external process" date="2025-06-26T15:08:57.140" instance="97aa17" type="process" path="kudu.exe" arguments="/home/site /opt/Kudu/msbuild" >
  <step title="Cleanup Xml Logs" date="2025-06-26T15:08:57.163" /><!-- duration: 8ms -->
  <step title="Deployment timer started" date="2025-06-26T15:08:57.200" >
    <step title="Executing external process" date="2025-06-26T15:08:57.208" type="process" path="git" arguments="log -n 1 master --" /><!-- duration: 81ms -->
    <step title="DeploymentManager.Deploy(id:ece0bed67b94a663f6dd9523a57da39e8689715f)" date="2025-06-26T15:08:57.296" >
      <step title="Collecting changeset information" date="2025-06-26T15:08:57.314" /><!-- duration: 109ms -->
      <step title="Updating to specific changeset" date="2025-06-26T15:08:57.437" >
        <step title="Executing external process" date="2025-06-26T15:08:58.545" type="process" path="git" arguments="checkout master --force" /><!-- duration: 903ms -->
      </step><!-- duration: 2013ms -->
      <step title="Updating submodules" date="2025-06-26T15:08:59.453" /><!-- duration: 96ms -->
      <step title="Determining deployment builder" date="2025-06-26T15:08:59.726" >
        <step title="Builder is OryxBuilder" date="2025-06-26T15:08:59.744" /><!-- duration: 13ms -->
      </step><!-- duration: 34ms -->
      <step title="PreDeployment: context.CleanOutputPath False" date="2025-06-26T15:08:59.791" >
        <step title="PreDeployment: context.OutputPath /home/site/wwwroot" date="2025-06-26T15:08:59.894" >
          <step title="Building" date="2025-06-26T15:08:59.999" >
            <step title="Executing external process" date="2025-06-26T15:09:00.207" type="process" path="bash" arguments="-c &quot;oryx build /home/site/repository -o /home/site/wwwroot --platform python --platform-version 3.9 -p virtualenv_name=antenv --log-file /tmp/build-debug.log  -i /tmp/8ddb4c36120c19c --compress-destination-dir | tee /tmp/oryx-build.log ; exit $PIPESTATUS &quot;" /><!-- duration: 18712ms -->
            <step title="Using PythonDeploymentLogParser" date="2025-06-26T15:09:19.189" /><!-- duration: 3ms -->
            <step title="Triggering recycle (preview mode disabled)." date="2025-06-26T15:09:19.964" /><!-- duration: 6ms -->
            <step title="Modified file to trigger a restart of the app container." date="2025-06-26T15:09:20.008" /><!-- duration: 3ms -->
            <step title="Skip function trigger and logicapp sync because function is not enabled." date="2025-06-26T15:09:20.019" /><!-- duration: 3ms -->
          </step><!-- duration: 20548ms -->
        </step><!-- duration: 20659ms -->
        <step title="Cleaning up temp files" date="2025-06-26T15:09:20.556" /><!-- duration: 107ms -->
        <step title="Cleaning up temp files" date="2025-06-26T15:09:20.667" /><!-- duration: 506ms -->
        <step title="Reloading status file with latest updates" date="2025-06-26T15:09:21.203" >
          <step title="WebHooksManager.PublishEventAsync: PostDeployment" date="2025-06-26T15:09:21.208" /><!-- duration: 48ms -->
        </step><!-- duration: 57ms -->
        <step title="Executing external process" date="2025-06-26T15:09:21.278" type="process" path="git" arguments="log -n 1 master --" /><!-- duration: 68ms -->
      </step><!-- duration: 21559ms -->
      <step title="Perform deploy exiting successfully" date="2025-06-26T15:09:21.352" 