<step title="Incoming Request" date="2025-06-29T17:07:54.363" instance="978831" url="/ai-learning-tracker-bharath.git/info/refs?service=git-receive-pack" method="GET" type="request" pid="807,1,85" Accept="*/*" Host="ai-learning-tracker-bharath.scm.azurewebsites.net" User-Agent="git/2.50.0.windows.1" Accept-Encoding="deflate, gzip, br, zstd" Authorization="Bas..." Pragma="no-cache" X-ARR-LOG-ID="8cba18f4-5524-4d59-95f5-8dbc9b95bf94" CLIENT-IP="106.201.160.25:64837" X-SITE-DEPLOYMENT-ID="ai-learning-tracker-bharath" WAS-DEFAULT-HOSTNAME="ai-learning-tracker-bharath.scm.azurewebsites.net" X-Forwarded-Proto="https" X-AppService-Proto="https" X-Forwarded-TlsVersion="1.3" X-WAWS-Unencoded-URL="/ai-learning-tracker-bharath.git/info/refs?service=git-receive-pack" X-Client-IP="106.201.160.25" X-Client-Port="64837" >
  <step title="Cleanup Xml Logs" date="2025-06-29T17:07:54.380" /><!-- duration: 14ms -->
  <step title="InfoRefsService.Execute" date="2025-06-29T17:07:54.458" >
    <step title="Executing external process" date="2025-06-29T17:07:54.489" type="process" path="git" arguments="rev-parse --git-dir" /><!-- duration: 113ms -->
    <step title="Assuming git repository at /home/site/repository" date="2025-06-29T17:07:54.604" /><!-- duration: 2ms -->
    <step title="InfoRefsService.SmartInfoRefs" date="2025-06-29T17:07:54.612" >
      <step title="Executing external process" date="2025-06-29T17:07:54.620" type="process" path="git" arguments="rev-parse --git-dir" /><!-- duration: 22ms -->
      <step title="Assuming git repository at /home/site/repository" date="2025-06-29T17:07:54.644" /><!-- duration: 3ms -->
      <step title="GitExeServer.AdvertiseReceivePack" date="2025-06-29T17:07:54.652" >
        <step title="Executing external process" date="2025-06-29T17:07:54.653" type="process" path="git" arguments="receive-pack --stateless-rpc --advertise-refs &quot;/home/site/repository&quot;" /><!-- duration: 38ms -->
      </step><!-- duration: 41ms -->
      <step title="Writing 182 bytes" date="2025-06-29T17:07:54.695" /><!-- duration: 2ms -->
    </step><!-- duration: 87ms -->
  </step><!-- duration: 243ms -->
  <step title="Outgoing response" date="2025-06-29T17:07:54.705" type="response" statusCode="200" statusText="OK" /><!-- duration: 13ms -->
</step><!-- duration: 358ms -->
