<step title="Incoming Request" date="2025-06-29T14:01:42.601" instance="978831" url="/ai-learning-tracker-bharath.git/info/refs?service=git-receive-pack" method="GET" type="request" pid="807,1,15" Accept="*/*" Host="ai-learning-tracker-bharath.scm.azurewebsites.net" User-Agent="git/2.50.0.windows.1" Accept-Encoding="deflate, gzip, br, zstd" Authorization="Bas..." Pragma="no-cache" X-ARR-LOG-ID="a474eb2c-6cfe-45bc-966d-bf163eb8583c" CLIENT-IP="106.201.160.25:59669" X-SITE-DEPLOYMENT-ID="ai-learning-tracker-bharath" WAS-DEFAULT-HOSTNAME="ai-learning-tracker-bharath.scm.azurewebsites.net" X-Forwarded-Proto="https" X-AppService-Proto="https" X-Forwarded-TlsVersion="1.3" X-WAWS-Unencoded-URL="/ai-learning-tracker-bharath.git/info/refs?service=git-receive-pack" X-Client-IP="106.201.160.25" X-Client-Port="59669" >
  <step title="Cleanup Xml Logs" date="2025-06-29T14:01:42.609" /><!-- duration: 20ms -->
  <step title="InfoRefsService.Execute" date="2025-06-29T14:01:42.660" >
    <step title="Executing external process" date="2025-06-29T14:01:42.677" type="process" path="git" arguments="rev-parse --git-dir" /><!-- duration: 66ms -->
    <step title="Assuming git repository at /home/site/repository" date="2025-06-29T14:01:42.746" /><!-- duration: 2ms -->
    <step title="InfoRefsService.SmartInfoRefs" date="2025-06-29T14:01:42.752" >
      <step title="Executing external process" date="2025-06-29T14:01:42.761" type="process" path="git" arguments="rev-parse --git-dir" /><!-- duration: 19ms -->
      <step title="Assuming git repository at /home/site/repository" date="2025-06-29T14:01:42.781" /><!-- duration: 2ms -->
      <step title="GitExeServer.AdvertiseReceivePack" date="2025-06-29T14:01:42.790" >
        <step title="Executing external process" date="2025-06-29T14:01:42.792" type="process" path="git" arguments="receive-pack --stateless-rpc --advertise-refs &quot;/home/site/repository&quot;" /><!-- duration: 48ms -->
      </step><!-- duration: 52ms -->
      <step title="Writing 182 bytes" date="2025-06-29T14:01:42.844" /><!-- duration: 2ms -->
    </step><!-- duration: 98ms -->
  </step><!-- duration: 191ms -->
  <step title="Outgoing response" date="2025-06-29T14:01:42.858" type="response" statusCode="200" statusText="OK" /><!-- duration: 3ms -->
</step><!-- duration: 265ms -->
