<step title="Incoming Request" date="2025-07-01T13:53:15.339" instance="978831" url="/ai-learning-tracker-bharath.git/info/refs?service=git-receive-pack" method="GET" type="request" pid="807,1,23" Accept="*/*" Host="ai-learning-tracker-bharath.scm.azurewebsites.net" User-Agent="git/2.50.0.windows.1" Accept-Encoding="deflate, gzip, br, zstd" Authorization="Bas..." Pragma="no-cache" X-ARR-LOG-ID="4ef1c964-43da-44f8-abf2-677934a4ec21" CLIENT-IP="122.174.71.5:61465" X-SITE-DEPLOYMENT-ID="ai-learning-tracker-bharath" WAS-DEFAULT-HOSTNAME="ai-learning-tracker-bharath.scm.azurewebsites.net" X-Forwarded-Proto="https" X-AppService-Proto="https" X-Forwarded-TlsVersion="1.3" X-WAWS-Unencoded-URL="/ai-learning-tracker-bharath.git/info/refs?service=git-receive-pack" X-Client-IP="122.174.71.5" X-Client-Port="61465" >
  <step title="Cleanup Xml Logs" date="2025-07-01T13:53:15.364" /><!-- duration: 22ms -->
  <step title="InfoRefsService.Execute" date="2025-07-01T13:53:15.612" >
    <step title="Executing external process" date="2025-07-01T13:53:15.730" type="process" path="git" arguments="rev-parse --git-dir" /><!-- duration: 240ms -->
    <step title="Assuming git repository at /home/site/repository" date="2025-07-01T13:53:15.973" /><!-- duration: 6ms -->
    <step title="InfoRefsService.SmartInfoRefs" date="2025-07-01T13:53:15.987" >
      <step title="Executing external process" date="2025-07-01T13:53:16.010" type="process" path="git" arguments="rev-parse --git-dir" /><!-- duration: 37ms -->
      <step title="Assuming git repository at /home/site/repository" date="2025-07-01T13:53:16.056" /><!-- duration: 3ms -->
      <step title="GitExeServer.AdvertiseReceivePack" date="2025-07-01T13:53:16.072" >
        <step title="Executing external process" date="2025-07-01T13:53:16.079" type="process" path="git" arguments="receive-pack --stateless-rpc --advertise-refs &quot;/home/site/repository&quot;" /><!-- duration: 85ms -->
      </step><!-- duration: 94ms -->
      <step title="Writing 182 bytes" date="2025-07-01T13:53:16.173" /><!-- duration: 2ms -->
    </step><!-- duration: 208ms -->
  </step><!-- duration: 599ms -->
  <step title="Outgoing response" date="2025-07-01T13:53:16.250" type="response" statusCode="200" statusText="OK" /><!-- duration: 3ms -->
</step><!-- duration: 920ms -->
