<step title="Executing external process" date="2025-06-29T16:10:07.152" instance="978831" type="process" path="kudu.exe" arguments="/home/site /opt/Kudu/msbuild" >
  <step title="Cleanup Xml Logs" date="2025-06-29T16:10:07.177" /><!-- duration: 12ms -->
  <step title="Deployment timer started" date="2025-06-29T16:10:07.250" >
    <step title="Executing external process" date="2025-06-29T16:10:07.281" type="process" path="git" arguments="log -n 1 master --" /><!-- duration: 169ms -->
    <step title="DeploymentManager.Deploy(id:b1e642ba9b62c00eac22bae48d954e0fd6684ca1)" date="2025-06-29T16:10:07.470" >
      <step title="Collecting changeset information" date="2025-06-29T16:10:07.535" /><!-- duration: 282ms -->
      <step title="Updating to specific changeset" date="2025-06-29T16:10:07.836" >
        <step title="Executing external process" date="2025-06-29T16:10:08.974" type="process" path="git" arguments="checkout master --force" /><!-- duration: 385ms -->
      </step><!-- duration: 1527ms -->
      <step title="Updating submodules" date="2025-06-29T16:10:09.368" /><!-- duration: 110ms -->
      <step title="Determining deployment builder" date="2025-06-29T16:10:09.681" >
        <step title="Builder is OryxBuilder" date="2025-06-29T16:10:09.716" /><!-- duration: 4ms -->
      </step><!-- duration: 52ms -->
      <step title="PreDeployment: context.CleanOutputPath False" date="2025-06-29T16:10:09.765" >
        <step title="PreDeployment: context.OutputPath /home/site/wwwroot" date="2025-06-29T16:10:09.836" >
          <step title="Building" date="2025-06-29T16:10:09.933" >
            <step title="Executing external process" date="2025-06-29T16:10:10.340" type="process" path="bash" arguments="-c &quot;oryx build /home/site/repository -o /home/site/wwwroot --platform python --platform-version 3.9 -p virtualenv_name=antenv --log-file /tmp/build-debug.log  -i /tmp/8ddb7276bd763fe --compress-destination-dir | tee /tmp/oryx-build.log ; exit $PIPESTATUS &quot;" /><!-- duration: 52482ms -->
            <step title="Using PythonDeploymentLogParser" date="2025-06-29T16:11:03.255" /><!-- duration: 8ms -->
            <step title="Triggering recycle (preview mode disabled)." date="2025-06-29T16:11:04.136" /><!-- duration: 9ms -->
            <step title="Modified file to trigger a restart of the app container." date="2025-06-29T16:11:04.177" /><!-- duration: 3ms -->
            <step title="Skip function trigger and logicapp sync because function is not enabled." date="2025-06-29T16:11:04.219" /><!-- duration: 2ms -->
            <step title="Purge deployment items" date="2025-06-29T16:11:05.031" >
              <step title="Remove ece0bed67, Success, received at 06/26/2025 15:08:57" date="2025-06-29T16:11:05.083" /><!-- duration: 3ms -->
            </step><!-- duration: 57ms -->
          </step><!-- duration: 55197ms -->
        </step><!-- duration: 55296ms -->
        <step title="Cleaning up temp files" date="2025-06-29T16:11:05.135" /><!-- duration: 1838ms -->
        <step title="Cleaning up temp files" date="2025-06-29T16:11:06.993" /><!-- duration: 511ms -->
        <step title="Reloading status file with latest updates" date="2025-06-29T16:11:07.536" >
          <step title="WebHooksManager.PublishEventAsync: PostDeployment" date="2025-06-29T16:11:07.546" /><!-- duration: 159ms -->
        </step><!-- duration: 172ms -->
        <step title="Executing external process" date="2025-06-29T16:11:07.729" type="process" path="git" arguments="log -n 1 master --" /><!-- duration: 80ms -->
      </step><!-- duration: 58049ms -->
      <step title="Perform deploy exiting successfully" date="2025-06-29T16:11:07.821" 