<step title="Incoming Request" date="2025-06-30T13:37:08.308" instance="978831" url="/ai-learning-tracker-bharath.git/info/refs?service=git-receive-pack" method="GET" type="request" pid="807,1,74" Accept="*/*" Host="ai-learning-tracker-bharath.scm.azurewebsites.net" User-Agent="git/2.50.0.windows.1" Accept-Encoding="deflate, gzip, br, zstd" Authorization="Bas..." Pragma="no-cache" X-ARR-LOG-ID="8809c087-e7ac-4596-abb0-c2576d081f47" CLIENT-IP="106.201.160.25:57307" X-SITE-DEPLOYMENT-ID="ai-learning-tracker-bharath" WAS-DEFAULT-HOSTNAME="ai-learning-tracker-bharath.scm.azurewebsites.net" X-Forwarded-Proto="https" X-AppService-Proto="https" X-Forwarded-TlsVersion="1.3" X-WAWS-Unencoded-URL="/ai-learning-tracker-bharath.git/info/refs?service=git-receive-pack" X-Client-IP="106.201.160.25" X-Client-Port="57307" >
  <step title="Cleanup Xml Logs" date="2025-06-30T13:37:08.455" /><!-- duration: 453ms -->
  <step title="InfoRefsService.Execute" date="2025-06-30T13:37:09.102" >
    <step title="Executing external process" date="2025-06-30T13:37:09.122" type="process" path="git" arguments="rev-parse --git-dir" /><!-- duration: 286ms -->
    <step title="Assuming git repository at /home/site/repository" date="2025-06-30T13:37:09.423" /><!-- duration: 3ms -->
    <step title="InfoRefsService.SmartInfoRefs" date="2025-06-30T13:37:09.432" >
      <step title="Executing external process" date="2025-06-30T13:37:09.443" type="process" path="git" arguments="rev-parse --git-dir" /><!-- duration: 39ms -->
      <step title="Assuming git repository at /home/site/repository" date="2025-06-30T13:37:09.484" /><!-- duration: 3ms -->
      <step title="GitExeServer.AdvertiseReceivePack" date="2025-06-30T13:37:09.492" >
        <step title="Executing external process" date="2025-06-30T13:37:09.494" type="process" path="git" arguments="receive-pack --stateless-rpc --advertise-refs &quot;/home/site/repository&quot;" /><!-- duration: 57ms -->
      </step><!-- duration: 62ms -->
      <step title="Writing 182 bytes" date="2025-06-30T13:37:09.556" /><!-- duration: 2ms -->
    </step><!-- duration: 142ms -->
  </step><!-- duration: 473ms -->
  <step title="Outgoing response" date="2025-06-30T13:37:09.601" type="response" statusCode="200" statusText="OK" /><!-- duration: 3ms -->
</step><!-- duration: 1302ms -->
