<step title="Incoming Request" date="2025-06-29T07:01:34.036" instance="978831" url="/ai-learning-tracker-bharath.git/info/refs?service=git-upload-pack" method="GET" type="request" pid="807,1,42" Accept="*/*" Host="ai-learning-tracker-bharath.scm.azurewebsites.net" User-Agent="git/2.50.0.windows.1" Accept-Encoding="deflate, gzip, br, zstd" Authorization="Bas..." Pragma="no-cache" git-protocol="version=2" X-ARR-LOG-ID="7c857e77-432c-4aee-a75b-a08be4e63399" CLIENT-IP="106.201.160.25:63888" X-SITE-DEPLOYMENT-ID="ai-learning-tracker-bharath" WAS-DEFAULT-HOSTNAME="ai-learning-tracker-bharath.scm.azurewebsites.net" X-Forwarded-Proto="https" X-AppService-Proto="https" X-Forwarded-TlsVersion="1.3" X-WAWS-Unencoded-URL="/ai-learning-tracker-bharath.git/info/refs?service=git-upload-pack" X-Client-IP="106.201.160.25" X-Client-Port="63888" >
  <step title="Cleanup Xml Logs" date="2025-06-29T07:01:34.056" /><!-- duration: 12ms -->
  <step title="InfoRefsService.Execute" date="2025-06-29T07:01:34.323" >
    <step title="Executing external process" date="2025-06-29T07:01:34.388" type="process" path="git" arguments="rev-parse --git-dir" /><!-- duration: 212ms -->
    <step title="Assuming git repository at /home/site/repository" date="2025-06-29T07:01:34.617" /><!-- duration: 4ms -->
    <step title="InfoRefsService.SmartInfoRefs" date="2025-06-29T07:01:34.627" >
      <step title="Executing external process" date="2025-06-29T07:01:34.655" type="process" path="git" arguments="rev-parse --git-dir" /><!-- duration: 63ms -->
      <step title="Assuming git repository at /home/site/repository" date="2025-06-29T07:01:34.722" /><!-- duration: 5ms -->
      <step title="GitExeServer.AdvertiseUploadPack" date="2025-06-29T07:01:34.746" >
        <step title="Executing external process" date="2025-06-29T07:01:34.748" type="process" path="git" arguments="upload-pack --stateless-rpc --advertise-refs &quot;/home/site/repository&quot;" /><!-- duration: 111ms -->
      </step><!-- duration: 115ms -->
      <step title="Writing 351 bytes" date="2025-06-29T07:01:34.887" /><!-- duration: 2ms -->
    </step><!-- duration: 282ms -->
  </step><!-- duration: 593ms -->
  <step title="Outgoing response" date="2025-06-29T07:01:34.947" type="response" statusCode="200" statusText="OK" /><!-- duration: 8ms -->
</step><!-- duration: 921ms -->
