<step title="Executing external process" date="2025-06-30T18:34:11.793" instance="978831" type="process" path="kudu.exe" arguments="/home/site /opt/Kudu/msbuild" >
  <step title="Cleanup Xml Logs" date="2025-06-30T18:34:11.814" /><!-- duration: 10ms -->
  <step title="Deployment timer started" date="2025-06-30T18:34:11.871" >
    <step title="Executing external process" date="2025-06-30T18:34:11.899" type="process" path="git" arguments="log -n 1 master --" /><!-- duration: 158ms -->
    <step title="DeploymentManager.Deploy(id:df528c4ac7d6097990cf6a1bdfaa353dc34191f7)" date="2025-06-30T18:34:12.070" >
      <step title="Collecting changeset information" date="2025-06-30T18:34:12.117" /><!-- duration: 284ms -->
      <step title="Updating to specific changeset" date="2025-06-30T18:34:12.408" >
        <step title="Executing external process" date="2025-06-30T18:34:13.574" type="process" path="git" arguments="checkout master --force" /><!-- duration: 394ms -->
      </step><!-- duration: 1562ms -->
      <step title="Updating submodules" date="2025-06-30T18:34:13.973" /><!-- duration: 108ms -->
      <step title="Determining deployment builder" date="2025-06-30T18:34:14.283" >
        <step title="Builder is OryxBuilder" date="2025-06-30T18:34:14.312" /><!-- duration: 2ms -->
      </step><!-- duration: 38ms -->
      <step title="PreDeployment: context.CleanOutputPath False" date="2025-06-30T18:34:14.359" >
        <step title="PreDeployment: context.OutputPath /home/site/wwwroot" date="2025-06-30T18:34:14.454" >
          <step title="Building" date="2025-06-30T18:34:14.567" >
            <step title="Executing external process" date="2025-06-30T18:34:14.877" type="process" path="bash" arguments="-c &quot;oryx build /home/site/repository -o /home/site/wwwroot --platform python --platform-version 3.9 -p virtualenv_name=antenv --log-file /tmp/build-debug.log  -i /tmp/8ddb804b6d49faa --compress-destination-dir | tee /tmp/oryx-build.log ; exit $PIPESTATUS &quot;" /><!-- duration: 57170ms -->
            <step title="Using PythonDeploymentLogParser" date="2025-06-30T18:35:12.517" /><!-- duration: 13ms -->
            <step title="Triggering recycle (preview mode disabled)." date="2025-06-30T18:35:13.306" /><!-- duration: 9ms -->
            <step title="Modified file to trigger a restart of the app container." date="2025-06-30T18:35:13.348" /><!-- duration: 3ms -->
            <step title="Skip function trigger and logicapp sync because function is not enabled." date="2025-06-30T18:35:13.376" /><!-- duration: 2ms -->
            <step title="Purge deployment items" date="2025-06-30T18:35:14.112" >
              <step title="Remove edd81d368, Success, received at 06/29/2025 11:01:59" date="2025-06-30T18:35:14.152" /><!-- duration: 3ms -->
            </step><!-- duration: 46ms -->
          </step><!-- duration: 59639ms -->
        </step><!-- duration: 59756ms -->
        <step title="Cleaning up temp files" date="2025-06-30T18:35:14.215" /><!-- duration: 1853ms -->
        <step title="Cleaning up temp files" date="2025-06-30T18:35:16.114" /><!-- duration: 586ms -->
        <step title="Reloading status file with latest updates" date="2025-06-30T18:35:16.744" >
          <step title="WebHooksManager.PublishEventAsync: PostDeployment" date="2025-06-30T18:35:16.772" /><!-- duration: 586ms -->
        </step><!-- duration: 631ms -->
        <step title="Executing external process" date="2025-06-30T18:35:17.452" type="process" path="git" arguments="log -n 1 master --" /><!-- duration: 384ms -->
      </step><!-- duration: 63496ms -->
      <step title="Perform deploy exiting successfully" date="2025-06-30T18:35:17.873" 