<step title="Incoming Request" date="2025-07-05T18:04:36.683" instance="978831" url="/ai-learning-tracker-bharath.git/info/refs?service=git-receive-pack" method="GET" type="request" pid="803,1,43" Accept="*/*" Host="ai-learning-tracker-bharath.scm.azurewebsites.net" User-Agent="git/2.50.0.windows.2" Accept-Encoding="deflate, gzip, br, zstd" Authorization="Bas..." Pragma="no-cache" X-ARR-LOG-ID="d9133d34-2469-4b2f-b52a-3c0c5b75e5a5" CLIENT-IP="136.185.80.59:63508" X-SITE-DEPLOYMENT-ID="ai-learning-tracker-bharath" WAS-DEFAULT-HOSTNAME="ai-learning-tracker-bharath.scm.azurewebsites.net" X-Forwarded-Proto="https" X-AppService-Proto="https" X-Forwarded-TlsVersion="1.3" X-WAWS-Unencoded-URL="/ai-learning-tracker-bharath.git/info/refs?service=git-receive-pack" X-Client-IP="136.185.80.59" X-Client-Port="63508" >
  <step title="Cleanup Xml Logs" date="2025-07-05T18:04:36.687" /><!-- duration: 12ms -->
  <step title="InfoRefsService.Execute" date="2025-07-05T18:04:36.713" >
    <step title="Executing external process" date="2025-07-05T18:04:36.728" type="process" path="git" arguments="rev-parse --git-dir" /><!-- duration: 83ms -->
    <step title="Assuming git repository at /home/site/repository" date="2025-07-05T18:04:36.814" /><!-- duration: 9ms -->
    <step title="InfoRefsService.SmartInfoRefs" date="2025-07-05T18:04:36.832" >
      <step title="Executing external process" date="2025-07-05T18:04:36.845" type="process" path="git" arguments="rev-parse --git-dir" /><!-- duration: 35ms -->
      <step title="Assuming git repository at /home/site/repository" date="2025-07-05T18:04:36.883" /><!-- duration: 7ms -->
      <step title="GitExeServer.AdvertiseReceivePack" date="2025-07-05T18:04:36.896" >
        <step title="Executing external process" date="2025-07-05T18:04:36.899" type="process" path="git" arguments="receive-pack --stateless-rpc --advertise-refs &quot;/home/site/repository&quot;" /><!-- duration: 48ms -->
      </step><!-- duration: 54ms -->
      <step title="Writing 182 bytes" date="2025-07-05T18:04:36.953" /><!-- duration: 1ms -->
    </step><!-- duration: 128ms -->
  </step><!-- duration: 248ms -->
  <step title="Outgoing response" date="2025-07-05T18:04:36.979" type="response" statusCode="200" statusText="OK" /><!-- duration: 8ms -->
</step><!-- duration: 313ms -->
