<step title="Incoming Request" date="2025-06-29T13:21:10.345" instance="978831" url="/ai-learning-tracker-bharath.git/git-receive-pack" method="POST" type="request" pid="807,1,5" Accept="application/x-git-receive-pack-result" Host="ai-learning-tracker-bharath.scm.azurewebsites.net" User-Agent="git/2.50.0.windows.1" Accept-Encoding="deflate, gzip, br, zstd" Authorization="Bas..." Content-Type="application/x-git-receive-pack-request" Content-Length="66591" X-ARR-LOG-ID="956e1849-6f23-4ca3-a9e5-806a29b101a7" CLIENT-IP="106.201.160.25:58190" X-SITE-DEPLOYMENT-ID="ai-learning-tracker-bharath" WAS-DEFAULT-HOSTNAME="ai-learning-tracker-bharath.scm.azurewebsites.net" X-Forwarded-Proto="https" X-AppService-Proto="https" X-Forwarded-TlsVersion="1.3" X-WAWS-Unencoded-URL="/ai-learning-tracker-bharath.git/git-receive-pack" X-Client-IP="106.201.160.25" X-Client-Port="58190" >
  <step title="RpcService.ReceivePack" date="2025-06-29T13:21:10.450" >
    <step title="Executing external process" date="2025-06-29T13:21:10.482" type="process" path="git" arguments="rev-parse --git-dir" /><!-- duration: 50ms -->
    <step title="Assuming git repository at /home/site/repository" date="2025-06-29T13:21:10.548" /><!-- duration: 3ms -->
    <step title="Acquiring Deployment Lock" date="2025-06-29T13:21:10.558" /><!-- duration: 3ms -->
    <step title="Acquired Deployment Lock" date="2025-06-29T13:21:10.613" /><!-- duration: 5ms -->
    <step title="Creating temporary deployment" date="2025-06-29T13:21:10.626" /><!-- duration: 103ms -->
    <step title="GitExeServer.Receive" date="2025-06-29T13:21:10.732" >
      <step title="Executing external process" date="2025-06-29T13:21:10.734" type="process" path="git" arguments="receive-pack --stateless-rpc &quot;/home/site/repository&quot;" /><!-- duration: 109134ms -->
    </step><!-- duration: 109185ms -->
    <step title="Releasing Deployment Lock" date="2025-06-29T13:23:00.100" /><!-- duration: 29ms -->
  </step><!-- duration: 109758ms -->
  <step title="Outgoing response" date="2025-06-29T13:23:00.228" type="response" statusCode="200" statusText="OK" /><!-- duration: 19ms -->
</step><!-- duration: 109910ms -->
