<step title="Incoming Request" date="2025-07-01T14:06:02.749" instance="978831" url="/ai-learning-tracker-bharath.git/git-receive-pack" method="POST" type="request" pid="807,1,37" Accept="application/x-git-receive-pack-result" Host="ai-learning-tracker-bharath.scm.azurewebsites.net" User-Agent="git/2.50.0.windows.1" Accept-Encoding="deflate, gzip, br, zstd" Authorization="Bas..." Content-Type="application/x-git-receive-pack-request" Content-Length="1769" X-ARR-LOG-ID="50383d6c-3356-4617-bdc9-43d856a8d0dc" CLIENT-IP="122.174.71.5:62249" X-SITE-DEPLOYMENT-ID="ai-learning-tracker-bharath" WAS-DEFAULT-HOSTNAME="ai-learning-tracker-bharath.scm.azurewebsites.net" X-Forwarded-Proto="https" X-AppService-Proto="https" X-Forwarded-TlsVersion="1.3" X-WAWS-Unencoded-URL="/ai-learning-tracker-bharath.git/git-receive-pack" X-Client-IP="122.174.71.5" X-Client-Port="62249" >
  <step title="RpcService.ReceivePack" date="2025-07-01T14:06:02.817" >
    <step title="Executing external process" date="2025-07-01T14:06:02.902" type="process" path="git" arguments="rev-parse --git-dir" /><!-- duration: 207ms -->
    <step title="Assuming git repository at /home/site/repository" date="2025-07-01T14:06:03.135" /><!-- duration: 3ms -->
    <step title="Acquiring Deployment Lock" date="2025-07-01T14:06:03.164" /><!-- duration: 28ms -->
    <step title="Acquired Deployment Lock" date="2025-07-01T14:06:03.368" /><!-- duration: 11ms -->
    <step title="Creating temporary deployment" date="2025-07-01T14:06:03.398" /><!-- duration: 237ms -->
    <step title="GitExeServer.Receive" date="2025-07-01T14:06:03.664" >
      <step title="Executing external process" date="2025-07-01T14:06:03.770" type="process" path="git" arguments="receive-pack --stateless-rpc &quot;/home/site/repository&quot;" /><!-- duration: 79328ms -->
    </step><!-- duration: 79453ms -->
    <step title="Releasing Deployment Lock" date="2025-07-01T14:07:23.288" /><!-- duration: 20ms -->
  </step><!-- duration: 80531ms -->
  <step title="Outgoing response" date="2025-07-01T14:07:23.384" type="response" statusCode="200" statusText="OK" /><!-- duration: 3ms -->
</step><!-- duration: 80675ms -->
