<step title="Incoming Request" date="2025-07-01T16:10:37.573" instance="978831" url="/ai-learning-tracker-bharath.git/git-receive-pack" method="POST" type="request" pid="807,1,63" Accept="application/x-git-receive-pack-result" Host="ai-learning-tracker-bharath.scm.azurewebsites.net" User-Agent="git/2.50.0.windows.1" Accept-Encoding="deflate, gzip, br, zstd" Authorization="Bas..." Content-Type="application/x-git-receive-pack-request" Content-Length="6353" X-ARR-LOG-ID="d2c7f6ec-3a4d-4178-9500-4fd7fb529cea" CLIENT-IP="122.174.71.5:50938" X-SITE-DEPLOYMENT-ID="ai-learning-tracker-bharath" WAS-DEFAULT-HOSTNAME="ai-learning-tracker-bharath.scm.azurewebsites.net" X-Forwarded-Proto="https" X-AppService-Proto="https" X-Forwarded-TlsVersion="1.3" X-WAWS-Unencoded-URL="/ai-learning-tracker-bharath.git/git-receive-pack" X-Client-IP="122.174.71.5" X-Client-Port="50938" >
  <step title="RpcService.ReceivePack" date="2025-07-01T16:10:37.593" >
    <step title="Executing external process" date="2025-07-01T16:10:37.614" type="process" path="git" arguments="rev-parse --git-dir" /><!-- duration: 33ms -->
    <step title="Assuming git repository at /home/site/repository" date="2025-07-01T16:10:37.649" /><!-- duration: 3ms -->
    <step title="Acquiring Deployment Lock" date="2025-07-01T16:10:38.001" /><!-- duration: 7ms -->
    <step title="Acquired Deployment Lock" date="2025-07-01T16:10:38.036" /><!-- duration: 3ms -->
    <step title="Creating temporary deployment" date="2025-07-01T16:10:38.046" /><!-- duration: 117ms -->
    <step title="GitExeServer.Receive" date="2025-07-01T16:10:38.176" >
      <step title="Executing external process" date="2025-07-01T16:10:38.329" type="process" path="git" arguments="receive-pack --stateless-rpc &quot;/home/site/repository&quot;" /><!-- duration: 68695ms -->
    </step><!-- duration: 68859ms -->
    <step title="Releasing Deployment Lock" date="2025-07-01T16:11:47.146" /><!-- duration: 3ms -->
  </step><!-- duration: 69566ms -->
  <step title="Outgoing response" date="2025-07-01T16:11:47.177" type="response" statusCode="200" statusText="OK" /><!-- duration: 9ms -->
</step><!-- duration: 69622ms -->
