<step title="Incoming Request" date="2025-07-01T19:29:30.184" instance="978831" url="/ai-learning-tracker-bharath.git/info/refs?service=git-receive-pack" method="GET" type="request" pid="807,1,18" Accept="*/*" Host="ai-learning-tracker-bharath.scm.azurewebsites.net" User-Agent="git/2.50.0.windows.1" Accept-Encoding="deflate, gzip, br, zstd" Authorization="Bas..." Pragma="no-cache" X-ARR-LOG-ID="973a8d9e-9679-4694-b5eb-157c2e20bed8" CLIENT-IP="122.174.71.5:54938" X-SITE-DEPLOYMENT-ID="ai-learning-tracker-bharath" WAS-DEFAULT-HOSTNAME="ai-learning-tracker-bharath.scm.azurewebsites.net" X-Forwarded-Proto="https" X-AppService-Proto="https" X-Forwarded-TlsVersion="1.3" X-WAWS-Unencoded-URL="/ai-learning-tracker-bharath.git/info/refs?service=git-receive-pack" X-Client-IP="122.174.71.5" X-Client-Port="54938" >
  <step title="Cleanup Xml Logs" date="2025-07-01T19:29:30.187" /><!-- duration: 7ms -->
  <step title="InfoRefsService.Execute" date="2025-07-01T19:29:30.235" >
    <step title="Executing external process" date="2025-07-01T19:29:30.249" type="process" path="git" arguments="rev-parse --git-dir" /><!-- duration: 55ms -->
    <step title="Assuming git repository at /home/site/repository" date="2025-07-01T19:29:30.306" /><!-- duration: 2ms -->
    <step title="InfoRefsService.SmartInfoRefs" date="2025-07-01T19:29:30.312" >
      <step title="Executing external process" date="2025-07-01T19:29:30.327" type="process" path="git" arguments="rev-parse --git-dir" /><!-- duration: 18ms -->
      <step title="Assuming git repository at /home/site/repository" date="2025-07-01T19:29:30.346" /><!-- duration: 2ms -->
      <step title="GitExeServer.AdvertiseReceivePack" date="2025-07-01T19:29:30.353" >
        <step title="Executing external process" date="2025-07-01T19:29:30.355" type="process" path="git" arguments="receive-pack --stateless-rpc --advertise-refs &quot;/home/site/repository&quot;" /><!-- duration: 54ms -->
      </step><!-- duration: 57ms -->
      <step title="Writing 182 bytes" date="2025-07-01T19:29:30.413" /><!-- duration: 2ms -->
    </step><!-- duration: 107ms -->
  </step><!-- duration: 185ms -->
  <step title="Outgoing response" date="2025-07-01T19:29:30.426" type="response" statusCode="200" statusText="OK" /><!-- duration: 2ms -->
</step><!-- duration: 247ms -->
