﻿<?xml version="1.0" encoding="utf-8"?>
<deployment>
  <id>8581fd6610a0a8e2026ec479e8a4d1683062c66d</id>
  <author>bh-srinivasan</author>
  <deployer>bharath-deploy</deployer>
  <authorEmail>bhsrinivasan@microsoft.com</authorEmail>
  <message>Fix Azure startup issues - add multiple startup options and diagnostic tool</message>
  <progress></progress>
  <status>Success</status>
  <statusText></statusText>
  <lastSuccessEndTime>2025-07-05T06:25:34.576641Z</lastSuccessEndTime>
  <receivedTime>2025-07-05T06:24:07.1152534Z</receivedTime>
  <startTime>2025-07-05T06:24:10.8818203Z</startTime>
  <endTime>2025-07-05T06:25:34.576641Z</endTime>
  <complete>True</complete>
  <is_temp>False</is_temp>
  <is_readonly>False</is_readonly>
  <buildSummary />
</deployment>