﻿<?xml version="1.0" encoding="utf-8"?>
<deployment>
  <id>a2159f78518e62e08ad1e471e55e2197181da013</id>
  <author>Bharath Srinivasan</author>
  <deployer>bharath-deploy</deployer>
  <authorEmail>sbharathind@gmail.com</authorEmail>
  <message>MAJOR: Implement Azure SQL Database integration
    
    - Remove local database from git repository (security fix)
    - Add database_manager.py with Azure SQL support
    - Add pyodbc dependency for Azure SQL connectivity
    - Update app.py to use Azure SQL in production
    - Add automatic migration from SQLite to Azure SQL
    - Configure proper environment-based database selection
    - Update Azure DATABASE_URL to use azure_sql
    
    This fixes the production database issue where local dev data
    was incorrectly deployed to Azure.</message>
  <progress></progress>
  <status>Success</status>
  <statusText></statusText>
  <lastSuccessEndTime>2025-08-01T17:27:31.4410062Z</lastSuccessEndTime>
  <receivedTime>2025-08-01T17:25:58.5147207Z</receivedTime>
  <startTime>2025-08-01T17:26:01.3486614Z</startTime>
  <endTime>2025-08-01T17:27:31.4410062Z</endTime>
  <complete>True</complete>
  <is_temp>False</is_temp>
  <is_readonly>False</is_readonly>
  <buildSummary />
</deployment>