﻿<?xml version="1.0" encoding="utf-8"?>
<deployment>
  <id>99299da65fa13ad7cbb690f147b05958bee2483f</id>
  <author>Bharath Srinivasan</author>
  <deployer>bharath-deploy</deployer>
  <authorEmail>sbharathind@gmail.com</authorEmail>
  <message>Fix debug login admin detection - use username instead of non-existent is_admin column</message>
  <progress></progress>
  <status>Success</status>
  <statusText></statusText>
  <lastSuccessEndTime>2025-08-07T19:59:55.7272409Z</lastSuccessEndTime>
  <receivedTime>2025-08-07T19:57:38.629014Z</receivedTime>
  <startTime>2025-08-07T19:57:40.9484382Z</startTime>
  <endTime>2025-08-07T19:59:55.7272409Z</endTime>
  <complete>True</complete>
  <is_temp>False</is_temp>
  <is_readonly>False</is_readonly>
  <buildSummary />
</deployment>