﻿<?xml version="1.0" encoding="utf-8"?>
<deployment>
  <id>9f5c8b0f30577a4ed8045bb3f6bd4ce3b13b77d1</id>
  <author>Bharath Srinivasan</author>
  <deployer>bharath-deploy</deployer>
  <authorEmail>sbharathind@gmail.com</authorEmail>
  <message>Fix Azure deployment - remove corrupted files and restore clean app.py</message>
  <progress></progress>
  <status>Success</status>
  <statusText></statusText>
  <lastSuccessEndTime>2025-08-03T09:04:00.8811237Z</lastSuccessEndTime>
  <receivedTime>2025-08-03T08:59:49.7998714Z</receivedTime>
  <startTime>2025-08-03T08:59:55.4129068Z</startTime>
  <endTime>2025-08-03T09:04:00.8811237Z</endTime>
  <complete>True</complete>
  <is_temp>False</is_temp>
  <is_readonly>False</is_readonly>
  <buildSummary />
</deployment>