﻿<?xml version="1.0" encoding="utf-8"?>
<deployment>
  <id>e277602e-c3cb-4614-8b69-0ca09fd485a7</id>
  <author>N/A</author>
  <deployer>Push-Deployer</deployer>
  <authorEmail>N/A</authorEmail>
  <message>Created via a push deployment</message>
  <progress></progress>
  <status>Success</status>
  <statusText></statusText>
  <lastSuccessEndTime>2025-08-11T19:48:28.8998384Z</lastSuccessEndTime>
  <receivedTime>2025-08-11T19:48:26.0314156Z</receivedTime>
  <startTime>2025-08-11T19:48:27.4124741Z</startTime>
  <endTime>2025-08-11T19:48:28.8998384Z</endTime>
  <complete>True</complete>
  <is_temp>False</is_temp>
  <is_readonly>True</is_readonly>
  <buildSummary />
</deployment>