﻿<?xml version="1.0" encoding="utf-8"?>
<deployment>
  <id>5564798e050f1eddc0121ba03876d784a0895623</id>
  <author>Bharath Srinivasan</author>
  <deployer>bharath-deploy</deployer>
  <authorEmail>sbharathind@gmail.com</authorEmail>
  <message>Add Azure test script for troubleshooting</message>
  <progress></progress>
  <status>Success</status>
  <statusText></statusText>
  <lastSuccessEndTime>2025-08-01T14:37:16.3808326Z</lastSuccessEndTime>
  <receivedTime>2025-08-01T14:36:06.9395119Z</receivedTime>
  <startTime>2025-08-01T14:36:09.2997455Z</startTime>
  <endTime>2025-08-01T14:37:16.3808326Z</endTime>
  <complete>True</complete>
  <is_temp>False</is_temp>
  <is_readonly>False</is_readonly>
  <buildSummary />
</deployment>