﻿<?xml version="1.0" encoding="utf-8"?>
<deployment>
  <id>365add6c387d11e89329d82d498976e6805e4d3b</id>
  <author>bh-srinivasan</author>
  <deployer>bharath-deploy</deployer>
  <authorEmail>bhsrinivasan@microsoft.com</authorEmail>
  <message>Fix: Admin dashboard internal server error
    
    - Added missing admin route handlers for template references
    - Enhanced admin dashboard with proper data statistics
    - Added error handling and debugging for admin routes
    - Fixed template variable passing (total_users, total_courses, etc.)
    - Added test route for admin functionality verification
    - Resolved 500 internal server error when accessing admin dashboard</message>
  <progress></progress>
  <status>Success</status>
  <statusText></statusText>
  <lastSuccessEndTime>2025-07-01T14:07:17.0251564Z</lastSuccessEndTime>
  <receivedTime>2025-07-01T14:06:07.0109283Z</receivedTime>
  <startTime>2025-07-01T14:06:08.9205443Z</startTime>
  <endTime>2025-07-01T14:07:17.0251564Z</endTime>
  <complete>True</complete>
  <is_temp>False</is_temp>
  <is_readonly>False</is_readonly>
  <buildSummary />
</deployment>