﻿<?xml version="1.0" encoding="utf-8"?>
<deployment>
  <id>d2cb883d9e9a12e4caf21c1625b4bc4fc4e8a601</id>
  <author>Bharath Srinivasan</author>
  <deployer>bharath-deploy</deployer>
  <authorEmail>sbharathind@gmail.com</authorEmail>
  <message>Fix datetime object subscriptable error - clean implementation</message>
  <progress></progress>
  <status>Success</status>
  <statusText></statusText>
  <lastSuccessEndTime>2025-08-10T17:35:13.6801395Z</lastSuccessEndTime>
  <receivedTime>2025-08-10T17:32:26.6327928Z</receivedTime>
  <startTime>2025-08-10T17:32:33.2631221Z</startTime>
  <endTime>2025-08-10T17:35:13.6801395Z</endTime>
  <complete>True</complete>
  <is_temp>False</is_temp>
  <is_readonly>False</is_readonly>
  <buildSummary />
</deployment>