﻿<?xml version="1.0" encoding="utf-8"?>
<deployment>
  <id>316e34f126785af80fa449f3677e94d0e7fde14d</id>
  <author>bh-srinivasan</author>
  <deployer>bharath-deploy</deployer>
  <authorEmail>bhsrinivasan@microsoft.com</authorEmail>
  <message>Add app_azure.py with proper template support for Azure deployment</message>
  <progress></progress>
  <status>Success</status>
  <statusText></statusText>
  <lastSuccessEndTime>2025-07-29T10:03:19.0666208Z</lastSuccessEndTime>
  <receivedTime>2025-07-29T10:02:26.417693Z</receivedTime>
  <startTime>2025-07-29T10:02:28.8056763Z</startTime>
  <endTime>2025-07-29T10:03:19.0666208Z</endTime>
  <complete>True</complete>
  <is_temp>False</is_temp>
  <is_readonly>False</is_readonly>
  <buildSummary />
</deployment>