<step title="Executing external process" date="2025-07-21T04:12:06.103" instance="831bc3" type="process" path="kudu.exe" arguments="/home/site /opt/Kudu/msbuild" >
  <step title="Cleanup Xml Logs" date="2025-07-21T04:12:06.153" >
    <step title="Cleanup Infos" date="2025-07-21T04:12:06.193" totalFiles="280" totalCleanup="120" /><!-- duration: 16ms -->
  </step><!-- duration: 68ms -->
  <step title="Deployment timer started" date="2025-07-21T04:12:06.340" >
    <step title="Executing external process" date="2025-07-21T04:12:06.369" type="process" path="git" arguments="log -n 1 master --" /><!-- duration: 161ms -->
    <step title="DeploymentManager.Deploy(id:b1271d0adf2dfbd9106a2e20e1c9b4e1187deb9e)" date="2025-07-21T04:12:06.549" >
      <step title="Collecting changeset information" date="2025-07-21T04:12:06.647" /><!-- duration: 259ms -->
      <step title="Updating to specific changeset" date="2025-07-21T04:12:06.913" >
        <step title="Executing external process" date="2025-07-21T04:12:08.135" type="process" path="git" arguments="checkout master --force" /><!-- duration: 1943ms -->
      </step><!-- duration: 3172ms -->
      <step title="Updating submodules" date="2025-07-21T04:12:10.094" /><!-- duration: 141ms -->
      <step title="Determining deployment builder" date="2025-07-21T04:12:10.474" >
        <step title="Builder is OryxBuilder" date="2025-07-21T04:12:10.515" /><!-- duration: 3ms -->
      </step><!-- duration: 47ms -->
      <step title="PreDeployment: context.CleanOutputPath False" date="2025-07-21T04:12:10.571" >
        <step title="PreDeployment: context.OutputPath /home/site/wwwroot" date="2025-07-21T04:12:10.689" >
          <step title="Building" date="2025-07-21T04:12:10.789" >
            <step title="Executing external process" date="2025-07-21T04:12:11.280" type="process" path="bash" arguments="-c &quot;oryx build /home/site/repository -o /home/site/wwwroot --platform python --platform-version 3.9 -p virtualenv_name=antenv --log-file /tmp/build-debug.log  -i /tmp/8ddc80cc3b7e9d3 --compress-destination-dir | tee /tmp/oryx-build.log ; exit $PIPESTATUS &quot;" /><!-- duration: 139431ms -->
            <step title="Using PythonDeploymentLogParser" date="2025-07-21T04:14:31.237" /><!-- duration: 7ms -->
            <step title="Triggering recycle (preview mode disabled)." date="2025-07-21T04:14:32.174" /><!-- duration: 10ms -->
            <step title="Modified file to trigger a restart of the app container." date="2025-07-21T04:14:32.205" /><!-- duration: 4ms -->
            <step title="Skip function trigger and logicapp sync because function is not enabled." date="2025-07-21T04:14:32.243" /><!-- duration: 18ms -->
            <step title="Purge deployment items" date="2025-07-21T04:14:33.210" >
              <step title="Remove b65e18005, Success, received at 07/19/2025 09:34:05" date="2025-07-21T04:14:33.271" /><!-- duration: 3ms -->
            </step><!-- duration: 67ms -->
          </step><!-- duration: 142551ms -->
        </step><!-- duration: 142655ms -->
        <step title="Cleaning up temp files" date="2025-07-21T04:14:33.347" /><!-- duration: 551ms -->
        <step title="Cleaning up temp files" date="2025-07-21T04:14:33.909" /><!-- duration: 510ms -->
        <step title="Reloading status file with latest updates" date="2025-07-21T04:14:34.449" >
          <step title="WebHooksManager.PublishEventAsync: PostDeployment" date="2025-07-21T04:14:34.462" /><!-- duration: 139ms -->
        </step><!-- duration: 156ms -->
        <step title="Executing external process" date="2025-07-21T04:14:34.643" type="process" path="git" arguments="log -n 1 master --" /><!-- duration: 88ms -->
      </step><!-- duration: 144164ms -->
      <step title="Perform deploy exiting successfully" date="2025-07-21T04:14:34.738" 