<step title="Executing external process" date="2025-07-21T05:00:59.582" instance="831bc3" type="process" path="kudu.exe" arguments="/home/site /opt/Kudu/msbuild" >
  <step title="Cleanup Xml Logs" date="2025-07-21T05:00:59.623" >
    <step title="Cleanup Infos" date="2025-07-21T05:00:59.683" totalFiles="289" totalCleanup="129" /><!-- duration: 70ms -->
  </step><!-- duration: 151ms -->
  <step title="Deployment timer started" date="2025-07-21T05:00:59.835" >
    <step title="Executing external process" date="2025-07-21T05:00:59.863" type="process" path="git" arguments="log -n 1 master --" /><!-- duration: 215ms -->
    <step title="DeploymentManager.Deploy(id:99f038330732418610d3374ff7cf92d146058755)" date="2025-07-21T05:01:00.099" >
      <step title="Collecting changeset information" date="2025-07-21T05:01:00.152" /><!-- duration: 354ms -->
      <step title="Updating to specific changeset" date="2025-07-21T05:01:00.513" >
        <step title="Executing external process" date="2025-07-21T05:01:01.671" type="process" path="git" arguments="checkout master --force" /><!-- duration: 1155ms -->
      </step><!-- duration: 2320ms -->
      <step title="Updating submodules" date="2025-07-21T05:01:02.839" /><!-- duration: 178ms -->
      <step title="Determining deployment builder" date="2025-07-21T05:01:03.281" >
        <step title="Builder is OryxBuilder" date="2025-07-21T05:01:03.308" /><!-- duration: 3ms -->
      </step><!-- duration: 38ms -->
      <step title="PreDeployment: context.CleanOutputPath False" date="2025-07-21T05:01:03.373" >
        <step title="PreDeployment: context.OutputPath /home/site/wwwroot" date="2025-07-21T05:01:03.499" >
          <step title="Building" date="2025-07-21T05:01:03.612" >
            <step title="Executing external process" date="2025-07-21T05:01:03.941" type="process" path="bash" arguments="-c &quot;oryx build /home/site/repository -o /home/site/wwwroot --platform python --platform-version 3.9 -p virtualenv_name=antenv --log-file /tmp/build-debug.log  -i /tmp/8ddc81397ce83a3 --compress-destination-dir | tee /tmp/oryx-build.log ; exit $PIPESTATUS &quot;" >
              <step title="Cpu: python(19267,31.580s)+ts(19268,0.090s)+build.sh(19266,0.000s)+build.sh(19265,0.000s)+build.sh(19182,0.050s)+oryx(19162,4.630s)+tee(19163,0.000s)+bash(19161,0.000s)=total(36.340s)" date="2025-07-21T05:02:43.839" /><!-- duration: 19ms -->
              <step title="bash: no io activity for 61s, prev-cpu=-1.000s, current-cpu=36.340s" date="2025-07-21T05:02:43.910" /><!-- duration: 22ms -->
            </step><!-- duration: 218939ms -->
            <step title="Using PythonDeploymentLogParser" date="2025-07-21T05:04:43.343" /><!-- duration: 8ms -->
            <step title="Triggering recycle (preview mode disabled)." date="2025-07-21T05:04:44.288" /><!-- duration: 5ms -->
            <step title="Modified file to trigger a restart of the app container." date="2025-07-21T05:04:44.336" /><!-- duration: 4ms -->
            <step title="Skip function trigger and logicapp sync because function is not enabled." date="2025-07-21T05:04:44.361" /><!-- duration: 4ms -->
            <step title="Purge deployment items" date="2025-07-21T05:04:45.389" >
              <step title="Remove 2907f4ee4, Success, received at 07/19/2025 12:01:28" date="2025-07-21T05:04:45.450" /><!-- duration: 4ms -->
            </step><!-- duration: 68ms -->
          </step><!-- duration: 221912ms -->
        </step><!-- duration: 222029ms -->
        <step title="Cleaning up temp files" date="2025-07-21T05:04:45.531" /><!-- duration: 1490ms -->
        <step title="Cleaning up temp files" date="2025-07-21T05:04:47.033" /><!-- duration: 518ms -->
        <step title="Reloading status file with latest updates" date="2025-07-21T05:04:47.593" >
          <step title="WebHooksManager.PublishEventAsync: PostDeployment" date="2025-07-21T05:04:47.608" /><!-- duration: 123ms -->
        </step><!-- duration: 141ms -->
        <step title="Executing external process" date="2025-07-21T05:04:47.757" type="process" path="git" arguments="log -n 1 master --" /><!-- duration: 101ms -->
      </step><!-- duration: 224489ms -->
      <step title="Perform deploy exiting successfully" date="2025-07-21T05:04:47.865" 