<step title="Incoming Request" date="2025-07-01T15:23:33.031" instance="978831" url="/ai-learning-tracker-bharath.git/info/refs?service=git-receive-pack" method="GET" type="request" pid="807,1,37" Accept="*/*" Host="ai-learning-tracker-bharath.scm.azurewebsites.net" User-Agent="git/2.50.0.windows.1" Accept-Encoding="deflate, gzip, br, zstd" Authorization="Bas..." Pragma="no-cache" X-ARR-LOG-ID="a8d402fd-995b-4946-82ea-34d465991960" CLIENT-IP="122.174.71.5:64574" X-SITE-DEPLOYMENT-ID="ai-learning-tracker-bharath" WAS-DEFAULT-HOSTNAME="ai-learning-tracker-bharath.scm.azurewebsites.net" X-Forwarded-Proto="https" X-AppService-Proto="https" X-Forwarded-TlsVersion="1.3" X-WAWS-Unencoded-URL="/ai-learning-tracker-bharath.git/info/refs?service=git-receive-pack" X-Client-IP="122.174.71.5" X-Client-Port="64574" >
  <step title="Cleanup Xml Logs" date="2025-07-01T15:23:33.066" /><!-- duration: 15ms -->
  <step title="InfoRefsService.Execute" date="2025-07-01T15:23:33.222" >
    <step title="Executing external process" date="2025-07-01T15:23:33.264" type="process" path="git" arguments="rev-parse --git-dir" /><!-- duration: 86ms -->
    <step title="Assuming git repository at /home/site/repository" date="2025-07-01T15:23:33.352" /><!-- duration: 3ms -->
    <step title="InfoRefsService.SmartInfoRefs" date="2025-07-01T15:23:33.359" >
      <step title="Executing external process" date="2025-07-01T15:23:33.382" type="process" path="git" arguments="rev-parse --git-dir" /><!-- duration: 33ms -->
      <step title="Assuming git repository at /home/site/repository" date="2025-07-01T15:23:33.417" /><!-- duration: 3ms -->
      <step title="GitExeServer.AdvertiseReceivePack" date="2025-07-01T15:23:33.427" >
        <step title="Executing external process" date="2025-07-01T15:23:33.431" type="process" path="git" arguments="receive-pack --stateless-rpc --advertise-refs &quot;/home/site/repository&quot;" /><!-- duration: 41ms -->
      </step><!-- duration: 47ms -->
      <step title="Writing 182 bytes" date="2025-07-01T15:23:33.479" /><!-- duration: 1ms -->
    </step><!-- duration: 130ms -->
  </step><!-- duration: 270ms -->
  <step title="Outgoing response" date="2025-07-01T15:23:33.509" type="response" statusCode="200" statusText="OK" /><!-- duration: 2ms -->
</step><!-- duration: 482ms -->
