<step title="Incoming Request" date="2025-07-26T09:53:09.003" instance="831bc3" url="/ai-learning-tracker-bharath.git/info/refs?service=git-receive-pack" method="GET" type="request" pid="801,1,3" Accept="*/*" Host="ai-learning-tracker-bharath.scm.azurewebsites.net" User-Agent="git/2.50.1.windows.1" Accept-Encoding="deflate, gzip, br, zstd" Authorization="Bas..." Pragma="no-cache" X-ARR-LOG-ID="f06c4ad6-c797-4133-89c5-0a6c4e3e53ee" CLIENT-IP="122.177.246.54:1326" X-SITE-DEPLOYMENT-ID="ai-learning-tracker-bharath" WAS-DEFAULT-HOSTNAME="ai-learning-tracker-bharath.scm.azurewebsites.net" X-Forwarded-Proto="https" X-AppService-Proto="https" X-Forwarded-TlsVersion="1.3" X-WAWS-Unencoded-URL="/ai-learning-tracker-bharath.git/info/refs?service=git-receive-pack" X-Client-IP="122.177.246.54" X-Client-Port="1326" >
  <step title="Cleanup Xml Logs" date="2025-07-26T09:53:09.008" >
    <step title="Cleanup Infos" date="2025-07-26T09:53:09.027" totalFiles="339" totalCleanup="179" /><!-- duration: 12ms -->
  </step><!-- duration: 37ms -->
  <step title="InfoRefsService.Execute" date="2025-07-26T09:53:09.211" >
    <step title="Executing external process" date="2025-07-26T09:53:09.228" type="process" path="git" arguments="rev-parse --git-dir" /><!-- duration: 91ms -->
    <step title="Assuming git repository at /home/site/repository" date="2025-07-26T09:53:09.340" /><!-- duration: 7ms -->
    <step title="InfoRefsService.SmartInfoRefs" date="2025-07-26T09:53:09.354" >
      <step title="Executing external process" date="2025-07-26T09:53:09.378" type="process" path="git" arguments="rev-parse --git-dir" /><!-- duration: 19ms -->
      <step title="Assuming git repository at /home/site/repository" date="2025-07-26T09:53:09.401" /><!-- duration: 5ms -->
      <step title="GitExeServer.AdvertiseReceivePack" date="2025-07-26T09:53:09.419" >
        <step title="Executing external process" date="2025-07-26T09:53:09.423" type="process" path="git" arguments="receive-pack --stateless-rpc --advertise-refs &quot;/home/site/repository&quot;" /><!-- duration: 47ms -->
      </step><!-- duration: 72ms -->
      <step title="Writing 182 bytes" date="2025-07-26T09:53:09.497" /><!-- duration: 3ms -->
    </step><!-- duration: 158ms -->
  </step><!-- duration: 304ms -->
  <step title="Outgoing response" date="2025-07-26T09:53:09.527" type="response" statusCode="200" statusText="OK" /><!-- duration: 5ms -->
</step><!-- duration: 531ms -->
