<step title="Executing external process" date="2025-07-19T07:21:43.973" instance="831bc3" type="process" path="kudu.exe" arguments="/home/site /opt/Kudu/msbuild" >
  <step title="Cleanup Xml Logs" date="2025-07-19T07:21:43.991" >
    <step title="Cleanup Infos" date="2025-07-19T07:21:43.998" totalFiles="232" totalCleanup="72" /><!-- duration: 5ms -->
  </step><!-- duration: 22ms -->
  <step title="Deployment timer started" date="2025-07-19T07:21:44.061" >
    <step title="Executing external process" date="2025-07-19T07:21:44.084" type="process" path="git" arguments="log -n 1 master --" /><!-- duration: 181ms -->
    <step title="DeploymentManager.Deploy(id:6b5862eaeaddcf9490097109f5002c84645b7edd)" date="2025-07-19T07:21:44.278" >
      <step title="Collecting changeset information" date="2025-07-19T07:21:44.328" /><!-- duration: 265ms -->
      <step title="Updating to specific changeset" date="2025-07-19T07:21:44.606" >
        <step title="Executing external process" date="2025-07-19T07:21:45.776" type="process" path="git" arguments="checkout master --force" /><!-- duration: 786ms -->
      </step><!-- duration: 1958ms -->
      <step title="Updating submodules" date="2025-07-19T07:21:46.567" /><!-- duration: 124ms -->
      <step title="Determining deployment builder" date="2025-07-19T07:21:46.894" >
        <step title="Builder is OryxBuilder" date="2025-07-19T07:21:46.924" /><!-- duration: 2ms -->
      </step><!-- duration: 50ms -->
      <step title="PreDeployment: context.CleanOutputPath False" date="2025-07-19T07:21:47.025" >
        <step title="PreDeployment: context.OutputPath /home/site/wwwroot" date="2025-07-19T07:21:47.118" >
          <step title="Building" date="2025-07-19T07:21:47.230" >
            <step title="Executing external process" date="2025-07-19T07:21:47.583" type="process" path="bash" arguments="-c &quot;oryx build /home/site/repository -o /home/site/wwwroot --platform python --platform-version 3.9 -p virtualenv_name=antenv --log-file /tmp/build-debug.log  -i /tmp/8ddc694ebc49f7b --compress-destination-dir | tee /tmp/oryx-build.log ; exit $PIPESTATUS &quot;" /><!-- duration: 125084ms -->
            <step title="Using PythonDeploymentLogParser" date="2025-07-19T07:23:53.180" /><!-- duration: 9ms -->
            <step title="Triggering recycle (preview mode disabled)." date="2025-07-19T07:23:54.314" /><!-- duration: 2ms -->
            <step title="Modified file to trigger a restart of the app container." date="2025-07-19T07:23:54.348" /><!-- duration: 2ms -->
            <step title="Skip function trigger and logicapp sync because function is not enabled." date="2025-07-19T07:23:54.378" /><!-- duration: 2ms -->
            <step title="Purge deployment items" date="2025-07-19T07:23:55.294" >
              <step title="Remove ef01c2165, Success, received at 07/18/2025 05:49:35" date="2025-07-19T07:23:55.370" /><!-- duration: 3ms -->
            </step><!-- duration: 80ms -->
          </step><!-- duration: 128198ms -->
        </step><!-- duration: 128313ms -->
        <step title="Cleaning up temp files" date="2025-07-19T07:23:55.434" /><!-- duration: 527ms -->
        <step title="Cleaning up temp files" date="2025-07-19T07:23:55.965" /><!-- duration: 517ms -->
        <step title="Reloading status file with latest updates" date="2025-07-19T07:23:56.550" >
          <step title="WebHooksManager.PublishEventAsync: PostDeployment" date="2025-07-19T07:23:56.562" /><!-- duration: 148ms -->
        </step><!-- duration: 164ms -->
        <step title="Executing external process" date="2025-07-19T07:23:56.743" type="process" path="git" arguments="log -n 1 master --" /><!-- duration: 92ms -->
      </step><!-- duration: 129812ms -->
      <step title="Perform deploy exiting successfully" date="2025-07-19T07:23:56.847" 