<step title="Incoming Request" date="2025-07-21T08:26:50.535" instance="831bc3" url="/ai-learning-tracker-bharath.git/info/refs?service=git-receive-pack" method="GET" type="request" pid="803,1,54" Accept="*/*" Host="ai-learning-tracker-bharath.scm.azurewebsites.net" User-Agent="git/2.50.1.windows.1" Accept-Encoding="deflate, gzip, br, zstd" Authorization="Bas..." Pragma="no-cache" X-ARR-LOG-ID="e1cfea9a-252b-4e76-8590-eb52d8b1eeee" CLIENT-IP="122.177.245.132:11052" X-SITE-DEPLOYMENT-ID="ai-learning-tracker-bharath" WAS-DEFAULT-HOSTNAME="ai-learning-tracker-bharath.scm.azurewebsites.net" X-Forwarded-Proto="https" X-AppService-Proto="https" X-Forwarded-TlsVersion="1.3" X-WAWS-Unencoded-URL="/ai-learning-tracker-bharath.git/info/refs?service=git-receive-pack" X-Client-IP="122.177.245.132" X-Client-Port="11052" >
  <step title="Cleanup Xml Logs" date="2025-07-21T08:26:50.564" >
    <step title="Cleanup Infos" date="2025-07-21T08:26:50.593" totalFiles="313" totalCleanup="153" /><!-- duration: 30ms -->
  </step><!-- duration: 67ms -->
  <step title="InfoRefsService.Execute" date="2025-07-21T08:26:50.775" >
    <step title="Executing external process" date="2025-07-21T08:26:50.800" type="process" path="git" arguments="rev-parse --git-dir" /><!-- duration: 49ms -->
    <step title="Assuming git repository at /home/site/repository" date="2025-07-21T08:26:50.854" /><!-- duration: 2ms -->
    <step title="InfoRefsService.SmartInfoRefs" date="2025-07-21T08:26:50.860" >
      <step title="Executing external process" date="2025-07-21T08:26:50.870" type="process" path="git" arguments="rev-parse --git-dir" /><!-- duration: 32ms -->
      <step title="Assuming git repository at /home/site/repository" date="2025-07-21T08:26:50.918" /><!-- duration: 4ms -->
      <step title="GitExeServer.AdvertiseReceivePack" date="2025-07-21T08:26:50.929" >
        <step title="Executing external process" date="2025-07-21T08:26:50.934" type="process" path="git" arguments="receive-pack --stateless-rpc --advertise-refs &quot;/home/site/repository&quot;" /><!-- duration: 94ms -->
      </step><!-- duration: 107ms -->
      <step title="Writing 182 bytes" date="2025-07-21T08:26:51.047" /><!-- duration: 4ms -->
    </step><!-- duration: 196ms -->
  </step><!-- duration: 284ms -->
  <step title="Outgoing response" date="2025-07-21T08:26:51.099" type="response" statusCode="200" statusText="OK" /><!-- duration: 8ms -->
</step><!-- duration: 575ms -->
