<step title="Incoming Request" date="2025-06-28T13:37:30.291" instance="978831" url="/ai-learning-tracker-bharath.git/info/refs?service=git-receive-pack" method="GET" type="request" pid="807,1,84" Accept="*/*" Host="ai-learning-tracker-bharath.scm.azurewebsites.net" User-Agent="git/2.50.0.windows.1" Accept-Encoding="deflate, gzip, br, zstd" Authorization="Bas..." Pragma="no-cache" X-ARR-LOG-ID="97f68b49-1621-4e14-8519-4fff1f525e74" CLIENT-IP="106.201.160.25:52688" X-SITE-DEPLOYMENT-ID="ai-learning-tracker-bharath" WAS-DEFAULT-HOSTNAME="ai-learning-tracker-bharath.scm.azurewebsites.net" X-Forwarded-Proto="https" X-AppService-Proto="https" X-Forwarded-TlsVersion="1.3" X-WAWS-Unencoded-URL="/ai-learning-tracker-bharath.git/info/refs?service=git-receive-pack" X-Client-IP="106.201.160.25" X-Client-Port="52688" >
  <step title="Cleanup Xml Logs" date="2025-06-28T13:37:30.303" /><!-- duration: 18ms -->
  <step title="InfoRefsService.Execute" date="2025-06-28T13:37:30.341" >
    <step title="Executing external process" date="2025-06-28T13:37:30.356" type="process" path="git" arguments="rev-parse --git-dir" /><!-- duration: 67ms -->
    <step title="Assuming git repository at /home/site/repository" date="2025-06-28T13:37:30.432" /><!-- duration: 3ms -->
    <step title="InfoRefsService.SmartInfoRefs" date="2025-06-28T13:37:30.438" >
      <step title="Executing external process" date="2025-06-28T13:37:30.451" type="process" path="git" arguments="rev-parse --git-dir" /><!-- duration: 29ms -->
      <step title="Assuming git repository at /home/site/repository" date="2025-06-28T13:37:30.482" /><!-- duration: 8ms -->
      <step title="GitExeServer.AdvertiseReceivePack" date="2025-06-28T13:37:30.496" >
        <step title="Executing external process" date="2025-06-28T13:37:30.499" type="process" path="git" arguments="receive-pack --stateless-rpc --advertise-refs &quot;/home/site/repository&quot;" /><!-- duration: 90ms -->
      </step><!-- duration: 100ms -->
      <step title="Writing 182 bytes" date="2025-06-28T13:37:30.600" /><!-- duration: 1ms -->
    </step><!-- duration: 169ms -->
  </step><!-- duration: 267ms -->
  <step title="Outgoing response" date="2025-06-28T13:37:30.624" type="response" statusCode="200" statusText="OK" /><!-- duration: 2ms -->
</step><!-- duration: 336ms -->
