<step title="Executing external process" date="2025-07-19T09:58:03.309" instance="831bc3" type="process" path="kudu.exe" arguments="/home/site /opt/Kudu/msbuild" >
  <step title="Cleanup Xml Logs" date="2025-07-19T09:58:03.408" >
    <step title="Cleanup Infos" date="2025-07-19T09:58:03.509" totalFiles="252" totalCleanup="92" /><!-- duration: 40ms -->
  </step><!-- duration: 160ms -->
  <step title="Deployment timer started" date="2025-07-19T09:58:03.698" >
    <step title="Executing external process" date="2025-07-19T09:58:03.741" type="process" path="git" arguments="log -n 1 master --" /><!-- duration: 391ms -->
    <step title="DeploymentManager.Deploy(id:cc2d9c3d14341bdc16897f2c5a86ce37d6864764)" date="2025-07-19T09:58:04.169" >
      <step title="Collecting changeset information" date="2025-07-19T09:58:04.293" /><!-- duration: 610ms -->
      <step title="Updating to specific changeset" date="2025-07-19T09:58:04.925" >
        <step title="Executing external process" date="2025-07-19T09:58:06.199" type="process" path="git" arguments="checkout master --force" /><!-- duration: 671ms -->
      </step><!-- duration: 1947ms -->
      <step title="Updating submodules" date="2025-07-19T09:58:06.877" /><!-- duration: 135ms -->
      <step title="Determining deployment builder" date="2025-07-19T09:58:07.239" >
        <step title="Builder is OryxBuilder" date="2025-07-19T09:58:07.294" /><!-- duration: 2ms -->
      </step><!-- duration: 70ms -->
      <step title="PreDeployment: context.CleanOutputPath False" date="2025-07-19T09:58:07.356" >
        <step title="PreDeployment: context.OutputPath /home/site/wwwroot" date="2025-07-19T09:58:07.501" >
          <step title="Building" date="2025-07-19T09:58:07.674" >
            <step title="Executing external process" date="2025-07-19T09:58:08.061" type="process" path="bash" arguments="-c &quot;oryx build /home/site/repository -o /home/site/wwwroot --platform python --platform-version 3.9 -p virtualenv_name=antenv --log-file /tmp/build-debug.log  -i /tmp/8ddc6aac2e6ebf3 --compress-destination-dir | tee /tmp/oryx-build.log ; exit $PIPESTATUS &quot;" /><!-- duration: 77378ms -->
            <step title="Using PythonDeploymentLogParser" date="2025-07-19T09:59:26.109" /><!-- duration: 11ms -->
            <step title="Triggering recycle (preview mode disabled)." date="2025-07-19T09:59:27.421" /><!-- duration: 8ms -->
            <step title="Modified file to trigger a restart of the app container." date="2025-07-19T09:59:27.460" /><!-- duration: 2ms -->
            <step title="Skip function trigger and logicapp sync because function is not enabled." date="2025-07-19T09:59:27.495" /><!-- duration: 3ms -->
            <step title="Purge deployment items" date="2025-07-19T09:59:28.442" >
              <step title="Remove f72e86990, Success, received at 07/19/2025 04:53:55" date="2025-07-19T09:59:28.504" /><!-- duration: 17ms -->
            </step><!-- duration: 82ms -->
          </step><!-- duration: 80922ms -->
        </step><!-- duration: 81098ms -->
        <step title="Cleaning up temp files" date="2025-07-19T09:59:28.601" /><!-- duration: 586ms -->
        <step title="Cleaning up temp files" date="2025-07-19T09:59:29.193" /><!-- duration: 515ms -->
        <step title="Reloading status file with latest updates" date="2025-07-19T09:59:29.745" >
          <step title="WebHooksManager.PublishEventAsync: PostDeployment" date="2025-07-19T09:59:29.755" /><!-- duration: 192ms -->
        </step><!-- duration: 205ms -->
        <step title="Executing external process" date="2025-07-19T09:59:29.976" type="process" path="git" arguments="log -n 1 master --" /><!-- duration: 73ms -->
      </step><!-- duration: 82695ms -->
      <step title="Perform deploy exiting successfully" date="2025-07-19T09:59:30.058" 