<step title="Incoming Request" date="2025-07-19T03:58:01.100" instance="831bc3" url="/ai-learning-tracker-bharath.git/info/refs?service=git-receive-pack" method="GET" type="request" pid="803,1,27" Accept="*/*" Host="ai-learning-tracker-bharath.scm.azurewebsites.net" User-Agent="git/2.50.1.windows.1" Accept-Encoding="deflate, gzip, br, zstd" Authorization="Bas..." Pragma="no-cache" X-ARR-LOG-ID="991213bc-d8d0-42fc-a8d3-6642cf7de614" CLIENT-IP="122.177.246.142:13970" X-SITE-DEPLOYMENT-ID="ai-learning-tracker-bharath" WAS-DEFAULT-HOSTNAME="ai-learning-tracker-bharath.scm.azurewebsites.net" X-Forwarded-Proto="https" X-AppService-Proto="https" X-Forwarded-TlsVersion="1.3" X-WAWS-Unencoded-URL="/ai-learning-tracker-bharath.git/info/refs?service=git-receive-pack" X-Client-IP="122.177.246.142" X-Client-Port="13970" >
  <step title="Cleanup Xml Logs" date="2025-07-19T03:58:01.254" >
    <step title="Cleanup Infos" date="2025-07-19T03:58:01.294" totalFiles="206" totalCleanup="46" /><!-- duration: 61ms -->
  </step><!-- duration: 115ms -->
  <step title="InfoRefsService.Execute" date="2025-07-19T03:58:01.909" >
    <step title="Executing external process" date="2025-07-19T03:58:02.065" type="process" path="git" arguments="rev-parse --git-dir" /><!-- duration: 455ms -->
    <step title="Assuming git repository at /home/site/repository" date="2025-07-19T03:58:02.558" /><!-- duration: 12ms -->
    <step title="InfoRefsService.SmartInfoRefs" date="2025-07-19T03:58:02.598" >
      <step title="Executing external process" date="2025-07-19T03:58:02.700" type="process" path="git" arguments="rev-parse --git-dir" /><!-- duration: 105ms -->
      <step title="Assuming git repository at /home/site/repository" date="2025-07-19T03:58:02.817" /><!-- duration: 8ms -->
      <step title="GitExeServer.AdvertiseReceivePack" date="2025-07-19T03:58:02.886" >
        <step title="Executing external process" date="2025-07-19T03:58:02.902" type="process" path="git" arguments="receive-pack --stateless-rpc --advertise-refs &quot;/home/site/repository&quot;" /><!-- duration: 267ms -->
      </step><!-- duration: 287ms -->
      <step title="Writing 182 bytes" date="2025-07-19T03:58:03.183" /><!-- duration: 20ms -->
    </step><!-- duration: 759ms -->
  </step><!-- duration: 1455ms -->
  <step title="Outgoing response" date="2025-07-19T03:58:03.567" type="response" statusCode="200" statusText="OK" /><!-- duration: 20ms -->
</step><!-- duration: 2498ms -->
