<step title="Incoming Request" date="2025-07-19T08:16:17.717" instance="831bc3" url="/ai-learning-tracker-bharath.git/git-receive-pack" method="POST" type="request" pid="803,1,84" Accept="application/x-git-receive-pack-result" Host="ai-learning-tracker-bharath.scm.azurewebsites.net" User-Agent="git/2.50.1.windows.1" Accept-Encoding="deflate, gzip, br, zstd" Authorization="Bas..." Content-Type="application/x-git-receive-pack-request" Content-Length="1780" X-ARR-LOG-ID="7ce65f7b-a2f2-464f-9c70-6c84e2c3181e" CLIENT-IP="122.177.246.142:31029" X-SITE-DEPLOYMENT-ID="ai-learning-tracker-bharath" WAS-DEFAULT-HOSTNAME="ai-learning-tracker-bharath.scm.azurewebsites.net" X-Forwarded-Proto="https" X-AppService-Proto="https" X-Forwarded-TlsVersion="1.3" X-WAWS-Unencoded-URL="/ai-learning-tracker-bharath.git/git-receive-pack" X-Client-IP="122.177.246.142" X-Client-Port="31029" >
  <step title="RpcService.ReceivePack" date="2025-07-19T08:16:17.733" >
    <step title="Executing external process" date="2025-07-19T08:16:17.750" type="process" path="git" arguments="rev-parse --git-dir" /><!-- duration: 27ms -->
    <step title="Assuming git repository at /home/site/repository" date="2025-07-19T08:16:17.780" /><!-- duration: 3ms -->
    <step title="Acquiring Deployment Lock" date="2025-07-19T08:16:17.790" /><!-- duration: 2ms -->
    <step title="Acquired Deployment Lock" date="2025-07-19T08:16:17.833" /><!-- duration: 1ms -->
    <step title="Creating temporary deployment" date="2025-07-19T08:16:17.841" /><!-- duration: 174ms -->
    <step title="GitExeServer.Receive" date="2025-07-19T08:16:18.022" >
      <step title="Executing external process" date="2025-07-19T08:16:18.026" type="process" path="git" arguments="receive-pack --stateless-rpc &quot;/home/site/repository&quot;" /><!-- duration: 140913ms -->
    </step><!-- duration: 140927ms -->
    <step title="Releasing Deployment Lock" date="2025-07-19T08:18:39.060" /><!-- duration: 2ms -->
  </step><!-- duration: 141338ms -->
  <step title="Outgoing response" date="2025-07-19T08:18:39.075" type="response" statusCode="200" statusText="OK" /><!-- duration: 3ms -->
</step><!-- duration: 141363ms -->
