<step title="Incoming Request" date="2025-07-05T17:46:31.460" instance="978831" url="/ai-learning-tracker-bharath.git/info/refs?service=git-receive-pack" method="GET" type="request" pid="803,1,21" Accept="*/*" Host="ai-learning-tracker-bharath.scm.azurewebsites.net" User-Agent="git/2.50.0.windows.2" Accept-Encoding="deflate, gzip, br, zstd" Authorization="Bas..." Pragma="no-cache" X-ARR-LOG-ID="00c2a4f8-e7fc-4d41-89db-02e8981305ef" CLIENT-IP="136.185.80.59:62628" X-SITE-DEPLOYMENT-ID="ai-learning-tracker-bharath" WAS-DEFAULT-HOSTNAME="ai-learning-tracker-bharath.scm.azurewebsites.net" X-Forwarded-Proto="https" X-AppService-Proto="https" X-Forwarded-TlsVersion="1.3" X-WAWS-Unencoded-URL="/ai-learning-tracker-bharath.git/info/refs?service=git-receive-pack" X-Client-IP="136.185.80.59" X-Client-Port="62628" >
  <step title="Cleanup Xml Logs" date="2025-07-05T17:46:31.465" /><!-- duration: 10ms -->
  <step title="InfoRefsService.Execute" date="2025-07-05T17:46:31.507" >
    <step title="Executing external process" date="2025-07-05T17:46:31.524" type="process" path="git" arguments="rev-parse --git-dir" /><!-- duration: 39ms -->
    <step title="Assuming git repository at /home/site/repository" date="2025-07-05T17:46:31.568" /><!-- duration: 2ms -->
    <step title="InfoRefsService.SmartInfoRefs" date="2025-07-05T17:46:31.575" >
      <step title="Executing external process" date="2025-07-05T17:46:31.592" type="process" path="git" arguments="rev-parse --git-dir" /><!-- duration: 20ms -->
      <step title="Assuming git repository at /home/site/repository" date="2025-07-05T17:46:31.618" /><!-- duration: 3ms -->
      <step title="GitExeServer.AdvertiseReceivePack" date="2025-07-05T17:46:31.626" >
        <step title="Executing external process" date="2025-07-05T17:46:31.629" type="process" path="git" arguments="receive-pack --stateless-rpc --advertise-refs &quot;/home/site/repository&quot;" /><!-- duration: 40ms -->
      </step><!-- duration: 63ms -->
      <step title="Writing 182 bytes" date="2025-07-05T17:46:31.692" /><!-- duration: 2ms -->
    </step><!-- duration: 128ms -->
  </step><!-- duration: 198ms -->
  <step title="Outgoing response" date="2025-07-05T17:46:31.714" type="response" statusCode="200" statusText="OK" /><!-- duration: 6ms -->
</step><!-- duration: 270ms -->
