<step title="Executing external process" date="2025-07-18T02:26:14.187" instance="831bc3" type="process" path="kudu.exe" arguments="/home/site /opt/Kudu/msbuild" >
  <step title="Cleanup Xml Logs" date="2025-07-18T02:26:14.214" /><!-- duration: 40ms -->
  <step title="Deployment timer started" date="2025-07-18T02:26:14.305" >
    <step title="Executing external process" date="2025-07-18T02:26:14.335" type="process" path="git" arguments="log -n 1 master --" /><!-- duration: 165ms -->
    <step title="DeploymentManager.Deploy(id:abff74efc23cbd5e3b614743734c62d511043222)" date="2025-07-18T02:26:14.518" >
      <step title="Collecting changeset information" date="2025-07-18T02:26:14.568" /><!-- duration: 227ms -->
      <step title="Updating to specific changeset" date="2025-07-18T02:26:14.802" >
        <step title="Executing external process" date="2025-07-18T02:26:16.011" type="process" path="git" arguments="checkout master --force" /><!-- duration: 958ms -->
      </step><!-- duration: 2169ms -->
      <step title="Updating submodules" date="2025-07-18T02:26:16.975" /><!-- duration: 390ms -->
      <step title="Determining deployment builder" date="2025-07-18T02:26:17.579" >
        <step title="Builder is OryxBuilder" date="2025-07-18T02:26:17.618" /><!-- duration: 2ms -->
      </step><!-- duration: 46ms -->
      <step title="PreDeployment: context.CleanOutputPath False" date="2025-07-18T02:26:17.674" >
        <step title="PreDeployment: context.OutputPath /home/site/wwwroot" date="2025-07-18T02:26:17.816" >
          <step title="Building" date="2025-07-18T02:26:17.968" >
            <step title="Executing external process" date="2025-07-18T02:26:18.311" type="process" path="bash" arguments="-c &quot;oryx build /home/site/repository -o /home/site/wwwroot --platform python --platform-version 3.9 -p virtualenv_name=antenv --log-file /tmp/build-debug.log  -i /tmp/8ddc5a279dce9a6 --compress-destination-dir | tee /tmp/oryx-build.log ; exit $PIPESTATUS &quot;" /><!-- duration: 83424ms -->
            <step title="Using PythonDeploymentLogParser" date="2025-07-18T02:27:42.193" /><!-- duration: 8ms -->
            <step title="Triggering recycle (preview mode disabled)." date="2025-07-18T02:27:43.636" /><!-- duration: 2ms -->
            <step title="Modified file to trigger a restart of the app container." date="2025-07-18T02:27:43.659" /><!-- duration: 2ms -->
            <step title="Skip function trigger and logicapp sync because function is not enabled." date="2025-07-18T02:27:43.685" /><!-- duration: 8ms -->
            <step title="Purge deployment items" date="2025-07-18T02:27:45.188" >
              <step title="Remove a0678e5f5, Success, received at 07/05/2025 05:53:32" date="2025-07-18T02:27:45.299" /><!-- duration: 2ms -->
            </step><!-- duration: 116ms -->
          </step><!-- duration: 87408ms -->
        </step><!-- duration: 87579ms -->
        <step title="Cleaning up temp files" date="2025-07-18T02:27:45.413" /><!-- duration: 1655ms -->
        <step title="Cleaning up temp files" date="2025-07-18T02:27:47.097" /><!-- duration: 592ms -->
        <step title="Reloading status file with latest updates" date="2025-07-18T02:27:47.819" >
          <step title="WebHooksManager.PublishEventAsync: PostDeployment" date="2025-07-18T02:27:47.877" /><!-- duration: 1004ms -->
        </step><!-- duration: 1071ms -->
        <step title="Executing external process" date="2025-07-18T02:27:48.997" type="process" path="git" arguments="log -n 1 master --" /><!-- duration: 488ms -->
      </step><!-- duration: 91925ms -->
      <step title="Perform deploy exiting successfully" date="2025-07-18T02:27:49.627" 