<step title="Executing external process" date="2025-06-28T06:45:43.615" instance="978831" type="process" path="kudu.exe" arguments="/home/site /opt/Kudu/msbuild" >
  <step title="Cleanup Xml Logs" date="2025-06-28T06:45:43.630" /><!-- duration: 9ms -->
  <step title="Deployment timer started" date="2025-06-28T06:45:43.713" >
    <step title="Executing external process" date="2025-06-28T06:45:43.754" type="process" path="git" arguments="log -n 1 master --" /><!-- duration: 138ms -->
    <step title="DeploymentManager.Deploy(id:1621e5076040bffa8aea228468f98f346295f884)" date="2025-06-28T06:45:43.911" >
      <step title="Collecting changeset information" date="2025-06-28T06:45:43.936" /><!-- duration: 260ms -->
      <step title="Updating to specific changeset" date="2025-06-28T06:45:44.201" >
        <step title="Executing external process" date="2025-06-28T06:45:45.321" type="process" path="git" arguments="checkout master --force" /><!-- duration: 1461ms -->
      </step><!-- duration: 2586ms -->
      <step title="Updating submodules" date="2025-06-28T06:45:46.794" /><!-- duration: 119ms -->
      <step title="Determining deployment builder" date="2025-06-28T06:45:47.118" >
        <step title="Builder is OryxBuilder" date="2025-06-28T06:45:47.153" /><!-- duration: 2ms -->
      </step><!-- duration: 40ms -->
      <step title="PreDeployment: context.CleanOutputPath False" date="2025-06-28T06:45:47.192" >
        <step title="PreDeployment: context.OutputPath /home/site/wwwroot" date="2025-06-28T06:45:47.283" >
          <step title="Building" date="2025-06-28T06:45:47.366" >
            <step title="Executing external process" date="2025-06-28T06:45:47.603" type="process" path="bash" arguments="-c &quot;oryx build /home/site/repository -o /home/site/wwwroot --platform python --platform-version 3.9 -p virtualenv_name=antenv --log-file /tmp/build-debug.log  -i /tmp/8ddb60f69c286f5 --compress-destination-dir | tee /tmp/oryx-build.log ; exit $PIPESTATUS &quot;" /><!-- duration: 83524ms -->
            <step title="Using PythonDeploymentLogParser" date="2025-06-28T06:47:11.790" /><!-- duration: 8ms -->
            <step title="Triggering recycle (preview mode disabled)." date="2025-06-28T06:47:13.584" /><!-- duration: 9ms -->
            <step title="Modified file to trigger a restart of the app container." date="2025-06-28T06:47:13.616" /><!-- duration: 9ms -->
            <step title="Skip function trigger and logicapp sync because function is not enabled." date="2025-06-28T06:47:13.691" /><!-- duration: 19ms -->
          </step><!-- duration: 87610ms -->
        </step><!-- duration: 87722ms -->
        <step title="Cleaning up temp files" date="2025-06-28T06:47:15.016" /><!-- duration: 2216ms -->
        <step title="Cleaning up temp files" date="2025-06-28T06:47:17.244" /><!-- duration: 539ms -->
        <step title="Reloading status file with latest updates" date="2025-06-28T06:47:17.823" >
          <step title="WebHooksManager.PublishEventAsync: PostDeployment" date="2025-06-28T06:47:17.862" /><!-- duration: 619ms -->
        </step><!-- duration: 669ms -->
        <step title="Executing external process" date="2025-06-28T06:47:18.561" type="process" path="git" arguments="log -n 1 master --" /><!-- duration: 341ms -->
      </step><!-- duration: 91728ms -->
      <step title="Perform deploy exiting successfully" date="2025-06-28T06:47:18.976" 