<step title="Executing external process" date="2025-07-05T06:35:11.703" instance="978831" type="process" path="kudu.exe" arguments="/home/site /opt/Kudu/msbuild" >
  <step title="Cleanup Xml Logs" date="2025-07-05T06:35:11.729" /><!-- duration: 10ms -->
  <step title="Deployment timer started" date="2025-07-05T06:35:11.809" >
    <step title="Executing external process" date="2025-07-05T06:35:11.841" type="process" path="git" arguments="log -n 1 master --" /><!-- duration: 173ms -->
    <step title="DeploymentManager.Deploy(id:56d4d546cc9cf27472054159c51ac95e7fe8c391)" date="2025-07-05T06:35:12.033" >
      <step title="Collecting changeset information" date="2025-07-05T06:35:12.073" /><!-- duration: 300ms -->
      <step title="Updating to specific changeset" date="2025-07-05T06:35:12.377" >
        <step title="Executing external process" date="2025-07-05T06:35:13.512" type="process" path="git" arguments="checkout master --force" /><!-- duration: 700ms -->
      </step><!-- duration: 1837ms -->
      <step title="Updating submodules" date="2025-07-05T06:35:14.217" /><!-- duration: 110ms -->
      <step title="Determining deployment builder" date="2025-07-05T06:35:14.477" >
        <step title="Builder is OryxBuilder" date="2025-07-05T06:35:14.508" /><!-- duration: 2ms -->
      </step><!-- duration: 47ms -->
      <step title="PreDeployment: context.CleanOutputPath False" date="2025-07-05T06:35:14.564" >
        <step title="PreDeployment: context.OutputPath /home/site/wwwroot" date="2025-07-05T06:35:14.652" >
          <step title="Building" date="2025-07-05T06:35:14.754" >
            <step title="Executing external process" date="2025-07-05T06:35:15.114" type="process" path="bash" arguments="-c &quot;oryx build /home/site/repository -o /home/site/wwwroot --platform python --platform-version 3.9 -p virtualenv_name=antenv --log-file /tmp/build-debug.log  -i /tmp/8ddbb8e199277b4 --compress-destination-dir | tee /tmp/oryx-build.log ; exit $PIPESTATUS &quot;" /><!-- duration: 57847ms -->
            <step title="Using PythonDeploymentLogParser" date="2025-07-05T06:36:13.338" /><!-- duration: 2ms -->
            <step title="Triggering recycle (preview mode disabled)." date="2025-07-05T06:36:14.074" /><!-- duration: 2ms -->
            <step title="Modified file to trigger a restart of the app container." date="2025-07-05T06:36:14.115" /><!-- duration: 2ms -->
            <step title="Skip function trigger and logicapp sync because function is not enabled." date="2025-07-05T06:36:14.141" /><!-- duration: 2ms -->
            <step title="Purge deployment items" date="2025-07-05T06:36:14.890" >
              <step title="Remove 365add6c3, Success, received at 07/01/2025 14:06:07" date="2025-07-05T06:36:14.924" /><!-- duration: 2ms -->
            </step><!-- duration: 38ms -->
          </step><!-- duration: 60214ms -->
        </step><!-- duration: 60321ms -->
        <step title="Cleaning up temp files" date="2025-07-05T06:36:14.975" /><!-- duration: 1999ms -->
        <step title="Cleaning up temp files" date="2025-07-05T06:36:16.975" /><!-- duration: 509ms -->
        <step title="Reloading status file with latest updates" date="2025-07-05T06:36:17.519" >
          <step title="WebHooksManager.PublishEventAsync: PostDeployment" date="2025-07-05T06:36:17.531" /><!-- duration: 266ms -->
        </step><!-- duration: 281ms -->
        <step title="Executing external process" date="2025-07-05T06:36:17.822" type="process" path="git" arguments="log -n 1 master --" /><!-- duration: 61ms -->
      </step><!-- duration: 63321ms -->
      <step title="Perform deploy exiting successfully" date="2025-07-05T06:36:17.892" 