<step title="Incoming Request" date="2025-07-21T04:26:13.557" instance="831bc3" url="/ai-learning-tracker-bharath.git/info/refs?service=git-receive-pack" method="GET" type="request" pid="807,1,39" Accept="*/*" Host="ai-learning-tracker-bharath.scm.azurewebsites.net" User-Agent="git/2.50.1.windows.1" Accept-Encoding="deflate, gzip, br, zstd" Authorization="Bas..." Pragma="no-cache" X-ARR-LOG-ID="f77abb0a-4d77-48cb-b627-03f80e3797d6" CLIENT-IP="122.177.245.132:1681" X-SITE-DEPLOYMENT-ID="ai-learning-tracker-bharath" WAS-DEFAULT-HOSTNAME="ai-learning-tracker-bharath.scm.azurewebsites.net" X-Forwarded-Proto="https" X-AppService-Proto="https" X-Forwarded-TlsVersion="1.3" X-WAWS-Unencoded-URL="/ai-learning-tracker-bharath.git/info/refs?service=git-receive-pack" X-Client-IP="122.177.245.132" X-Client-Port="1681" >
  <step title="Cleanup Xml Logs" date="2025-07-21T04:26:13.562" >
    <step title="Cleanup Infos" date="2025-07-21T04:26:13.581" totalFiles="284" totalCleanup="124" /><!-- duration: 9ms -->
  </step><!-- duration: 33ms -->
  <step title="InfoRefsService.Execute" date="2025-07-21T04:26:13.663" >
    <step title="Executing external process" date="2025-07-21T04:26:13.685" type="process" path="git" arguments="rev-parse --git-dir" /><!-- duration: 42ms -->
    <step title="Assuming git repository at /home/site/repository" date="2025-07-21T04:26:13.732" /><!-- duration: 3ms -->
    <step title="InfoRefsService.SmartInfoRefs" date="2025-07-21T04:26:13.740" >
      <step title="Executing external process" date="2025-07-21T04:26:13.772" type="process" path="git" arguments="rev-parse --git-dir" /><!-- duration: 23ms -->
      <step title="Assuming git repository at /home/site/repository" date="2025-07-21T04:26:13.798" /><!-- duration: 7ms -->
      <step title="GitExeServer.AdvertiseReceivePack" date="2025-07-21T04:26:13.813" >
        <step title="Executing external process" date="2025-07-21T04:26:13.816" type="process" path="git" arguments="receive-pack --stateless-rpc --advertise-refs &quot;/home/site/repository&quot;" /><!-- duration: 51ms -->
      </step><!-- duration: 57ms -->
      <step title="Writing 182 bytes" date="2025-07-21T04:26:13.876" /><!-- duration: 2ms -->
    </step><!-- duration: 141ms -->
  </step><!-- duration: 221ms -->
  <step title="Outgoing response" date="2025-07-21T04:26:13.893" type="response" statusCode="200" statusText="OK" /><!-- duration: 2ms -->
</step><!-- duration: 343ms -->
