<step title="Incoming Request" date="2025-07-05T06:24:01.855" instance="978831" url="/ai-learning-tracker-bharath.git/git-receive-pack" method="POST" type="request" pid="802,1,15" Accept="application/x-git-receive-pack-result" Host="ai-learning-tracker-bharath.scm.azurewebsites.net" User-Agent="git/2.50.0.windows.2" Accept-Encoding="deflate, gzip, br, zstd" Authorization="Bas..." Content-Type="application/x-git-receive-pack-request" Content-Length="1853" X-ARR-LOG-ID="3c738559-c16f-4a0f-b9ad-838d5a22b02b" CLIENT-IP="136.185.80.59:53097" X-SITE-DEPLOYMENT-ID="ai-learning-tracker-bharath" WAS-DEFAULT-HOSTNAME="ai-learning-tracker-bharath.scm.azurewebsites.net" X-Forwarded-Proto="https" X-AppService-Proto="https" X-Forwarded-TlsVersion="1.3" X-WAWS-Unencoded-URL="/ai-learning-tracker-bharath.git/git-receive-pack" X-Client-IP="136.185.80.59" X-Client-Port="53097" >
  <step title="RpcService.ReceivePack" date="2025-07-05T06:24:01.989" >
    <step title="Executing external process" date="2025-07-05T06:24:02.001" type="process" path="git" arguments="rev-parse --git-dir" /><!-- duration: 143ms -->
    <step title="Assuming git repository at /home/site/repository" date="2025-07-05T06:24:02.147" /><!-- duration: 9ms -->
    <step title="Acquiring Deployment Lock" date="2025-07-05T06:24:02.165" /><!-- duration: 8ms -->
    <step title="Acquired Deployment Lock" date="2025-07-05T06:24:02.320" /><!-- duration: 4ms -->
    <step title="Creating temporary deployment" date="2025-07-05T06:24:02.352" /><!-- duration: 224ms -->
    <step title="GitExeServer.Receive" date="2025-07-05T06:24:02.578" >
      <step title="Executing external process" date="2025-07-05T06:24:02.646" type="process" path="git" arguments="receive-pack --stateless-rpc &quot;/home/site/repository&quot;" /><!-- duration: 95226ms -->
    </step><!-- duration: 95300ms -->
    <step title="Releasing Deployment Lock" date="2025-07-05T06:25:37.955" /><!-- duration: 2ms -->
  </step><!-- duration: 95973ms -->
  <step title="Outgoing response" date="2025-07-05T06:25:37.972" type="response" statusCode="200" statusText="OK" /><!-- duration: 2ms -->
</step><!-- duration: 96120ms -->
