<step title="Incoming Request" date="2025-06-30T19:12:02.675" instance="978831" url="/ai-learning-tracker-bharath.git/git-receive-pack" method="POST" type="request" pid="807,1,81" Accept="application/x-git-receive-pack-result" Host="ai-learning-tracker-bharath.scm.azurewebsites.net" User-Agent="git/2.50.0.windows.1" Accept-Encoding="deflate, gzip, br, zstd" Authorization="Bas..." Content-Type="application/x-git-receive-pack-request" Content-Length="748" X-ARR-LOG-ID="b2b04c87-6674-42cd-9dd1-d509d0ae3134" CLIENT-IP="106.201.160.25:61954" X-SITE-DEPLOYMENT-ID="ai-learning-tracker-bharath" WAS-DEFAULT-HOSTNAME="ai-learning-tracker-bharath.scm.azurewebsites.net" X-Forwarded-Proto="https" X-AppService-Proto="https" X-Forwarded-TlsVersion="1.3" X-WAWS-Unencoded-URL="/ai-learning-tracker-bharath.git/git-receive-pack" X-Client-IP="106.201.160.25" X-Client-Port="61954" >
  <step title="RpcService.ReceivePack" date="2025-06-30T19:12:02.705" >
    <step title="Executing external process" date="2025-06-30T19:12:02.724" type="process" path="git" arguments="rev-parse --git-dir" /><!-- duration: 65ms -->
    <step title="Assuming git repository at /home/site/repository" date="2025-06-30T19:12:02.799" /><!-- duration: 10ms -->
    <step title="Acquiring Deployment Lock" date="2025-06-30T19:12:02.818" /><!-- duration: 3ms -->
    <step title="Acquired Deployment Lock" date="2025-06-30T19:12:02.879" /><!-- duration: 8ms -->
    <step title="Creating temporary deployment" date="2025-06-30T19:12:02.905" /><!-- duration: 138ms -->
    <step title="GitExeServer.Receive" date="2025-06-30T19:12:03.052" >
      <step title="Executing external process" date="2025-06-30T19:12:03.177" type="process" path="git" arguments="receive-pack --stateless-rpc &quot;/home/site/repository&quot;" /><!-- duration: 83933ms -->
    </step><!-- duration: 84077ms -->
    <step title="Releasing Deployment Lock" date="2025-06-30T19:13:27.198" /><!-- duration: 5ms -->
  </step><!-- duration: 84508ms -->
  <step title="Outgoing response" date="2025-06-30T19:13:27.222" type="response" statusCode="200" statusText="OK" /><!-- duration: 7ms -->
</step><!-- duration: 84556ms -->
