<step title="Incoming Request" date="2025-06-29T16:10:00.859" instance="978831" url="/ai-learning-tracker-bharath.git/git-receive-pack" method="POST" type="request" pid="807,1,89" Accept="application/x-git-receive-pack-result" Host="ai-learning-tracker-bharath.scm.azurewebsites.net" User-Agent="git/2.50.0.windows.1" Accept-Encoding="deflate, gzip, br, zstd" Authorization="Bas..." Content-Type="application/x-git-receive-pack-request" Content-Length="846" X-ARR-LOG-ID="9f9803aa-7c63-4475-b1c2-f784706544ba" CLIENT-IP="106.201.160.25:62275" X-SITE-DEPLOYMENT-ID="ai-learning-tracker-bharath" WAS-DEFAULT-HOSTNAME="ai-learning-tracker-bharath.scm.azurewebsites.net" X-Forwarded-Proto="https" X-AppService-Proto="https" X-Forwarded-TlsVersion="1.3" X-WAWS-Unencoded-URL="/ai-learning-tracker-bharath.git/git-receive-pack" X-Client-IP="106.201.160.25" X-Client-Port="62275" >
  <step title="RpcService.ReceivePack" date="2025-06-29T16:10:00.984" >
    <step title="Executing external process" date="2025-06-29T16:10:01.013" type="process" path="git" arguments="rev-parse --git-dir" /><!-- duration: 58ms -->
    <step title="Assuming git repository at /home/site/repository" date="2025-06-29T16:10:01.079" /><!-- duration: 10ms -->
    <step title="Acquiring Deployment Lock" date="2025-06-29T16:10:01.109" /><!-- duration: 19ms -->
    <step title="Acquired Deployment Lock" date="2025-06-29T16:10:01.231" /><!-- duration: 9ms -->
    <step title="Creating temporary deployment" date="2025-06-29T16:10:01.253" /><!-- duration: 154ms -->
    <step title="GitExeServer.Receive" date="2025-06-29T16:10:01.414" >
      <step title="Executing external process" date="2025-06-29T16:10:01.417" type="process" path="git" arguments="receive-pack --stateless-rpc &quot;/home/site/repository&quot;" /><!-- duration: 66511ms -->
    </step><!-- duration: 66519ms -->
    <step title="Releasing Deployment Lock" date="2025-06-29T16:11:08.074" /><!-- duration: 6ms -->
  </step><!-- duration: 67104ms -->
  <step title="Outgoing response" date="2025-06-29T16:11:08.098" type="response" statusCode="200" statusText="OK" /><!-- duration: 8ms -->
</step><!-- duration: 67250ms -->
