<step title="Executing external process" date="2025-06-29T17:07:58.759" instance="978831" type="process" path="kudu.exe" arguments="/home/site /opt/Kudu/msbuild" >
  <step title="Cleanup Xml Logs" date="2025-06-29T17:07:58.798" /><!-- duration: 22ms -->
  <step title="Deployment timer started" date="2025-06-29T17:07:58.890" >
    <step title="Executing external process" date="2025-06-29T17:07:58.918" type="process" path="git" arguments="log -n 1 master --" /><!-- duration: 168ms -->
    <step title="DeploymentManager.Deploy(id:1ee8762fc04d54b8eda74681bd168ef6de5bae31)" date="2025-06-29T17:07:59.104" >
      <step title="Collecting changeset information" date="2025-06-29T17:07:59.155" /><!-- duration: 218ms -->
      <step title="Updating to specific changeset" date="2025-06-29T17:07:59.381" >
        <step title="Executing external process" date="2025-06-29T17:08:00.571" type="process" path="git" arguments="checkout master --force" /><!-- duration: 817ms -->
      </step><!-- duration: 2045ms -->
      <step title="Updating submodules" date="2025-06-29T17:08:01.435" /><!-- duration: 517ms -->
      <step title="Determining deployment builder" date="2025-06-29T17:08:02.473" >
        <step title="Builder is OryxBuilder" date="2025-06-29T17:08:02.551" /><!-- duration: 8ms -->
      </step><!-- duration: 124ms -->
      <step title="PreDeployment: context.CleanOutputPath False" date="2025-06-29T17:08:02.727" >
        <step title="PreDeployment: context.OutputPath /home/site/wwwroot" date="2025-06-29T17:08:02.931" >
          <step title="Building" date="2025-06-29T17:08:03.143" >
            <step title="Executing external process" date="2025-06-29T17:08:03.813" type="process" path="bash" arguments="-c &quot;oryx build /home/site/repository -o /home/site/wwwroot --platform python --platform-version 3.9 -p virtualenv_name=antenv --log-file /tmp/build-debug.log  -i /tmp/8ddb72f81d753c4 --compress-destination-dir | tee /tmp/oryx-build.log ; exit $PIPESTATUS &quot;" /><!-- duration: 53070ms -->
            <step title="Using PythonDeploymentLogParser" date="2025-06-29T17:08:57.231" /><!-- duration: 3ms -->
            <step title="Triggering recycle (preview mode disabled)." date="2025-06-29T17:08:57.992" /><!-- duration: 9ms -->
            <step title="Modified file to trigger a restart of the app container." date="2025-06-29T17:08:58.029" /><!-- duration: 3ms -->
            <step title="Skip function trigger and logicapp sync because function is not enabled." date="2025-06-29T17:08:58.059" /><!-- duration: 2ms -->
            <step title="Purge deployment items" date="2025-06-29T17:08:58.895" >
              <step title="Remove bddfcde3a, Success, received at 06/28/2025 13:10:41" date="2025-06-29T17:08:58.948" /><!-- duration: 4ms -->
            </step><!-- duration: 59ms -->
          </step><!-- duration: 55847ms -->
        </step><!-- duration: 56062ms -->
        <step title="Cleaning up temp files" date="2025-06-29T17:08:58.995" /><!-- duration: 1766ms -->
        <step title="Cleaning up temp files" date="2025-06-29T17:09:00.766" /><!-- duration: 516ms -->
        <step title="Reloading status file with latest updates" date="2025-06-29T17:09:01.324" >
          <step title="WebHooksManager.PublishEventAsync: PostDeployment" date="2025-06-29T17:09:01.370" /><!-- duration: 215ms -->
        </step><!-- duration: 264ms -->
        <step title="Executing external process" date="2025-06-29T17:09:01.605" type="process" path="git" arguments="log -n 1 master --" /><!-- duration: 70ms -->
      </step><!-- duration: 58951ms -->
      <step title="Perform deploy exiting successfully" date="2025-06-29T17:09:01.685" 