<step title="Executing external process" date="2025-07-27T20:04:28.369" instance="831bc3" type="process" path="kudu.exe" arguments="/home/site /opt/Kudu/msbuild" >
  <step title="Cleanup Xml Logs" date="2025-07-27T20:04:28.384" >
    <step title="Cleanup Infos" date="2025-07-27T20:04:28.397" totalFiles="352" totalCleanup="192" /><!-- duration: 5ms -->
  </step><!-- duration: 27ms -->
  <step title="Deployment timer started" date="2025-07-27T20:04:28.463" >
    <step title="Executing external process" date="2025-07-27T20:04:28.494" type="process" path="git" arguments="log -n 1 master --" /><!-- duration: 159ms -->
    <step title="DeploymentManager.Deploy(id:ffe69da4365ac86b6d4a39eecb2fc2e1c8ff777e)" date="2025-07-27T20:04:28.664" >
      <step title="Collecting changeset information" date="2025-07-27T20:04:28.698" /><!-- duration: 273ms -->
      <step title="Updating to specific changeset" date="2025-07-27T20:04:28.993" >
        <step title="Executing external process" date="2025-07-27T20:04:30.237" type="process" path="git" arguments="checkout master --force" /><!-- duration: 1271ms -->
      </step><!-- duration: 2520ms -->
      <step title="Updating submodules" date="2025-07-27T20:04:31.517" /><!-- duration: 134ms -->
      <step title="Determining deployment builder" date="2025-07-27T20:04:31.871" >
        <step title="Builder is OryxBuilder" date="2025-07-27T20:04:31.889" /><!-- duration: 2ms -->
      </step><!-- duration: 25ms -->
      <step title="PreDeployment: context.CleanOutputPath False" date="2025-07-27T20:04:31.932" >
        <step title="PreDeployment: context.OutputPath /home/site/wwwroot" date="2025-07-27T20:04:32.041" >
          <step title="Building" date="2025-07-27T20:04:32.138" >
            <step title="Executing external process" date="2025-07-27T20:04:32.620" type="process" path="bash" arguments="-c &quot;oryx build /home/site/repository -o /home/site/wwwroot --platform python --platform-version 3.9 -p virtualenv_name=antenv --log-file /tmp/build-debug.log  -i /tmp/8ddcd48cd1c2524 --compress-destination-dir | tee /tmp/oryx-build.log ; exit $PIPESTATUS &quot;" >
              <step title="Cpu: python(10254,43.360s)+ts(10255,0.170s)+build.sh(10253,0.000s)+build.sh(10252,0.000s)+build.sh(10136,0.080s)+oryx(10114,4.690s)+tee(10115,0.000s)+bash(10113,0.000s)=total(48.280s)" date="2025-07-27T20:06:40.221" /><!-- duration: 31ms -->
              <step title="bash: no io activity for 61s, prev-cpu=-1.000s, current-cpu=48.280s" date="2025-07-27T20:06:40.280" /><!-- duration: 20ms -->
            </step><!-- duration: 258506ms -->
            <step title="Using PythonDeploymentLogParser" date="2025-07-27T20:08:51.627" /><!-- duration: 9ms -->
            <step title="Triggering recycle (preview mode disabled)." date="2025-07-27T20:08:52.604" /><!-- duration: 4ms -->
            <step title="Modified file to trigger a restart of the app container." date="2025-07-27T20:08:52.636" /><!-- duration: 3ms -->
            <step title="Skip function trigger and logicapp sync because function is not enabled." date="2025-07-27T20:08:52.662" /><!-- duration: 3ms -->
            <step title="Purge deployment items" date="2025-07-27T20:08:53.553" >
              <step title="Remove 4f8e1c9fb, Success, received at 07/21/2025 08:00:46" date="2025-07-27T20:08:53.598" /><!-- duration: 3ms -->
            </step><!-- duration: 52ms -->
          </step><!-- duration: 261602ms -->
        </step><!-- duration: 261706ms -->
        <step title="Cleaning up temp files" date="2025-07-27T20:08:53.749" /><!-- duration: 3723ms -->
        <step title="Cleaning up temp files" date="2025-07-27T20:08:57.490" /><!-- duration: 514ms -->
        <step title="Reloading status file with latest updates" date="2025-07-27T20:08:58.035" >
          <step title="WebHooksManager.PublishEventAsync: PostDeployment" date="2025-07-27T20:08:58.040" /><!-- duration: 362ms -->
        </step><!-- duration: 374ms -->
        <step title="Executing external process" date="2025-07-27T20:08:58.451" type="process" path="git" arguments="log -n 1 master --" /><!-- duration: 200ms -->
      </step><!-- duration: 266749ms -->
      <step title="Perform deploy exiting successfully" date="2025-07-27T20:08:58.691" 