<step title="Executing external process" date="2025-07-21T05:54:08.864" instance="831bc3" type="process" path="kudu.exe" arguments="/home/site /opt/Kudu/msbuild" >
  <step title="Cleanup Xml Logs" date="2025-07-21T05:54:08.883" >
    <step title="Cleanup Infos" date="2025-07-21T05:54:08.897" totalFiles="300" totalCleanup="140" /><!-- duration: 6ms -->
  </step><!-- duration: 25ms -->
  <step title="Deployment timer started" date="2025-07-21T05:54:08.955" >
    <step title="Executing external process" date="2025-07-21T05:54:08.984" type="process" path="git" arguments="log -n 1 master --" /><!-- duration: 172ms -->
    <step title="DeploymentManager.Deploy(id:20d0051f51946a823fe41234721fb3b851e5bbbc)" date="2025-07-21T05:54:09.168" >
      <step title="Collecting changeset information" date="2025-07-21T05:54:09.217" /><!-- duration: 265ms -->
      <step title="Updating to specific changeset" date="2025-07-21T05:54:09.491" >
        <step title="Executing external process" date="2025-07-21T05:54:10.674" type="process" path="git" arguments="checkout master --force" /><!-- duration: 1252ms -->
      </step><!-- duration: 2441ms -->
      <step title="Updating submodules" date="2025-07-21T05:54:11.938" /><!-- duration: 183ms -->
      <step title="Determining deployment builder" date="2025-07-21T05:54:12.366" >
        <step title="Builder is OryxBuilder" date="2025-07-21T05:54:12.395" /><!-- duration: 4ms -->
      </step><!-- duration: 47ms -->
      <step title="PreDeployment: context.CleanOutputPath False" date="2025-07-21T05:54:12.452" >
        <step title="PreDeployment: context.OutputPath /home/site/wwwroot" date="2025-07-21T05:54:12.577" >
          <step title="Building" date="2025-07-21T05:54:12.712" >
            <step title="Executing external process" date="2025-07-21T05:54:13.062" type="process" path="bash" arguments="-c &quot;oryx build /home/site/repository -o /home/site/wwwroot --platform python --platform-version 3.9 -p virtualenv_name=antenv --log-file /tmp/build-debug.log  -i /tmp/8ddc81b04a67308 --compress-destination-dir | tee /tmp/oryx-build.log ; exit $PIPESTATUS &quot;" >
              <step title="Cpu: python(1763,42.530s)+ts(1764,0.070s)+build.sh(1762,0.000s)+build.sh(1761,0.000s)+build.sh(1679,0.060s)+oryx(1657,4.470s)+tee(1658,0.000s)+bash(1656,0.010s)=total(47.130s)" date="2025-07-21T05:55:52.185" /><!-- duration: 10ms -->
              <step title="bash: no io activity for 61s, prev-cpu=-1.000s, current-cpu=47.130s" date="2025-07-21T05:55:52.234" /><!-- duration: 3ms -->
              <step title="Cpu: gzip(1826,21.560s)+sh(1825,0.000s)+tar(1824,1.640s)+build.sh(1679,0.070s)+oryx(1657,4.820s)+tee(1658,0.000s)+bash(1656,0.010s)=total(28.090s)" date="2025-07-21T05:57:39.990" /><!-- duration: 13ms -->
              <step title="bash: no io activity for 61s, prev-cpu=-1.000s, current-cpu=28.090s" date="2025-07-21T05:57:40.029" /><!-- duration: 3ms -->
            </step><!-- duration: 210684ms -->
            <step title="Using PythonDeploymentLogParser" date="2025-07-21T05:57:44.805" /><!-- duration: 47ms -->
            <step title="Triggering recycle (preview mode disabled)." date="2025-07-21T05:57:46.814" /><!-- duration: 19ms -->
            <step title="Modified file to trigger a restart of the app container." date="2025-07-21T05:57:46.884" /><!-- duration: 19ms -->
            <step title="Skip function trigger and logicapp sync because function is not enabled." date="2025-07-21T05:57:46.945" /><!-- duration: 10ms -->
            <step title="Purge deployment items" date="2025-07-21T05:57:48.682" >
              <step title="Remove 7bfcc5fba, Success, received at 07/19/2025 18:48:59" date="2025-07-21T05:57:49.071" /><!-- duration: 10ms -->
            </step><!-- duration: 419ms -->
          </step><!-- duration: 216498ms -->
        </step><!-- duration: 216637ms -->
        <step title="Cleaning up temp files" date="2025-07-21T05:57:49.222" /><!-- duration: 26340ms -->
        <step title="Cleaning up temp files" date="2025-07-21T05:58:15.592" /><!-- duration: 581ms -->
        <step title="Reloading status file with latest updates" date="2025-07-21T05:58:16.466" >
          <step title="WebHooksManager.PublishEventAsync: PostDeployment" date="2025-07-21T05:58:16.497" /><!-- duration: 1245ms -->
        </step><!-- duration: 1356ms -->
        <step title="Executing external process" date="2025-07-21T05:58:17.922" type="process" path="git" arguments="log -n 1 master --" /><!-- duration: 464ms -->
      </step><!-- duration: 245956ms -->
      <step title="Perform deploy exiting successfully" date="2025-07-21T05:58:18.426" 