<step title="Incoming Request" date="2025-07-01T16:13:47.045" instance="978831" url="/ai-learning-tracker-bharath.git/info/refs?service=git-receive-pack" method="GET" type="request" pid="807,1,57" Accept="*/*" Host="ai-learning-tracker-bharath.scm.azurewebsites.net" User-Agent="git/2.50.0.windows.1" Accept-Encoding="deflate, gzip, br, zstd" Authorization="Bas..." Pragma="no-cache" X-ARR-LOG-ID="61fec071-0a97-4c4b-a945-c422d7a7d076" CLIENT-IP="122.174.71.5:51099" X-SITE-DEPLOYMENT-ID="ai-learning-tracker-bharath" WAS-DEFAULT-HOSTNAME="ai-learning-tracker-bharath.scm.azurewebsites.net" X-Forwarded-Proto="https" X-AppService-Proto="https" X-Forwarded-TlsVersion="1.3" X-WAWS-Unencoded-URL="/ai-learning-tracker-bharath.git/info/refs?service=git-receive-pack" X-Client-IP="122.174.71.5" X-Client-Port="51099" >
  <step title="Cleanup Xml Logs" date="2025-07-01T16:13:47.059" /><!-- duration: 19ms -->
  <step title="InfoRefsService.Execute" date="2025-07-01T16:13:47.103" >
    <step title="Executing external process" date="2025-07-01T16:13:47.137" type="process" path="git" arguments="rev-parse --git-dir" /><!-- duration: 34ms -->
    <step title="Assuming git repository at /home/site/repository" date="2025-07-01T16:13:47.181" /><!-- duration: 6ms -->
    <step title="InfoRefsService.SmartInfoRefs" date="2025-07-01T16:13:47.190" >
      <step title="Executing external process" date="2025-07-01T16:13:47.203" type="process" path="git" arguments="rev-parse --git-dir" /><!-- duration: 41ms -->
      <step title="Assuming git repository at /home/site/repository" date="2025-07-01T16:13:47.248" /><!-- duration: 16ms -->
      <step title="GitExeServer.AdvertiseReceivePack" date="2025-07-01T16:13:47.278" >
        <step title="Executing external process" date="2025-07-01T16:13:47.282" type="process" path="git" arguments="receive-pack --stateless-rpc --advertise-refs &quot;/home/site/repository&quot;" /><!-- duration: 45ms -->
      </step><!-- duration: 52ms -->
      <step title="Writing 182 bytes" date="2025-07-01T16:13:47.334" /><!-- duration: 2ms -->
    </step><!-- duration: 154ms -->
  </step><!-- duration: 243ms -->
  <step title="Outgoing response" date="2025-07-01T16:13:47.353" type="response" statusCode="200" statusText="OK" /><!-- duration: 7ms -->
</step><!-- duration: 317ms -->
