<step title="Incoming Request" date="2025-07-26T09:14:10.381" instance="831bc3" url="/ai-learning-tracker-bharath.git/info/refs?service=git-receive-pack" method="GET" type="request" pid="801,1,24" Accept="*/*" Host="ai-learning-tracker-bharath.scm.azurewebsites.net" User-Agent="git/2.50.1.windows.1" Accept-Encoding="deflate, gzip, br, zstd" Authorization="Bas..." Pragma="no-cache" X-ARR-LOG-ID="a4d8f016-2175-4bb2-b470-099ffb515be4" CLIENT-IP="122.177.246.54:24892" X-SITE-DEPLOYMENT-ID="ai-learning-tracker-bharath" WAS-DEFAULT-HOSTNAME="ai-learning-tracker-bharath.scm.azurewebsites.net" X-Forwarded-Proto="https" X-AppService-Proto="https" X-Forwarded-TlsVersion="1.3" X-WAWS-Unencoded-URL="/ai-learning-tracker-bharath.git/info/refs?service=git-receive-pack" X-Client-IP="122.177.246.54" X-Client-Port="24892" >
  <step title="Cleanup Xml Logs" date="2025-07-26T09:14:10.384" >
    <step title="Cleanup Infos" date="2025-07-26T09:14:10.400" totalFiles="336" totalCleanup="176" /><!-- duration: 3ms -->
  </step><!-- duration: 21ms -->
  <step title="InfoRefsService.Execute" date="2025-07-26T09:14:10.459" >
    <step title="Executing external process" date="2025-07-26T09:14:10.498" type="process" path="git" arguments="rev-parse --git-dir" /><!-- duration: 100ms -->
    <step title="Assuming git repository at /home/site/repository" date="2025-07-26T09:14:10.604" /><!-- duration: 5ms -->
    <step title="InfoRefsService.SmartInfoRefs" date="2025-07-26T09:14:10.615" >
      <step title="Executing external process" date="2025-07-26T09:14:10.630" type="process" path="git" arguments="rev-parse --git-dir" /><!-- duration: 21ms -->
      <step title="Assuming git repository at /home/site/repository" date="2025-07-26T09:14:10.654" /><!-- duration: 4ms -->
      <step title="GitExeServer.AdvertiseReceivePack" date="2025-07-26T09:14:10.663" >
        <step title="Executing external process" date="2025-07-26T09:14:10.666" type="process" path="git" arguments="receive-pack --stateless-rpc --advertise-refs &quot;/home/site/repository&quot;" /><!-- duration: 44ms -->
      </step><!-- duration: 52ms -->
      <step title="Writing 182 bytes" date="2025-07-26T09:14:10.719" /><!-- duration: 3ms -->
    </step><!-- duration: 112ms -->
  </step><!-- duration: 271ms -->
  <step title="Outgoing response" date="2025-07-26T09:14:10.736" type="response" statusCode="200" statusText="OK" /><!-- duration: 6ms -->
</step><!-- duration: 364ms -->
