<step title="Incoming Request" date="2025-07-28T06:42:57.247" instance="831bc3" url="/ai-learning-tracker-bharath.git/git-receive-pack" method="POST" type="request" pid="805,1,31" Accept="application/x-git-receive-pack-result" Host="ai-learning-tracker-bharath.scm.azurewebsites.net" User-Agent="git/2.50.1.windows.1" Accept-Encoding="deflate, gzip, br, zstd" Authorization="Bas..." Content-Type="application/x-git-receive-pack-request" Content-Length="851" X-ARR-LOG-ID="dfd2e41e-601f-45f8-9b03-53e02382b469" CLIENT-IP="122.177.243.138:15415" X-SITE-DEPLOYMENT-ID="ai-learning-tracker-bharath" WAS-DEFAULT-HOSTNAME="ai-learning-tracker-bharath.scm.azurewebsites.net" X-Forwarded-Proto="https" X-AppService-Proto="https" X-Forwarded-TlsVersion="1.3" X-WAWS-Unencoded-URL="/ai-learning-tracker-bharath.git/git-receive-pack" X-Client-IP="122.177.243.138" X-Client-Port="15415" >
  <step title="RpcService.ReceivePack" date="2025-07-28T06:42:57.263" >
    <step title="Executing external process" date="2025-07-28T06:42:57.303" type="process" path="git" arguments="rev-parse --git-dir" /><!-- duration: 50ms -->
    <step title="Assuming git repository at /home/site/repository" date="2025-07-28T06:42:57.355" /><!-- duration: 3ms -->
    <step title="Acquiring Deployment Lock" date="2025-07-28T06:42:57.370" /><!-- duration: 3ms -->
    <step title="Acquired Deployment Lock" date="2025-07-28T06:42:57.415" /><!-- duration: 5ms -->
    <step title="Creating temporary deployment" date="2025-07-28T06:42:57.431" /><!-- duration: 133ms -->
    <step title="GitExeServer.Receive" date="2025-07-28T06:42:57.575" >
      <step title="Executing external process" date="2025-07-28T06:42:57.707" type="process" path="git" arguments="receive-pack --stateless-rpc &quot;/home/site/repository&quot;" /><!-- duration: 199701ms -->
    </step><!-- duration: 199843ms -->
    <step title="Releasing Deployment Lock" date="2025-07-28T06:46:17.886" /><!-- duration: 14ms -->
  </step><!-- duration: 200644ms -->
  <step title="Outgoing response" date="2025-07-28T06:46:17.957" type="response" statusCode="200" statusText="OK" /><!-- duration: 4ms -->
</step><!-- duration: 200717ms -->
