<step title="Incoming Request" date="2025-06-29T13:21:07.499" instance="978831" url="/ai-learning-tracker-bharath.git/info/refs?service=git-receive-pack" method="GET" type="request" pid="807,1,5" Accept="*/*" Host="ai-learning-tracker-bharath.scm.azurewebsites.net" User-Agent="git/2.50.0.windows.1" Accept-Encoding="deflate, gzip, br, zstd" Authorization="Bas..." Pragma="no-cache" X-ARR-LOG-ID="6da8ebb6-6d10-4c2a-b251-9c82b40be474" CLIENT-IP="106.201.160.25:58190" X-SITE-DEPLOYMENT-ID="ai-learning-tracker-bharath" WAS-DEFAULT-HOSTNAME="ai-learning-tracker-bharath.scm.azurewebsites.net" X-Forwarded-Proto="https" X-AppService-Proto="https" X-Forwarded-TlsVersion="1.3" X-WAWS-Unencoded-URL="/ai-learning-tracker-bharath.git/info/refs?service=git-receive-pack" X-Client-IP="106.201.160.25" X-Client-Port="58190" >
  <step title="InfoRefsService.Execute" date="2025-06-29T13:21:08.182" >
    <step title="Executing external process" date="2025-06-29T13:21:08.280" type="process" path="git" arguments="rev-parse --git-dir" /><!-- duration: 90ms -->
    <step title="Assuming git repository at /home/site/repository" date="2025-06-29T13:21:08.391" /><!-- duration: 2ms -->
    <step title="InfoRefsService.SmartInfoRefs" date="2025-06-29T13:21:08.399" >
      <step title="Executing external process" date="2025-06-29T13:21:08.411" type="process" path="git" arguments="rev-parse --git-dir" /><!-- duration: 22ms -->
      <step title="Assuming git repository at /home/site/repository" date="2025-06-29T13:21:08.438" /><!-- duration: 2ms -->
      <step title="GitExeServer.AdvertiseReceivePack" date="2025-06-29T13:21:08.444" >
        <step title="Executing external process" date="2025-06-29T13:21:08.447" type="process" path="git" arguments="receive-pack --stateless-rpc --advertise-refs &quot;/home/site/repository&quot;" /><!-- duration: 41ms -->
      </step><!-- duration: 46ms -->
      <step title="Writing 182 bytes" date="2025-06-29T13:21:08.492" /><!-- duration: 2ms -->
    </step><!-- duration: 98ms -->
  </step><!-- duration: 316ms -->
  <step title="Outgoing response" date="2025-06-29T13:21:08.517" type="response" statusCode="200" statusText="OK" /><!-- duration: 7ms -->
</step><!-- duration: 1028ms -->
