<step title="Incoming Request" date="2025-07-01T18:48:19.143" instance="978831" url="/ai-learning-tracker-bharath.git/info/refs?service=git-receive-pack" method="GET" type="request" pid="807,1,27" Accept="*/*" Host="ai-learning-tracker-bharath.scm.azurewebsites.net" User-Agent="git/2.50.0.windows.1" Accept-Encoding="deflate, gzip, br, zstd" Authorization="Bas..." Pragma="no-cache" X-ARR-LOG-ID="eaee8c3e-7312-4498-94a2-27ba1f7825fc" CLIENT-IP="122.174.71.5:53226" X-SITE-DEPLOYMENT-ID="ai-learning-tracker-bharath" WAS-DEFAULT-HOSTNAME="ai-learning-tracker-bharath.scm.azurewebsites.net" X-Forwarded-Proto="https" X-AppService-Proto="https" X-Forwarded-TlsVersion="1.3" X-WAWS-Unencoded-URL="/ai-learning-tracker-bharath.git/info/refs?service=git-receive-pack" X-Client-IP="122.174.71.5" X-Client-Port="53226" >
  <step title="Cleanup Xml Logs" date="2025-07-01T18:48:19.191" /><!-- duration: 129ms -->
  <step title="InfoRefsService.Execute" date="2025-07-01T18:48:20.041" >
    <step title="Executing external process" date="2025-07-01T18:48:20.224" type="process" path="git" arguments="rev-parse --git-dir" /><!-- duration: 213ms -->
    <step title="Assuming git repository at /home/site/repository" date="2025-07-01T18:48:20.455" /><!-- duration: 9ms -->
    <step title="InfoRefsService.SmartInfoRefs" date="2025-07-01T18:48:20.485" >
      <step title="Executing external process" date="2025-07-01T18:48:20.745" type="process" path="git" arguments="rev-parse --git-dir" /><!-- duration: 321ms -->
      <step title="Assuming git repository at /home/site/repository" date="2025-07-01T18:48:21.078" /><!-- duration: 67ms -->
      <step title="GitExeServer.AdvertiseReceivePack" date="2025-07-01T18:48:21.228" >
        <step title="Executing external process" date="2025-07-01T18:48:21.297" type="process" path="git" arguments="receive-pack --stateless-rpc --advertise-refs &quot;/home/site/repository&quot;" /><!-- duration: 449ms -->
      </step><!-- duration: 546ms -->
      <step title="Writing 182 bytes" date="2025-07-01T18:48:21.811" /><!-- duration: 23ms -->
    </step><!-- duration: 1396ms -->
  </step><!-- duration: 1858ms -->
  <step title="Outgoing response" date="2025-07-01T18:48:22.076" type="response" statusCode="200" statusText="OK" /><!-- duration: 9ms -->
</step><!-- duration: 2969ms -->
