<step title="Incoming Request" date="2025-07-05T06:35:07.366" instance="978831" url="/ai-learning-tracker-bharath.git/info/refs?service=git-receive-pack" method="GET" type="request" pid="802,1,5" Accept="*/*" Host="ai-learning-tracker-bharath.scm.azurewebsites.net" User-Agent="git/2.50.0.windows.2" Accept-Encoding="deflate, gzip, br, zstd" Authorization="Bas..." Pragma="no-cache" X-ARR-LOG-ID="0c58b602-dc80-49e9-8045-4a6ec04bc380" CLIENT-IP="136.185.80.59:53757" X-SITE-DEPLOYMENT-ID="ai-learning-tracker-bharath" WAS-DEFAULT-HOSTNAME="ai-learning-tracker-bharath.scm.azurewebsites.net" X-Forwarded-Proto="https" X-AppService-Proto="https" X-Forwarded-TlsVersion="1.3" X-WAWS-Unencoded-URL="/ai-learning-tracker-bharath.git/info/refs?service=git-receive-pack" X-Client-IP="136.185.80.59" X-Client-Port="53757" >
  <step title="Cleanup Xml Logs" date="2025-07-05T06:35:07.375" /><!-- duration: 11ms -->
  <step title="InfoRefsService.Execute" date="2025-07-05T06:35:07.407" >
    <step title="Executing external process" date="2025-07-05T06:35:07.414" type="process" path="git" arguments="rev-parse --git-dir" /><!-- duration: 56ms -->
    <step title="Assuming git repository at /home/site/repository" date="2025-07-05T06:35:07.479" /><!-- duration: 4ms -->
    <step title="InfoRefsService.SmartInfoRefs" date="2025-07-05T06:35:07.486" >
      <step title="Executing external process" date="2025-07-05T06:35:07.497" type="process" path="git" arguments="rev-parse --git-dir" /><!-- duration: 16ms -->
      <step title="Assuming git repository at /home/site/repository" date="2025-07-05T06:35:07.515" /><!-- duration: 2ms -->
      <step title="GitExeServer.AdvertiseReceivePack" date="2025-07-05T06:35:07.520" >
        <step title="Executing external process" date="2025-07-05T06:35:07.522" type="process" path="git" arguments="receive-pack --stateless-rpc --advertise-refs &quot;/home/site/repository&quot;" /><!-- duration: 38ms -->
      </step><!-- duration: 42ms -->
      <step title="Writing 182 bytes" date="2025-07-05T06:35:07.564" /><!-- duration: 2ms -->
    </step><!-- duration: 84ms -->
  </step><!-- duration: 164ms -->
  <step title="Outgoing response" date="2025-07-05T06:35:07.580" type="response" statusCode="200" statusText="OK" /><!-- duration: 2ms -->
</step><!-- duration: 216ms -->
