<step title="Incoming Request" date="2025-07-21T08:00:42.409" instance="831bc3" url="/ai-learning-tracker-bharath.git/git-receive-pack" method="POST" type="request" pid="803,1,54" Accept="application/x-git-receive-pack-result" Host="ai-learning-tracker-bharath.scm.azurewebsites.net" User-Agent="git/2.50.1.windows.1" Accept-Encoding="deflate, gzip, br, zstd" Authorization="Bas..." Content-Type="application/x-git-receive-pack-request" Content-Length="1352" X-ARR-LOG-ID="9461642e-2c00-4f7c-87c3-4169641a1ee3" CLIENT-IP="122.177.245.132:27589" X-SITE-DEPLOYMENT-ID="ai-learning-tracker-bharath" WAS-DEFAULT-HOSTNAME="ai-learning-tracker-bharath.scm.azurewebsites.net" X-Forwarded-Proto="https" X-AppService-Proto="https" X-Forwarded-TlsVersion="1.3" X-WAWS-Unencoded-URL="/ai-learning-tracker-bharath.git/git-receive-pack" X-Client-IP="122.177.245.132" X-Client-Port="27589" >
  <step title="RpcService.ReceivePack" date="2025-07-21T08:00:42.442" >
    <step title="Executing external process" date="2025-07-21T08:00:42.452" type="process" path="git" arguments="rev-parse --git-dir" /><!-- duration: 23ms -->
    <step title="Assuming git repository at /home/site/repository" date="2025-07-21T08:00:42.477" /><!-- duration: 3ms -->
    <step title="Acquiring Deployment Lock" date="2025-07-21T08:00:42.486" /><!-- duration: 2ms -->
    <step title="Acquired Deployment Lock" date="2025-07-21T08:00:42.531" /><!-- duration: 2ms -->
    <step title="Creating temporary deployment" date="2025-07-21T08:00:42.540" /><!-- duration: 186ms -->
    <step title="GitExeServer.Receive" date="2025-07-21T08:00:42.731" >
      <step title="Executing external process" date="2025-07-21T08:00:42.735" type="process" path="git" arguments="receive-pack --stateless-rpc &quot;/home/site/repository&quot;" /><!-- duration: 269604ms -->
    </step><!-- duration: 269624ms -->
    <step title="Releasing Deployment Lock" date="2025-07-21T08:05:12.744" /><!-- duration: 4ms -->
  </step><!-- duration: 270321ms -->
  <step title="Outgoing response" date="2025-07-21T08:05:12.776" type="response" statusCode="200" statusText="OK" /><!-- duration: 4ms -->
</step><!-- duration: 270375ms -->
