<step title="Incoming Request" date="2025-07-18T19:22:02.044" instance="831bc3" url="/ai-learning-tracker-bharath.git/git-receive-pack" method="POST" type="request" pid="803,1,50" Accept="application/x-git-receive-pack-result" Host="ai-learning-tracker-bharath.scm.azurewebsites.net" User-Agent="git/2.50.1.windows.1" Accept-Encoding="deflate, gzip, br, zstd" Authorization="Bas..." Content-Type="application/x-git-receive-pack-request" Content-Length="37901" X-ARR-LOG-ID="e991e0f7-0788-4cc7-a90d-786115197e6a" CLIENT-IP="122.177.246.142:3672" X-SITE-DEPLOYMENT-ID="ai-learning-tracker-bharath" WAS-DEFAULT-HOSTNAME="ai-learning-tracker-bharath.scm.azurewebsites.net" X-Forwarded-Proto="https" X-AppService-Proto="https" X-Forwarded-TlsVersion="1.3" X-WAWS-Unencoded-URL="/ai-learning-tracker-bharath.git/git-receive-pack" X-Client-IP="122.177.246.142" X-Client-Port="3672" >
  <step title="RpcService.ReceivePack" date="2025-07-18T19:22:02.922" >
    <step title="Executing external process" date="2025-07-18T19:22:02.983" type="process" path="git" arguments="rev-parse --git-dir" /><!-- duration: 128ms -->
    <step title="Assuming git repository at /home/site/repository" date="2025-07-18T19:22:03.131" /><!-- duration: 11ms -->
    <step title="Acquiring Deployment Lock" date="2025-07-18T19:22:03.181" /><!-- duration: 3ms -->
    <step title="Acquired Deployment Lock" date="2025-07-18T19:22:03.241" /><!-- duration: 2ms -->
    <step title="Creating temporary deployment" date="2025-07-18T19:22:03.281" /><!-- duration: 190ms -->
    <step title="GitExeServer.Receive" date="2025-07-18T19:22:03.498" >
      <step title="Executing external process" date="2025-07-18T19:22:03.500" type="process" path="git" arguments="receive-pack --stateless-rpc &quot;/home/site/repository&quot;" /><!-- duration: 139515ms -->
    </step><!-- duration: 139526ms -->
    <step title="Releasing Deployment Lock" date="2025-07-18T19:24:23.231" /><!-- duration: 2ms -->
  </step><!-- duration: 140323ms -->
  <step title="Outgoing response" date="2025-07-18T19:24:23.251" type="response" statusCode="200" statusText="OK" /><!-- duration: 2ms -->
</step><!-- duration: 141217ms -->
