<step title="Incoming Request" date="2025-07-28T17:36:39.052" instance="831bc3" url="/ai-learning-tracker-bharath.git/info/refs?service=git-receive-pack" method="GET" type="request" pid="805,1,36" Accept="*/*" Host="ai-learning-tracker-bharath.scm.azurewebsites.net" User-Agent="git/2.50.1.windows.1" Accept-Encoding="deflate, gzip, br, zstd" Authorization="Bas..." Pragma="no-cache" X-ARR-LOG-ID="b626b776-0ad2-42a3-85d3-1c31eec8b87f" CLIENT-IP="122.177.243.138:14604" X-SITE-DEPLOYMENT-ID="ai-learning-tracker-bharath" WAS-DEFAULT-HOSTNAME="ai-learning-tracker-bharath.scm.azurewebsites.net" X-Forwarded-Proto="https" X-AppService-Proto="https" X-Forwarded-TlsVersion="1.3" X-WAWS-Unencoded-URL="/ai-learning-tracker-bharath.git/info/refs?service=git-receive-pack" X-Client-IP="122.177.243.138" X-Client-Port="14604" >
  <step title="InfoRefsService.Execute" date="2025-07-28T17:36:40.102" >
    <step title="Executing external process" date="2025-07-28T17:36:40.118" type="process" path="git" arguments="rev-parse --git-dir" /><!-- duration: 141ms -->
    <step title="Assuming git repository at /home/site/repository" date="2025-07-28T17:36:40.267" /><!-- duration: 3ms -->
    <step title="InfoRefsService.SmartInfoRefs" date="2025-07-28T17:36:40.280" >
      <step title="Executing external process" date="2025-07-28T17:36:40.317" type="process" path="git" arguments="rev-parse --git-dir" /><!-- duration: 21ms -->
      <step title="Assuming git repository at /home/site/repository" date="2025-07-28T17:36:40.340" /><!-- duration: 2ms -->
      <step title="GitExeServer.AdvertiseReceivePack" date="2025-07-28T17:36:40.443" >
        <step title="Executing external process" date="2025-07-28T17:36:40.447" type="process" path="git" arguments="receive-pack --stateless-rpc --advertise-refs &quot;/home/site/repository&quot;" /><!-- duration: 48ms -->
      </step><!-- duration: 55ms -->
      <step title="Writing 182 bytes" date="2025-07-28T17:36:40.500" /><!-- duration: 2ms -->
    </step><!-- duration: 227ms -->
  </step><!-- duration: 408ms -->
  <step title="Outgoing response" date="2025-07-28T17:36:40.525" type="response" statusCode="200" statusText="OK" /><!-- duration: 17ms -->
</step><!-- duration: 1492ms -->
