<step title="Incoming Request" date="2025-06-29T16:50:37.324" instance="978831" url="/ai-learning-tracker-bharath.git/git-receive-pack" method="POST" type="request" pid="807,1,85" Accept="application/x-git-receive-pack-result" Host="ai-learning-tracker-bharath.scm.azurewebsites.net" User-Agent="git/2.50.0.windows.1" Accept-Encoding="deflate, gzip, br, zstd" Authorization="Bas..." Content-Type="application/x-git-receive-pack-request" Content-Length="6070" X-ARR-LOG-ID="21a0f374-ec4c-413b-8d52-cff060f0af4c" CLIENT-IP="106.201.160.25:64087" X-SITE-DEPLOYMENT-ID="ai-learning-tracker-bharath" WAS-DEFAULT-HOSTNAME="ai-learning-tracker-bharath.scm.azurewebsites.net" X-Forwarded-Proto="https" X-AppService-Proto="https" X-Forwarded-TlsVersion="1.3" X-WAWS-Unencoded-URL="/ai-learning-tracker-bharath.git/git-receive-pack" X-Client-IP="106.201.160.25" X-Client-Port="64087" >
  <step title="RpcService.ReceivePack" date="2025-06-29T16:50:37.337" >
    <step title="Executing external process" date="2025-06-29T16:50:37.349" type="process" path="git" arguments="rev-parse --git-dir" /><!-- duration: 27ms -->
    <step title="Assuming git repository at /home/site/repository" date="2025-06-29T16:50:37.379" /><!-- duration: 3ms -->
    <step title="Acquiring Deployment Lock" date="2025-06-29T16:50:37.388" /><!-- duration: 2ms -->
    <step title="Acquired Deployment Lock" date="2025-06-29T16:50:37.424" /><!-- duration: 2ms -->
    <step title="Creating temporary deployment" date="2025-06-29T16:50:37.433" /><!-- duration: 87ms -->
    <step title="GitExeServer.Receive" date="2025-06-29T16:50:37.524" >
      <step title="Executing external process" date="2025-06-29T16:50:37.709" type="process" path="git" arguments="receive-pack --stateless-rpc &quot;/home/site/repository&quot;" /><!-- duration: 60965ms -->
    </step><!-- duration: 61156ms -->
    <step title="Releasing Deployment Lock" date="2025-06-29T16:51:38.812" /><!-- duration: 8ms -->
  </step><!-- duration: 61494ms -->
  <step title="Outgoing response" date="2025-06-29T16:51:38.857" type="response" statusCode="200" statusText="OK" /><!-- duration: 2ms -->
</step><!-- duration: 61537ms -->
