<step title="Incoming Request" date="2025-06-28T14:07:08.364" instance="978831" url="/ai-learning-tracker-bharath.git/git-receive-pack" method="POST" type="request" pid="807,1,72" Accept="application/x-git-receive-pack-result" Host="ai-learning-tracker-bharath.scm.azurewebsites.net" User-Agent="git/2.50.0.windows.1" Accept-Encoding="deflate, gzip, br, zstd" Authorization="Bas..." Content-Type="application/x-git-receive-pack-request" Content-Length="17430" X-ARR-LOG-ID="0b289f1d-8581-4d97-8c1f-6f9d2e8111e2" CLIENT-IP="106.201.160.25:54194" X-SITE-DEPLOYMENT-ID="ai-learning-tracker-bharath" WAS-DEFAULT-HOSTNAME="ai-learning-tracker-bharath.scm.azurewebsites.net" X-Forwarded-Proto="https" X-AppService-Proto="https" X-Forwarded-TlsVersion="1.3" X-WAWS-Unencoded-URL="/ai-learning-tracker-bharath.git/git-receive-pack" X-Client-IP="106.201.160.25" X-Client-Port="54194" >
  <step title="RpcService.ReceivePack" date="2025-06-28T14:07:08.422" >
    <step title="Executing external process" date="2025-06-28T14:07:08.519" type="process" path="git" arguments="rev-parse --git-dir" /><!-- duration: 98ms -->
    <step title="Assuming git repository at /home/site/repository" date="2025-06-28T14:07:08.625" /><!-- duration: 6ms -->
    <step title="Acquiring Deployment Lock" date="2025-06-28T14:07:08.635" /><!-- duration: 2ms -->
    <step title="Acquired Deployment Lock" date="2025-06-28T14:07:08.673" /><!-- duration: 2ms -->
    <step title="Creating temporary deployment" date="2025-06-28T14:07:08.694" /><!-- duration: 62ms -->
    <step title="GitExeServer.Receive" date="2025-06-28T14:07:08.758" >
      <step title="Executing external process" date="2025-06-28T14:07:08.760" type="process" path="git" arguments="receive-pack --stateless-rpc &quot;/home/site/repository&quot;" /><!-- duration: 81793ms -->
    </step><!-- duration: 81841ms -->
    <step title="Releasing Deployment Lock" date="2025-06-28T14:08:30.907" /><!-- duration: 8ms -->
  </step><!-- duration: 82543ms -->
  <step title="Outgoing response" date="2025-06-28T14:08:31.031" type="response" statusCode="200" statusText="OK" /><!-- duration: 3ms -->
</step><!-- duration: 82676ms -->
