<step title="Incoming Request" date="2025-07-19T07:21:40.389" instance="831bc3" url="/ai-learning-tracker-bharath.git/info/refs?service=git-receive-pack" method="GET" type="request" pid="803,1,40" Accept="*/*" Host="ai-learning-tracker-bharath.scm.azurewebsites.net" User-Agent="git/2.50.1.windows.1" Accept-Encoding="deflate, gzip, br, zstd" Authorization="Bas..." Pragma="no-cache" X-ARR-LOG-ID="79cd197f-b2d4-46af-835a-310a7c295a6c" CLIENT-IP="122.177.246.142:10141" X-SITE-DEPLOYMENT-ID="ai-learning-tracker-bharath" WAS-DEFAULT-HOSTNAME="ai-learning-tracker-bharath.scm.azurewebsites.net" X-Forwarded-Proto="https" X-AppService-Proto="https" X-Forwarded-TlsVersion="1.3" X-WAWS-Unencoded-URL="/ai-learning-tracker-bharath.git/info/refs?service=git-receive-pack" X-Client-IP="122.177.246.142" X-Client-Port="10141" >
  <step title="Cleanup Xml Logs" date="2025-07-19T07:21:40.400" >
    <step title="Cleanup Infos" date="2025-07-19T07:21:40.416" totalFiles="230" totalCleanup="70" /><!-- duration: 23ms -->
  </step><!-- duration: 47ms -->
  <step title="InfoRefsService.Execute" date="2025-07-19T07:21:40.486" >
    <step title="Executing external process" date="2025-07-19T07:21:40.502" type="process" path="git" arguments="rev-parse --git-dir" /><!-- duration: 38ms -->
    <step title="Assuming git repository at /home/site/repository" date="2025-07-19T07:21:40.543" /><!-- duration: 8ms -->
    <step title="InfoRefsService.SmartInfoRefs" date="2025-07-19T07:21:40.554" >
      <step title="Executing external process" date="2025-07-19T07:21:40.586" type="process" path="git" arguments="rev-parse --git-dir" /><!-- duration: 44ms -->
      <step title="Assuming git repository at /home/site/repository" date="2025-07-19T07:21:40.634" /><!-- duration: 3ms -->
      <step title="GitExeServer.AdvertiseReceivePack" date="2025-07-19T07:21:40.646" >
        <step title="Executing external process" date="2025-07-19T07:21:40.652" type="process" path="git" arguments="receive-pack --stateless-rpc --advertise-refs &quot;/home/site/repository&quot;" /><!-- duration: 75ms -->
      </step><!-- duration: 83ms -->
      <step title="Writing 182 bytes" date="2025-07-19T07:21:40.732" /><!-- duration: 4ms -->
    </step><!-- duration: 186ms -->
  </step><!-- duration: 257ms -->
  <step title="Outgoing response" date="2025-07-19T07:21:40.757" type="response" statusCode="200" statusText="OK" /><!-- duration: 2ms -->
</step><!-- duration: 378ms -->
