<step title="Incoming Request" date="2025-07-28T11:58:02.217" instance="831bc3" url="/ai-learning-tracker-bharath.git/git-receive-pack" method="POST" type="request" pid="803,1,60" Accept="application/x-git-receive-pack-result" Host="ai-learning-tracker-bharath.scm.azurewebsites.net" User-Agent="git/2.50.1.windows.1" Accept-Encoding="deflate, gzip, br, zstd" Authorization="Bas..." Content-Type="application/x-git-receive-pack-request" Content-Length="3034" X-ARR-LOG-ID="7ce246ba-e6ad-4a85-b417-22f969796f2c" CLIENT-IP="122.177.243.138:3898" X-SITE-DEPLOYMENT-ID="ai-learning-tracker-bharath" WAS-DEFAULT-HOSTNAME="ai-learning-tracker-bharath.scm.azurewebsites.net" X-Forwarded-Proto="https" X-AppService-Proto="https" X-Forwarded-TlsVersion="1.3" X-WAWS-Unencoded-URL="/ai-learning-tracker-bharath.git/git-receive-pack" X-Client-IP="122.177.243.138" X-Client-Port="3898" >
  <step title="Cleanup Xml Logs" date="2025-07-28T11:58:02.226" >
    <step title="Cleanup Infos" date="2025-07-28T11:58:02.249" totalFiles="369" totalCleanup="209" /><!-- duration: 9ms -->
  </step><!-- duration: 41ms -->
  <step title="RpcService.ReceivePack" date="2025-07-28T11:58:02.379" >
    <step title="Executing external process" date="2025-07-28T11:58:02.409" type="process" path="git" arguments="rev-parse --git-dir" /><!-- duration: 47ms -->
    <step title="Assuming git repository at /home/site/repository" date="2025-07-28T11:58:02.459" /><!-- duration: 8ms -->
    <step title="Acquiring Deployment Lock" date="2025-07-28T11:58:02.518" /><!-- duration: 10ms -->
    <step title="Acquired Deployment Lock" date="2025-07-28T11:58:02.688" /><!-- duration: 9ms -->
    <step title="Creating temporary deployment" date="2025-07-28T11:58:02.708" /><!-- duration: 375ms -->
    <step title="GitExeServer.Receive" date="2025-07-28T11:58:03.093" >
      <step title="Executing external process" date="2025-07-28T11:58:03.101" type="process" path="git" arguments="receive-pack --stateless-rpc &quot;/home/site/repository&quot;" /><!-- duration: 10111ms -->
    </step><!-- duration: 10125ms -->
    <step title="Releasing Deployment Lock" date="2025-07-28T11:58:13.291" /><!-- duration: 2ms -->
  </step><!-- duration: 10921ms -->
  <step title="Outgoing response" date="2025-07-28T11:58:13.303" type="response" statusCode="200" statusText="OK" /><!-- duration: 2ms -->
</step><!-- duration: 11090ms -->
