<step title="Incoming Request" date="2025-07-19T04:53:52.379" instance="831bc3" url="/ai-learning-tracker-bharath.git/git-receive-pack" method="POST" type="request" pid="803,1,72" Accept="application/x-git-receive-pack-result" Host="ai-learning-tracker-bharath.scm.azurewebsites.net" User-Agent="git/2.50.1.windows.1" Accept-Encoding="deflate, gzip, br, zstd" Authorization="Bas..." Content-Type="application/x-git-receive-pack-request" Content-Length="1081" X-ARR-LOG-ID="24533636-d54a-45cc-98b4-4dc30b2589c6" CLIENT-IP="122.177.246.142:19206" X-SITE-DEPLOYMENT-ID="ai-learning-tracker-bharath" WAS-DEFAULT-HOSTNAME="ai-learning-tracker-bharath.scm.azurewebsites.net" X-Forwarded-Proto="https" X-AppService-Proto="https" X-Forwarded-TlsVersion="1.3" X-WAWS-Unencoded-URL="/ai-learning-tracker-bharath.git/git-receive-pack" X-Client-IP="122.177.246.142" X-Client-Port="19206" >
  <step title="RpcService.ReceivePack" date="2025-07-19T04:53:52.418" >
    <step title="Executing external process" date="2025-07-19T04:53:52.497" type="process" path="git" arguments="rev-parse --git-dir" /><!-- duration: 44ms -->
    <step title="Assuming git repository at /home/site/repository" date="2025-07-19T04:53:52.542" /><!-- duration: 6ms -->
    <step title="Acquiring Deployment Lock" date="2025-07-19T04:53:52.557" /><!-- duration: 3ms -->
    <step title="Acquired Deployment Lock" date="2025-07-19T04:53:52.624" /><!-- duration: 2ms -->
    <step title="Creating temporary deployment" date="2025-07-19T04:53:52.631" /><!-- duration: 84ms -->
    <step title="GitExeServer.Receive" date="2025-07-19T04:53:52.735" >
      <step title="Executing external process" date="2025-07-19T04:53:52.742" type="process" path="git" arguments="receive-pack --stateless-rpc &quot;/home/site/repository&quot;" /><!-- duration: 98770ms -->
    </step><!-- duration: 98795ms -->
    <step title="Releasing Deployment Lock" date="2025-07-19T04:55:31.617" /><!-- duration: 5ms -->
  </step><!-- duration: 99211ms -->
  <step title="Outgoing response" date="2025-07-19T04:55:31.633" type="response" statusCode="200" statusText="OK" /><!-- duration: 2ms -->
</step><!-- duration: 99257ms -->
