<step title="Executing external process" date="2025-07-21T11:29:16.996" instance="831bc3" type="process" path="kudu.exe" arguments="/home/site /opt/Kudu/msbuild" >
  <step title="Cleanup Xml Logs" date="2025-07-21T11:29:17.011" >
    <step title="Cleanup Infos" date="2025-07-21T11:29:17.023" totalFiles="322" totalCleanup="162" /><!-- duration: 4ms -->
  </step><!-- duration: 25ms -->
  <step title="Deployment timer started" date="2025-07-21T11:29:17.088" >
    <step title="Executing external process" date="2025-07-21T11:29:17.111" type="process" path="git" arguments="log -n 1 master --" /><!-- duration: 457ms -->
    <step title="DeploymentManager.Deploy(id:7c12aad7633da286f3b90b99a542071182d89a41)" date="2025-07-21T11:29:17.581" >
      <step title="Collecting changeset information" date="2025-07-21T11:29:17.631" /><!-- duration: 255ms -->
      <step title="Updating to specific changeset" date="2025-07-21T11:29:17.912" >
        <step title="Executing external process" date="2025-07-21T11:29:19.088" type="process" path="git" arguments="checkout master --force" /><!-- duration: 1487ms -->
      </step><!-- duration: 2672ms -->
      <step title="Updating submodules" date="2025-07-21T11:29:20.600" /><!-- duration: 182ms -->
      <step title="Determining deployment builder" date="2025-07-21T11:29:21.054" >
        <step title="Builder is OryxBuilder" date="2025-07-21T11:29:21.116" /><!-- duration: 10ms -->
      </step><!-- duration: 101ms -->
      <step title="PreDeployment: context.CleanOutputPath False" date="2025-07-21T11:29:21.305" >
        <step title="PreDeployment: context.OutputPath /home/site/wwwroot" date="2025-07-21T11:29:21.518" >
          <step title="Building" date="2025-07-21T11:29:21.758" >
            <step title="Executing external process" date="2025-07-21T11:29:22.203" type="process" path="bash" arguments="-c &quot;oryx build /home/site/repository -o /home/site/wwwroot --platform python --platform-version 3.9 -p virtualenv_name=antenv --log-file /tmp/build-debug.log  -i /tmp/8ddc849d6693497 --compress-destination-dir | tee /tmp/oryx-build.log ; exit $PIPESTATUS &quot;" >
              <step title="Cpu: python(7264,41.180s)+ts(7265,0.110s)+build.sh(7263,0.000s)+build.sh(7262,0.000s)+build.sh(7175,0.060s)+oryx(7152,4.390s)+tee(7153,0.000s)+bash(7151,0.000s)=total(45.720s)" date="2025-07-21T11:31:11.433" /><!-- duration: 30ms -->
              <step title="bash: no io activity for 61s, prev-cpu=-1.000s, current-cpu=45.720s" date="2025-07-21T11:31:11.511" /><!-- duration: 10ms -->
              <step title="Cpu: gzip(7321,16.270s)+sh(7320,0.000s)+tar(7319,1.580s)+build.sh(7175,0.080s)+oryx(7152,4.700s)+tee(7153,0.000s)+bash(7151,0.000s)=total(22.630s)" date="2025-07-21T11:32:56.683" /><!-- duration: 50ms -->
              <step title="bash: no io activity for 61s, prev-cpu=-1.000s, current-cpu=22.630s" date="2025-07-21T11:32:56.792" /><!-- duration: 32ms -->
            </step><!-- duration: 234600ms -->
            <step title="Using PythonDeploymentLogParser" date="2025-07-21T11:33:17.256" /><!-- duration: 10ms -->
            <step title="Triggering recycle (preview mode disabled)." date="2025-07-21T11:33:18.338" /><!-- duration: 4ms -->
            <step title="Modified file to trigger a restart of the app container." date="2025-07-21T11:33:18.375" /><!-- duration: 3ms -->
            <step title="Skip function trigger and logicapp sync because function is not enabled." date="2025-07-21T11:33:18.406" /><!-- duration: 3ms -->
            <step title="Purge deployment items" date="2025-07-21T11:33:19.924" >
              <step title="Remove 5abe2dfac, Success, received at 07/21/2025 04:19:12" date="2025-07-21T11:33:19.977" /><!-- duration: 4ms -->
            </step><!-- duration: 58ms -->
          </step><!-- duration: 238298ms -->
        </step><!-- duration: 238547ms -->
        <step title="Cleaning up temp files" date="2025-07-21T11:33:20.074" /><!-- duration: 2023ms -->
        <step title="Cleaning up temp files" date="2025-07-21T11:33:22.137" /><!-- duration: 515ms -->
        <step title="Reloading status file with latest updates" date="2025-07-21T11:33:22.684" >
          <step title="WebHooksManager.PublishEventAsync: PostDeployment" date="2025-07-21T11:33:22.693" /><!-- duration: 384ms -->
        </step><!-- duration: 402ms -->
        <step title="Executing external process" date="2025-07-21T11:33:23.167" type="process" path="git" arguments="log -n 1 master --" /><!-- duration: 148ms -->
      </step><!-- duration: 242013ms -->
      <step title="Perform deploy exiting successfully" date="2025-07-21T11:33:23.326" 