<step title="Incoming Request" date="2025-07-28T06:42:55.728" instance="831bc3" url="/ai-learning-tracker-bharath.git/info/refs?service=git-receive-pack" method="GET" type="request" pid="805,1,31" Accept="*/*" Host="ai-learning-tracker-bharath.scm.azurewebsites.net" User-Agent="git/2.50.1.windows.1" Accept-Encoding="deflate, gzip, br, zstd" Authorization="Bas..." Pragma="no-cache" X-ARR-LOG-ID="de7d448c-9059-46e1-bd5b-766c3e51f8d8" CLIENT-IP="122.177.243.138:15415" X-SITE-DEPLOYMENT-ID="ai-learning-tracker-bharath" WAS-DEFAULT-HOSTNAME="ai-learning-tracker-bharath.scm.azurewebsites.net" X-Forwarded-Proto="https" X-AppService-Proto="https" X-Forwarded-TlsVersion="1.3" X-WAWS-Unencoded-URL="/ai-learning-tracker-bharath.git/info/refs?service=git-receive-pack" X-Client-IP="122.177.243.138" X-Client-Port="15415" >
  <step title="Cleanup Xml Logs" date="2025-07-28T06:42:55.741" >
    <step title="Cleanup Infos" date="2025-07-28T06:42:55.764" totalFiles="359" totalCleanup="199" /><!-- duration: 8ms -->
  </step><!-- duration: 34ms -->
  <step title="InfoRefsService.Execute" date="2025-07-28T06:42:55.817" >
    <step title="Executing external process" date="2025-07-28T06:42:55.852" type="process" path="git" arguments="rev-parse --git-dir" /><!-- duration: 118ms -->
    <step title="Assuming git repository at /home/site/repository" date="2025-07-28T06:42:55.994" /><!-- duration: 3ms -->
    <step title="InfoRefsService.SmartInfoRefs" date="2025-07-28T06:42:56.001" >
      <step title="Executing external process" date="2025-07-28T06:42:56.018" type="process" path="git" arguments="rev-parse --git-dir" /><!-- duration: 40ms -->
      <step title="Assuming git repository at /home/site/repository" date="2025-07-28T06:42:56.061" /><!-- duration: 22ms -->
      <step title="GitExeServer.AdvertiseReceivePack" date="2025-07-28T06:42:56.091" >
        <step title="Executing external process" date="2025-07-28T06:42:56.096" type="process" path="git" arguments="receive-pack --stateless-rpc --advertise-refs &quot;/home/site/repository&quot;" /><!-- duration: 86ms -->
      </step><!-- duration: 103ms -->
      <step title="Writing 182 bytes" date="2025-07-28T06:42:56.198" /><!-- duration: 2ms -->
    </step><!-- duration: 209ms -->
  </step><!-- duration: 397ms -->
  <step title="Outgoing response" date="2025-07-28T06:42:56.234" type="response" statusCode="200" statusText="OK" /><!-- duration: 8ms -->
</step><!-- duration: 516ms -->
