<step title="Incoming Request" date="2025-07-19T19:40:21.105" instance="831bc3" url="/ai-learning-tracker-bharath.git/info/refs?service=git-receive-pack" method="GET" type="request" pid="807,1,46" Accept="*/*" Host="ai-learning-tracker-bharath.scm.azurewebsites.net" User-Agent="git/2.50.1.windows.1" Accept-Encoding="deflate, gzip, br, zstd" Authorization="Bas..." Pragma="no-cache" X-ARR-LOG-ID="29157a2d-65c2-4ebd-9130-c76a0d789e43" CLIENT-IP="122.177.246.142:16979" X-SITE-DEPLOYMENT-ID="ai-learning-tracker-bharath" WAS-DEFAULT-HOSTNAME="ai-learning-tracker-bharath.scm.azurewebsites.net" X-Forwarded-Proto="https" X-AppService-Proto="https" X-Forwarded-TlsVersion="1.3" X-WAWS-Unencoded-URL="/ai-learning-tracker-bharath.git/info/refs?service=git-receive-pack" X-Client-IP="122.177.246.142" X-Client-Port="16979" >
  <step title="Cleanup Xml Logs" date="2025-07-19T19:40:21.148" >
    <step title="Cleanup Infos" date="2025-07-19T19:40:21.206" totalFiles="268" totalCleanup="108" /><!-- duration: 32ms -->
  </step><!-- duration: 106ms -->
  <step title="InfoRefsService.Execute" date="2025-07-19T19:40:21.333" >
    <step title="Executing external process" date="2025-07-19T19:40:21.345" type="process" path="git" arguments="rev-parse --git-dir" /><!-- duration: 32ms -->
    <step title="Assuming git repository at /home/site/repository" date="2025-07-19T19:40:21.384" /><!-- duration: 2ms -->
    <step title="InfoRefsService.SmartInfoRefs" date="2025-07-19T19:40:21.388" >
      <step title="Executing external process" date="2025-07-19T19:40:21.396" type="process" path="git" arguments="rev-parse --git-dir" /><!-- duration: 43ms -->
      <step title="Assuming git repository at /home/site/repository" date="2025-07-19T19:40:21.446" /><!-- duration: 3ms -->
      <step title="GitExeServer.AdvertiseReceivePack" date="2025-07-19T19:40:21.460" >
        <step title="Executing external process" date="2025-07-19T19:40:21.463" type="process" path="git" arguments="receive-pack --stateless-rpc --advertise-refs &quot;/home/site/repository&quot;" /><!-- duration: 38ms -->
      </step><!-- duration: 43ms -->
      <step title="Writing 182 bytes" date="2025-07-19T19:40:21.507" /><!-- duration: 2ms -->
    </step><!-- duration: 125ms -->
  </step><!-- duration: 181ms -->
  <step title="Outgoing response" date="2025-07-19T19:40:21.528" type="response" statusCode="200" statusText="OK" /><!-- duration: 3ms -->
</step><!-- duration: 427ms -->
