<step title="Incoming Request" date="2025-07-21T04:19:06.554" instance="831bc3" url="/ai-learning-tracker-bharath.git/info/refs?service=git-receive-pack" method="GET" type="request" pid="807,1,53" Accept="*/*" Host="ai-learning-tracker-bharath.scm.azurewebsites.net" User-Agent="git/2.50.1.windows.1" Accept-Encoding="deflate, gzip, br, zstd" Authorization="Bas..." Pragma="no-cache" X-ARR-LOG-ID="48b5a8c0-09d2-4d4c-a41f-f06b594d6667" CLIENT-IP="122.177.245.132:4511" X-SITE-DEPLOYMENT-ID="ai-learning-tracker-bharath" WAS-DEFAULT-HOSTNAME="ai-learning-tracker-bharath.scm.azurewebsites.net" X-Forwarded-Proto="https" X-AppService-Proto="https" X-Forwarded-TlsVersion="1.3" X-WAWS-Unencoded-URL="/ai-learning-tracker-bharath.git/info/refs?service=git-receive-pack" X-Client-IP="122.177.245.132" X-Client-Port="4511" >
  <step title="Cleanup Xml Logs" date="2025-07-21T04:19:06.583" >
    <step title="Cleanup Infos" date="2025-07-21T04:19:06.611" totalFiles="281" totalCleanup="121" /><!-- duration: 12ms -->
  </step><!-- duration: 49ms -->
  <step title="InfoRefsService.Execute" date="2025-07-21T04:19:06.693" >
    <step title="Executing external process" date="2025-07-21T04:19:06.723" type="process" path="git" arguments="rev-parse --git-dir" /><!-- duration: 41ms -->
    <step title="Assuming git repository at /home/site/repository" date="2025-07-21T04:19:06.766" /><!-- duration: 4ms -->
    <step title="InfoRefsService.SmartInfoRefs" date="2025-07-21T04:19:06.775" >
      <step title="Executing external process" date="2025-07-21T04:19:06.787" type="process" path="git" arguments="rev-parse --git-dir" /><!-- duration: 20ms -->
      <step title="Assuming git repository at /home/site/repository" date="2025-07-21T04:19:06.810" /><!-- duration: 3ms -->
      <step title="GitExeServer.AdvertiseReceivePack" date="2025-07-21T04:19:06.819" >
        <step title="Executing external process" date="2025-07-21T04:19:06.821" type="process" path="git" arguments="receive-pack --stateless-rpc --advertise-refs &quot;/home/site/repository&quot;" /><!-- duration: 69ms -->
      </step><!-- duration: 83ms -->
      <step title="Writing 182 bytes" date="2025-07-21T04:19:06.912" /><!-- duration: 8ms -->
    </step><!-- duration: 148ms -->
  </step><!-- duration: 240ms -->
  <step title="Outgoing response" date="2025-07-21T04:19:06.950" type="response" statusCode="200" statusText="OK" /><!-- duration: 2ms -->
</step><!-- duration: 407ms -->
