<step title="Executing external process" date="2025-06-28T13:10:41.030" instance="978831" type="process" path="kudu.exe" arguments="/home/site /opt/Kudu/msbuild" >
  <step title="Cleanup Xml Logs" date="2025-06-28T13:10:41.051" /><!-- duration: 13ms -->
  <step title="Deployment timer started" date="2025-06-28T13:10:41.116" >
    <step title="Executing external process" date="2025-06-28T13:10:41.139" type="process" path="git" arguments="log -n 1 master --" /><!-- duration: 183ms -->
    <step title="DeploymentManager.Deploy(id:bddfcde3acd4b50e659c6364f0e197f510a5cdd6)" date="2025-06-28T13:10:41.349" >
      <step title="Collecting changeset information" date="2025-06-28T13:10:41.396" /><!-- duration: 257ms -->
      <step title="Updating to specific changeset" date="2025-06-28T13:10:41.668" >
        <step title="Executing external process" date="2025-06-28T13:10:42.855" type="process" path="git" arguments="checkout master --force" /><!-- duration: 784ms -->
      </step><!-- duration: 1974ms -->
      <step title="Updating submodules" date="2025-06-28T13:10:43.648" /><!-- duration: 182ms -->
      <step title="Determining deployment builder" date="2025-06-28T13:10:44.049" >
        <step title="Builder is OryxBuilder" date="2025-06-28T13:10:44.083" /><!-- duration: 2ms -->
      </step><!-- duration: 48ms -->
      <step title="PreDeployment: context.CleanOutputPath False" date="2025-06-28T13:10:44.126" >
        <step title="PreDeployment: context.OutputPath /home/site/wwwroot" date="2025-06-28T13:10:44.229" >
          <step title="Building" date="2025-06-28T13:10:44.321" >
            <step title="Executing external process" date="2025-06-28T13:10:44.706" type="process" path="bash" arguments="-c &quot;oryx build /home/site/repository -o /home/site/wwwroot --platform python --platform-version 3.9 -p virtualenv_name=antenv --log-file /tmp/build-debug.log  -i /tmp/8ddb645309bec3a --compress-destination-dir | tee /tmp/oryx-build.log ; exit $PIPESTATUS &quot;" /><!-- duration: 48330ms -->
            <step title="Using PythonDeploymentLogParser" date="2025-06-28T13:11:33.409" /><!-- duration: 2ms -->
            <step title="Triggering recycle (preview mode disabled)." date="2025-06-28T13:11:34.456" /><!-- duration: 3ms -->
            <step title="Modified file to trigger a restart of the app container." date="2025-06-28T13:11:34.480" /><!-- duration: 2ms -->
            <step title="Skip function trigger and logicapp sync because function is not enabled." date="2025-06-28T13:11:34.498" /><!-- duration: 2ms -->
          </step><!-- duration: 50979ms -->
        </step><!-- duration: 51082ms -->
        <step title="Cleaning up temp files" date="2025-06-28T13:11:35.321" /><!-- duration: 1951ms -->
        <step title="Cleaning up temp files" date="2025-06-28T13:11:37.283" /><!-- duration: 540ms -->
        <step title="Reloading status file with latest updates" date="2025-06-28T13:11:37.867" >
          <step title="WebHooksManager.PublishEventAsync: PostDeployment" date="2025-06-28T13:11:37.881" /><!-- duration: 128ms -->
        </step><!-- duration: 144ms -->
        <step title="Executing external process" date="2025-06-28T13:11:38.030" type="process" path="git" arguments="log -n 1 master --" /><!-- duration: 88ms -->
      </step><!-- duration: 53994ms -->
      <step title="Perform deploy exiting successfully" date="2025-06-28T13:11:38.128" 