<step title="Incoming Request" date="2025-07-01T14:06:00.887" instance="978831" url="/ai-learning-tracker-bharath.git/info/refs?service=git-receive-pack" method="GET" type="request" pid="807,1,37" Accept="*/*" Host="ai-learning-tracker-bharath.scm.azurewebsites.net" User-Agent="git/2.50.0.windows.1" Accept-Encoding="deflate, gzip, br, zstd" Authorization="Bas..." Pragma="no-cache" X-ARR-LOG-ID="1007158b-9b2d-4e77-926e-532789edf2de" CLIENT-IP="122.174.71.5:62249" X-SITE-DEPLOYMENT-ID="ai-learning-tracker-bharath" WAS-DEFAULT-HOSTNAME="ai-learning-tracker-bharath.scm.azurewebsites.net" X-Forwarded-Proto="https" X-AppService-Proto="https" X-Forwarded-TlsVersion="1.3" X-WAWS-Unencoded-URL="/ai-learning-tracker-bharath.git/info/refs?service=git-receive-pack" X-Client-IP="122.174.71.5" X-Client-Port="62249" >
  <step title="Cleanup Xml Logs" date="2025-07-01T14:06:00.902" /><!-- duration: 29ms -->
  <step title="InfoRefsService.Execute" date="2025-07-01T14:06:01.018" >
    <step title="Executing external process" date="2025-07-01T14:06:01.064" type="process" path="git" arguments="rev-parse --git-dir" /><!-- duration: 199ms -->
    <step title="Assuming git repository at /home/site/repository" date="2025-07-01T14:06:01.265" /><!-- duration: 2ms -->
    <step title="InfoRefsService.SmartInfoRefs" date="2025-07-01T14:06:01.273" >
      <step title="Executing external process" date="2025-07-01T14:06:01.289" type="process" path="git" arguments="rev-parse --git-dir" /><!-- duration: 22ms -->
      <step title="Assuming git repository at /home/site/repository" date="2025-07-01T14:06:01.313" /><!-- duration: 5ms -->
      <step title="GitExeServer.AdvertiseReceivePack" date="2025-07-01T14:06:01.325" >
        <step title="Executing external process" date="2025-07-01T14:06:01.328" type="process" path="git" arguments="receive-pack --stateless-rpc --advertise-refs &quot;/home/site/repository&quot;" /><!-- duration: 162ms -->
      </step><!-- duration: 174ms -->
      <step title="Writing 182 bytes" date="2025-07-01T14:06:01.502" /><!-- duration: 7ms -->
    </step><!-- duration: 289ms -->
  </step><!-- duration: 561ms -->
  <step title="Outgoing response" date="2025-07-01T14:06:01.630" type="response" statusCode="200" statusText="OK" /><!-- duration: 19ms -->
</step><!-- duration: 765ms -->
