<step title="Executing external process" date="2025-07-19T07:16:09.381" instance="831bc3" type="process" path="kudu.exe" arguments="/home/site /opt/Kudu/msbuild" >
  <step title="Cleanup Xml Logs" date="2025-07-19T07:16:09.402" >
    <step title="Cleanup Infos" date="2025-07-19T07:16:09.426" totalFiles="229" totalCleanup="69" /><!-- duration: 4ms -->
  </step><!-- duration: 32ms -->
  <step title="Deployment timer started" date="2025-07-19T07:16:09.481" >
    <step title="Executing external process" date="2025-07-19T07:16:09.509" type="process" path="git" arguments="log -n 1 master --" /><!-- duration: 209ms -->
    <step title="DeploymentManager.Deploy(id:f786c50b98d666545cb33a278b655a56b231d443)" date="2025-07-19T07:16:09.731" >
      <step title="Collecting changeset information" date="2025-07-19T07:16:09.777" /><!-- duration: 307ms -->
      <step title="Updating to specific changeset" date="2025-07-19T07:16:10.091" >
        <step title="Executing external process" date="2025-07-19T07:16:11.251" type="process" path="git" arguments="checkout master --force" /><!-- duration: 882ms -->
      </step><!-- duration: 2046ms -->
      <step title="Updating submodules" date="2025-07-19T07:16:12.143" /><!-- duration: 169ms -->
      <step title="Determining deployment builder" date="2025-07-19T07:16:12.555" >
        <step title="Builder is OryxBuilder" date="2025-07-19T07:16:12.590" /><!-- duration: 2ms -->
      </step><!-- duration: 54ms -->
      <step title="PreDeployment: context.CleanOutputPath False" date="2025-07-19T07:16:12.648" >
        <step title="PreDeployment: context.OutputPath /home/site/wwwroot" date="2025-07-19T07:16:12.771" >
          <step title="Building" date="2025-07-19T07:16:12.895" >
            <step title="Executing external process" date="2025-07-19T07:16:13.301" type="process" path="bash" arguments="-c &quot;oryx build /home/site/repository -o /home/site/wwwroot --platform python --platform-version 3.9 -p virtualenv_name=antenv --log-file /tmp/build-debug.log  -i /tmp/8ddc694247d56f9 --compress-destination-dir | tee /tmp/oryx-build.log ; exit $PIPESTATUS &quot;" /><!-- duration: 123490ms -->
            <step title="Using PythonDeploymentLogParser" date="2025-07-19T07:18:18.113" /><!-- duration: 10ms -->
            <step title="Triggering recycle (preview mode disabled)." date="2025-07-19T07:18:21.010" /><!-- duration: 9ms -->
            <step title="Modified file to trigger a restart of the app container." date="2025-07-19T07:18:21.057" /><!-- duration: 2ms -->
            <step title="Skip function trigger and logicapp sync because function is not enabled." date="2025-07-19T07:18:21.083" /><!-- duration: 9ms -->
            <step title="Purge deployment items" date="2025-07-19T07:18:22.174" >
              <step title="Remove 0e738b6ec, Success, received at 07/18/2025 02:33:29" date="2025-07-19T07:18:22.240" /><!-- duration: 3ms -->
            </step><!-- duration: 71ms -->
          </step><!-- duration: 129406ms -->
        </step><!-- duration: 129533ms -->
        <step title="Cleaning up temp files" date="2025-07-19T07:18:22.307" /><!-- duration: 741ms -->
        <step title="Cleaning up temp files" date="2025-07-19T07:18:23.051" /><!-- duration: 516ms -->
        <step title="Reloading status file with latest updates" date="2025-07-19T07:18:23.619" >
          <step title="WebHooksManager.PublishEventAsync: PostDeployment" date="2025-07-19T07:18:23.632" /><!-- duration: 148ms -->
        </step><!-- duration: 165ms -->
        <step title="Executing external process" date="2025-07-19T07:18:23.808" type="process" path="git" arguments="log -n 1 master --" /><!-- duration: 152ms -->
      </step><!-- duration: 131321ms -->
      <step title="Perform deploy exiting successfully" date="2025-07-19T07:18:23.973" 