<step title="Executing external process" date="2025-07-21T09:07:48.172" instance="831bc3" type="process" path="kudu.exe" arguments="/home/site /opt/Kudu/msbuild" >
  <step title="Cleanup Xml Logs" date="2025-07-21T09:07:48.212" >
    <step title="Cleanup Infos" date="2025-07-21T09:07:48.241" totalFiles="319" totalCleanup="159" /><!-- duration: 10ms -->
  </step><!-- duration: 60ms -->
  <step title="Deployment timer started" date="2025-07-21T09:07:48.382" >
    <step title="Executing external process" date="2025-07-21T09:07:48.481" type="process" path="git" arguments="log -n 1 master --" /><!-- duration: 623ms -->
    <step title="DeploymentManager.Deploy(id:834eda1df3f3499351d0f0c286bea1516cefc15b)" date="2025-07-21T09:07:49.125" >
      <step title="Collecting changeset information" date="2025-07-21T09:07:49.224" /><!-- duration: 611ms -->
      <step title="Updating to specific changeset" date="2025-07-21T09:07:49.862" >
        <step title="Executing external process" date="2025-07-21T09:07:51.095" type="process" path="git" arguments="checkout master --force" /><!-- duration: 1460ms -->
      </step><!-- duration: 2705ms -->
      <step title="Updating submodules" date="2025-07-21T09:07:52.571" /><!-- duration: 203ms -->
      <step title="Determining deployment builder" date="2025-07-21T09:07:52.989" >
        <step title="Builder is OryxBuilder" date="2025-07-21T09:07:53.027" /><!-- duration: 5ms -->
      </step><!-- duration: 50ms -->
      <step title="PreDeployment: context.CleanOutputPath False" date="2025-07-21T09:07:53.092" >
        <step title="PreDeployment: context.OutputPath /home/site/wwwroot" date="2025-07-21T09:07:53.230" >
          <step title="Building" date="2025-07-21T09:07:53.366" >
            <step title="Executing external process" date="2025-07-21T09:07:53.735" type="process" path="bash" arguments="-c &quot;oryx build /home/site/repository -o /home/site/wwwroot --platform python --platform-version 3.9 -p virtualenv_name=antenv --log-file /tmp/build-debug.log  -i /tmp/8ddc836131653d0 --compress-destination-dir | tee /tmp/oryx-build.log ; exit $PIPESTATUS &quot;" >
              <step title="Cpu: python(5244,42.480s)+ts(5245,0.130s)+build.sh(5243,0.000s)+build.sh(5242,0.000s)+build.sh(5158,0.060s)+oryx(5135,5.710s)+tee(5136,0.010s)+bash(5134,0.010s)=total(48.390s)" date="2025-07-21T09:09:46.780" /><!-- duration: 27ms -->
              <step title="bash: no io activity for 61s, prev-cpu=-1.000s, current-cpu=48.390s" date="2025-07-21T09:09:46.866" /><!-- duration: 4ms -->
            </step><!-- duration: 224857ms -->
            <step title="Using PythonDeploymentLogParser" date="2025-07-21T09:11:39.194" /><!-- duration: 10ms -->
            <step title="Triggering recycle (preview mode disabled)." date="2025-07-21T09:11:40.291" /><!-- duration: 7ms -->
            <step title="Modified file to trigger a restart of the app container." date="2025-07-21T09:11:40.327" /><!-- duration: 5ms -->
            <step title="Skip function trigger and logicapp sync because function is not enabled." date="2025-07-21T09:11:40.353" /><!-- duration: 9ms -->
            <step title="Purge deployment items" date="2025-07-21T09:11:41.341" >
              <step title="Remove b1271d0ad, Success, received at 07/21/2025 04:12:06" date="2025-07-21T09:11:41.399" /><!-- duration: 3ms -->
            </step><!-- duration: 65ms -->
          </step><!-- duration: 228099ms -->
        </step><!-- duration: 228238ms -->
        <step title="Cleaning up temp files" date="2025-07-21T09:11:41.472" /><!-- duration: 1899ms -->
        <step title="Cleaning up temp files" date="2025-07-21T09:11:43.388" /><!-- duration: 518ms -->
        <step title="Reloading status file with latest updates" date="2025-07-21T09:11:43.932" >
          <step title="WebHooksManager.PublishEventAsync: PostDeployment" date="2025-07-21T09:11:43.950" /><!-- duration: 171ms -->
        </step><!-- duration: 193ms -->
        <step title="Executing external process" date="2025-07-21T09:11:44.157" type="process" path="git" arguments="log -n 1 master --" /><!-- duration: 113ms -->
      </step><!-- duration: 231182ms -->
      <step title="Perform deploy exiting successfully" date="2025-07-21T09:11:44.279" 