<step title="Executing external process" date="2025-07-05T10:33:13.282" instance="978831" type="process" path="kudu.exe" arguments="/home/site /opt/Kudu/msbuild" >
  <step title="Cleanup Xml Logs" date="2025-07-05T10:33:13.310" /><!-- duration: 29ms -->
  <step title="Deployment timer started" date="2025-07-05T10:33:13.465" >
    <step title="Executing external process" date="2025-07-05T10:33:13.530" type="process" path="git" arguments="log -n 1 master --" /><!-- duration: 264ms -->
    <step title="DeploymentManager.Deploy(id:f3be569537dd7df030719fea414afa2d416d2407)" date="2025-07-05T10:33:13.891" >
      <step title="Collecting changeset information" date="2025-07-05T10:33:14.034" /><!-- duration: 488ms -->
      <step title="Updating to specific changeset" date="2025-07-05T10:33:14.535" >
        <step title="Executing external process" date="2025-07-05T10:33:16.106" type="process" path="git" arguments="checkout master --force" /><!-- duration: 770ms -->
      </step><!-- duration: 2351ms -->
      <step title="Updating submodules" date="2025-07-05T10:33:16.889" /><!-- duration: 107ms -->
      <step title="Determining deployment builder" date="2025-07-05T10:33:17.205" >
        <step title="Builder is OryxBuilder" date="2025-07-05T10:33:17.239" /><!-- duration: 2ms -->
      </step><!-- duration: 40ms -->
      <step title="PreDeployment: context.CleanOutputPath False" date="2025-07-05T10:33:17.287" >
        <step title="PreDeployment: context.OutputPath /home/site/wwwroot" date="2025-07-05T10:33:17.422" >
          <step title="Building" date="2025-07-05T10:33:17.518" >
            <step title="Executing external process" date="2025-07-05T10:33:17.882" type="process" path="bash" arguments="-c &quot;oryx build /home/site/repository -o /home/site/wwwroot --platform python --platform-version 3.9 -p virtualenv_name=antenv --log-file /tmp/build-debug.log  -i /tmp/8ddbbaf5abe5a13 --compress-destination-dir | tee /tmp/oryx-build.log ; exit $PIPESTATUS &quot;" /><!-- duration: 78845ms -->
            <step title="Using PythonDeploymentLogParser" date="2025-07-05T10:34:37.273" /><!-- duration: 2ms -->
            <step title="Triggering recycle (preview mode disabled)." date="2025-07-05T10:34:37.976" /><!-- duration: 7ms -->
            <step title="Modified file to trigger a restart of the app container." date="2025-07-05T10:34:38.009" /><!-- duration: 2ms -->
            <step title="Skip function trigger and logicapp sync because function is not enabled." date="2025-07-05T10:34:38.034" /><!-- duration: 2ms -->
            <step title="Purge deployment items" date="2025-07-05T10:34:38.771" >
              <step title="Remove dcc382fde, Success, received at 07/01/2025 15:23:38" date="2025-07-05T10:34:38.809" /><!-- duration: 2ms -->
            </step><!-- duration: 42ms -->
          </step><!-- duration: 81348ms -->
        </step><!-- duration: 81448ms -->
        <step title="Cleaning up temp files" date="2025-07-05T10:34:38.872" /><!-- duration: 1899ms -->
        <step title="Cleaning up temp files" date="2025-07-05T10:34:40.776" /><!-- duration: 516ms -->
        <step title="Reloading status file with latest updates" date="2025-07-05T10:34:41.320" >
          <step title="WebHooksManager.PublishEventAsync: PostDeployment" date="2025-07-05T10:34:41.333" /><!-- duration: 148ms -->
        </step><!-- duration: 163ms -->
        <step title="Executing external process" date="2025-07-05T10:34:41.502" type="process" path="git" arguments="log -n 1 master --" /><!-- duration: 62ms -->
      </step><!-- duration: 84280ms -->
      <step title="Perform deploy exiting successfully" date="2025-07-05T10:34:41.569" 