<step title="Incoming Request" date="2025-07-18T16:12:39.912" instance="831bc3" url="/ai-learning-tracker-bharath.git/info/refs?service=git-upload-pack" method="GET" type="request" pid="803,1,36" Accept="*/*" Host="ai-learning-tracker-bharath.scm.azurewebsites.net" User-Agent="git/2.50.1.windows.1 (Windows 11 Enterprise 10.0.26100; win32 x64) vscode/1.99.3 (Cursor)" Accept-Encoding="deflate, gzip, br, zstd" Authorization="Bas..." Pragma="no-cache" git-protocol="version=2" X-ARR-LOG-ID="9092e748-f903-41bb-8d18-f4eb472571c1" CLIENT-IP="122.177.246.142:26885" X-SITE-DEPLOYMENT-ID="ai-learning-tracker-bharath" WAS-DEFAULT-HOSTNAME="ai-learning-tracker-bharath.scm.azurewebsites.net" X-Forwarded-Proto="https" X-AppService-Proto="https" X-Forwarded-TlsVersion="1.3" X-WAWS-Unencoded-URL="/ai-learning-tracker-bharath.git/info/refs?service=git-upload-pack" X-Client-IP="122.177.246.142" X-Client-Port="26885" >
  <step title="Cleanup Xml Logs" date="2025-07-18T16:12:40.285" >
    <step title="Cleanup Infos" date="2025-07-18T16:12:40.991" totalFiles="202" totalCleanup="42" /><!-- duration: 132ms -->
  </step><!-- duration: 877ms -->
  <step title="InfoRefsService.Execute" date="2025-07-18T16:12:42.054" >
    <step title="Executing external process" date="2025-07-18T16:12:42.212" type="process" path="git" arguments="rev-parse --git-dir" /><!-- duration: 550ms -->
    <step title="Assuming git repository at /home/site/repository" date="2025-07-18T16:12:42.778" /><!-- duration: 4ms -->
    <step title="InfoRefsService.SmartInfoRefs" date="2025-07-18T16:12:42.821" >
      <step title="Executing external process" date="2025-07-18T16:12:42.978" type="process" path="git" arguments="rev-parse --git-dir" /><!-- duration: 100ms -->
      <step title="Assuming git repository at /home/site/repository" date="2025-07-18T16:12:43.096" /><!-- duration: 9ms -->
      <step title="GitExeServer.AdvertiseUploadPack" date="2025-07-18T16:12:43.125" >
        <step title="Executing external process" date="2025-07-18T16:12:43.144" type="process" path="git" arguments="upload-pack --stateless-rpc --advertise-refs &quot;/home/site/repository&quot;" /><!-- duration: 222ms -->
      </step><!-- duration: 252ms -->
      <step title="Writing 351 bytes" date="2025-07-18T16:12:43.403" /><!-- duration: 1ms -->
    </step><!-- duration: 624ms -->
  </step><!-- duration: 1401ms -->
  <step title="Outgoing response" date="2025-07-18T16:12:43.536" type="response" statusCode="200" statusText="OK" /><!-- duration: 41ms -->
</step><!-- duration: 3673ms -->
