<step title="Incoming Request" date="2025-07-19T09:33:58.334" instance="831bc3" url="/ai-learning-tracker-bharath.git/info/refs?service=git-receive-pack" method="GET" type="request" pid="807,1,47" Accept="*/*" Host="ai-learning-tracker-bharath.scm.azurewebsites.net" User-Agent="git/2.50.1.windows.1" Accept-Encoding="deflate, gzip, br, zstd" Authorization="Bas..." Pragma="no-cache" X-ARR-LOG-ID="aee6fd04-5ee5-4534-b6de-4036c9a590cd" CLIENT-IP="122.177.246.142:6120" X-SITE-DEPLOYMENT-ID="ai-learning-tracker-bharath" WAS-DEFAULT-HOSTNAME="ai-learning-tracker-bharath.scm.azurewebsites.net" X-Forwarded-Proto="https" X-AppService-Proto="https" X-Forwarded-TlsVersion="1.3" X-WAWS-Unencoded-URL="/ai-learning-tracker-bharath.git/info/refs?service=git-receive-pack" X-Client-IP="122.177.246.142" X-Client-Port="6120" >
  <step title="Cleanup Xml Logs" date="2025-07-19T09:33:58.356" >
    <step title="Cleanup Infos" date="2025-07-19T09:33:58.386" totalFiles="247" totalCleanup="87" /><!-- duration: 5ms -->
  </step><!-- duration: 37ms -->
  <step title="InfoRefsService.Execute" date="2025-07-19T09:33:58.411" >
    <step title="Executing external process" date="2025-07-19T09:33:58.421" type="process" path="git" arguments="rev-parse --git-dir" /><!-- duration: 41ms -->
    <step title="Assuming git repository at /home/site/repository" date="2025-07-19T09:33:58.465" /><!-- duration: 2ms -->
    <step title="InfoRefsService.SmartInfoRefs" date="2025-07-19T09:33:58.473" >
      <step title="Executing external process" date="2025-07-19T09:33:58.480" type="process" path="git" arguments="rev-parse --git-dir" /><!-- duration: 19ms -->
      <step title="Assuming git repository at /home/site/repository" date="2025-07-19T09:33:58.505" /><!-- duration: 1ms -->
      <step title="GitExeServer.AdvertiseReceivePack" date="2025-07-19T09:33:58.518" >
        <step title="Executing external process" date="2025-07-19T09:33:58.521" type="process" path="git" arguments="receive-pack --stateless-rpc --advertise-refs &quot;/home/site/repository&quot;" /><!-- duration: 45ms -->
      </step><!-- duration: 49ms -->
      <step title="Writing 182 bytes" date="2025-07-19T09:33:58.571" /><!-- duration: 3ms -->
    </step><!-- duration: 105ms -->
  </step><!-- duration: 168ms -->
  <step title="Outgoing response" date="2025-07-19T09:33:58.589" type="response" statusCode="200" statusText="OK" /><!-- duration: 7ms -->
</step><!-- duration: 265ms -->
