<step title="Incoming Request" date="2025-07-21T02:09:50.532" instance="831bc3" url="/ai-learning-tracker-bharath.git/git-receive-pack" method="POST" type="request" pid="807,1,32" Accept="application/x-git-receive-pack-result" Host="ai-learning-tracker-bharath.scm.azurewebsites.net" User-Agent="git/2.50.1.windows.1" Accept-Encoding="deflate, gzip, br, zstd" Authorization="Bas..." Content-Type="application/x-git-receive-pack-request" Content-Length="77437" X-ARR-LOG-ID="9dd481e2-5f32-47f5-8ab4-fbea5f7e38f1" CLIENT-IP="122.177.245.132:17010" X-SITE-DEPLOYMENT-ID="ai-learning-tracker-bharath" WAS-DEFAULT-HOSTNAME="ai-learning-tracker-bharath.scm.azurewebsites.net" X-Forwarded-Proto="https" X-AppService-Proto="https" X-Forwarded-TlsVersion="1.3" X-WAWS-Unencoded-URL="/ai-learning-tracker-bharath.git/git-receive-pack" X-Client-IP="122.177.245.132" X-Client-Port="17010" >
  <step title="Cleanup Xml Logs" date="2025-07-21T02:09:50.535" >
    <step title="Cleanup Infos" date="2025-07-21T02:09:50.552" totalFiles="276" totalCleanup="116" /><!-- duration: 7ms -->
  </step><!-- duration: 26ms -->
  <step title="RpcService.ReceivePack" date="2025-07-21T02:09:50.613" >
    <step title="Executing external process" date="2025-07-21T02:09:50.625" type="process" path="git" arguments="rev-parse --git-dir" /><!-- duration: 29ms -->
    <step title="Assuming git repository at /home/site/repository" date="2025-07-21T02:09:50.656" /><!-- duration: 6ms -->
    <step title="Acquiring Deployment Lock" date="2025-07-21T02:09:50.668" /><!-- duration: 2ms -->
    <step title="Acquired Deployment Lock" date="2025-07-21T02:09:50.789" /><!-- duration: 3ms -->
    <step title="Creating temporary deployment" date="2025-07-21T02:09:50.799" /><!-- duration: 232ms -->
    <step title="GitExeServer.Receive" date="2025-07-21T02:09:51.034" >
      <step title="Executing external process" date="2025-07-21T02:09:51.037" type="process" path="git" arguments="receive-pack --stateless-rpc &quot;/home/site/repository&quot;" /><!-- duration: 213335ms -->
    </step><!-- duration: 213349ms -->
    <step title="Releasing Deployment Lock" date="2025-07-21T02:13:24.695" /><!-- duration: 12ms -->
  </step><!-- duration: 214112ms -->
  <step title="Outgoing response" date="2025-07-21T02:13:24.742" type="response" statusCode="200" statusText="OK" /><!-- duration: 3ms -->
</step><!-- duration: 214219ms -->
