<step title="Incoming Request" date="2025-07-01T18:50:21.355" instance="978831" url="/ai-learning-tracker-bharath.git/info/refs?service=git-receive-pack" method="GET" type="request" pid="807,1,5" Accept="*/*" Host="ai-learning-tracker-bharath.scm.azurewebsites.net" User-Agent="git/2.50.0.windows.1" Accept-Encoding="deflate, gzip, br, zstd" Authorization="Bas..." Pragma="no-cache" X-ARR-LOG-ID="5caffc9e-43b8-425a-9350-33dc52fd679d" CLIENT-IP="122.174.71.5:53284" X-SITE-DEPLOYMENT-ID="ai-learning-tracker-bharath" WAS-DEFAULT-HOSTNAME="ai-learning-tracker-bharath.scm.azurewebsites.net" X-Forwarded-Proto="https" X-AppService-Proto="https" X-Forwarded-TlsVersion="1.3" X-WAWS-Unencoded-URL="/ai-learning-tracker-bharath.git/info/refs?service=git-receive-pack" X-Client-IP="122.174.71.5" X-Client-Port="53284" >
  <step title="InfoRefsService.Execute" date="2025-07-01T18:50:23.456" >
    <step title="Executing external process" date="2025-07-01T18:50:23.513" type="process" path="git" arguments="rev-parse --git-dir" /><!-- duration: 177ms -->
    <step title="Assuming git repository at /home/site/repository" date="2025-07-01T18:50:23.710" /><!-- duration: 8ms -->
    <step title="InfoRefsService.SmartInfoRefs" date="2025-07-01T18:50:23.737" >
      <step title="Executing external process" date="2025-07-01T18:50:23.787" type="process" path="git" arguments="rev-parse --git-dir" /><!-- duration: 57ms -->
      <step title="Assuming git repository at /home/site/repository" date="2025-07-01T18:50:23.853" /><!-- duration: 12ms -->
      <step title="GitExeServer.AdvertiseReceivePack" date="2025-07-01T18:50:23.882" >
        <step title="Executing external process" date="2025-07-01T18:50:23.886" type="process" path="git" arguments="receive-pack --stateless-rpc --advertise-refs &quot;/home/site/repository&quot;" /><!-- duration: 173ms -->
      </step><!-- duration: 185ms -->
      <step title="Writing 182 bytes" date="2025-07-01T18:50:24.076" /><!-- duration: 2ms -->
    </step><!-- duration: 350ms -->
  </step><!-- duration: 650ms -->
  <step title="Outgoing response" date="2025-07-01T18:50:24.214" type="response" statusCode="200" statusText="OK" /><!-- duration: 3ms -->
</step><!-- duration: 2870ms -->
