<step title="Incoming Request" date="2025-07-27T20:04:18.985" instance="831bc3" url="/ai-learning-tracker-bharath.git/info/refs?service=git-receive-pack" method="GET" type="request" pid="805,1,24" Accept="*/*" Host="ai-learning-tracker-bharath.scm.azurewebsites.net" User-Agent="git/2.50.1.windows.1" Accept-Encoding="deflate, gzip, br, zstd" Authorization="Bas..." Pragma="no-cache" X-ARR-LOG-ID="6e789af2-ae3c-4b8f-8b46-1c5e7df170aa" CLIENT-IP="122.177.243.138:11636" X-SITE-DEPLOYMENT-ID="ai-learning-tracker-bharath" WAS-DEFAULT-HOSTNAME="ai-learning-tracker-bharath.scm.azurewebsites.net" X-Forwarded-Proto="https" X-AppService-Proto="https" X-Forwarded-TlsVersion="1.3" X-WAWS-Unencoded-URL="/ai-learning-tracker-bharath.git/info/refs?service=git-receive-pack" X-Client-IP="122.177.243.138" X-Client-Port="11636" >
  <step title="InfoRefsService.Execute" date="2025-07-27T20:04:21.066" >
    <step title="Executing external process" date="2025-07-27T20:04:21.105" type="process" path="git" arguments="rev-parse --git-dir" /><!-- duration: 197ms -->
    <step title="Assuming git repository at /home/site/repository" date="2025-07-27T20:04:21.329" /><!-- duration: 3ms -->
    <step title="InfoRefsService.SmartInfoRefs" date="2025-07-27T20:04:21.337" >
      <step title="Executing external process" date="2025-07-27T20:04:21.360" type="process" path="git" arguments="rev-parse --git-dir" /><!-- duration: 22ms -->
      <step title="Assuming git repository at /home/site/repository" date="2025-07-27T20:04:21.385" /><!-- duration: 4ms -->
      <step title="GitExeServer.AdvertiseReceivePack" date="2025-07-27T20:04:21.397" >
        <step title="Executing external process" date="2025-07-27T20:04:21.402" type="process" path="git" arguments="receive-pack --stateless-rpc --advertise-refs &quot;/home/site/repository&quot;" /><!-- duration: 52ms -->
      </step><!-- duration: 67ms -->
      <step title="Writing 182 bytes" date="2025-07-27T20:04:21.468" /><!-- duration: 2ms -->
    </step><!-- duration: 136ms -->
  </step><!-- duration: 411ms -->
  <step title="Outgoing response" date="2025-07-27T20:04:21.545" type="response" statusCode="200" statusText="OK" /><!-- duration: 20ms -->
</step><!-- duration: 2582ms -->
