<step title="Incoming Request" date="2025-07-18T02:26:08.628" instance="831bc3" url="/ai-learning-tracker-bharath.git/info/refs?service=git-receive-pack" method="GET" type="request" pid="803,1,26" Accept="*/*" Host="ai-learning-tracker-bharath.scm.azurewebsites.net" User-Agent="git/2.50.1.windows.1" Accept-Encoding="deflate, gzip, br, zstd" Authorization="Bas..." Pragma="no-cache" X-ARR-LOG-ID="ce9c8adc-dec3-43c8-8dc3-e223b14128f6" CLIENT-IP="122.177.242.199:31143" X-SITE-DEPLOYMENT-ID="ai-learning-tracker-bharath" WAS-DEFAULT-HOSTNAME="ai-learning-tracker-bharath.scm.azurewebsites.net" X-Forwarded-Proto="https" X-AppService-Proto="https" X-Forwarded-TlsVersion="1.3" X-WAWS-Unencoded-URL="/ai-learning-tracker-bharath.git/info/refs?service=git-receive-pack" X-Client-IP="122.177.242.199" X-Client-Port="31143" >
  <step title="Cleanup Xml Logs" date="2025-07-18T02:26:08.770" /><!-- duration: 9ms -->
  <step title="InfoRefsService.Execute" date="2025-07-18T02:26:08.839" >
    <step title="Executing external process" date="2025-07-18T02:26:08.868" type="process" path="git" arguments="rev-parse --git-dir" /><!-- duration: 38ms -->
    <step title="Assuming git repository at /home/site/repository" date="2025-07-18T02:26:08.909" /><!-- duration: 1ms -->
    <step title="InfoRefsService.SmartInfoRefs" date="2025-07-18T02:26:08.913" >
      <step title="Executing external process" date="2025-07-18T02:26:08.931" type="process" path="git" arguments="rev-parse --git-dir" /><!-- duration: 40ms -->
      <step title="Assuming git repository at /home/site/repository" date="2025-07-18T02:26:09.001" /><!-- duration: 8ms -->
      <step title="GitExeServer.AdvertiseReceivePack" date="2025-07-18T02:26:09.018" >
        <step title="Executing external process" date="2025-07-18T02:26:09.020" type="process" path="git" arguments="receive-pack --stateless-rpc --advertise-refs &quot;/home/site/repository&quot;" /><!-- duration: 94ms -->
      </step><!-- duration: 101ms -->
      <step title="Writing 182 bytes" date="2025-07-18T02:26:09.121" /><!-- duration: 1ms -->
    </step><!-- duration: 214ms -->
  </step><!-- duration: 289ms -->
  <step title="Outgoing response" date="2025-07-18T02:26:09.139" type="response" statusCode="200" statusText="OK" /><!-- duration: 1ms -->
</step><!-- duration: 514ms -->
