<step title="Executing external process" date="2025-06-29T11:01:58.876" instance="978831" type="process" path="kudu.exe" arguments="/home/site /opt/Kudu/msbuild" >
  <step title="Cleanup Xml Logs" date="2025-06-29T11:01:58.892" /><!-- duration: 8ms -->
  <step title="Deployment timer started" date="2025-06-29T11:01:58.946" >
    <step title="Executing external process" date="2025-06-29T11:01:58.974" type="process" path="git" arguments="log -n 1 master --" /><!-- duration: 149ms -->
    <step title="DeploymentManager.Deploy(id:edd81d368323ae59b1906165559d556c943739d2)" date="2025-06-29T11:01:59.135" >
      <step title="Collecting changeset information" date="2025-06-29T11:01:59.164" /><!-- duration: 291ms -->
      <step title="Updating to specific changeset" date="2025-06-29T11:01:59.468" >
        <step title="Executing external process" date="2025-06-29T11:02:00.621" type="process" path="git" arguments="checkout master --force" /><!-- duration: 693ms -->
      </step><!-- duration: 1873ms -->
      <step title="Updating submodules" date="2025-06-29T11:02:01.351" /><!-- duration: 300ms -->
      <step title="Determining deployment builder" date="2025-06-29T11:02:02.159" >
        <step title="Builder is OryxBuilder" date="2025-06-29T11:02:02.302" /><!-- duration: 15ms -->
      </step><!-- duration: 171ms -->
      <step title="PreDeployment: context.CleanOutputPath False" date="2025-06-29T11:02:02.462" >
        <step title="PreDeployment: context.OutputPath /home/site/wwwroot" date="2025-06-29T11:02:02.668" >
          <step title="Building" date="2025-06-29T11:02:02.872" >
            <step title="Executing external process" date="2025-06-29T11:02:03.516" type="process" path="bash" arguments="-c &quot;oryx build /home/site/repository -o /home/site/wwwroot --platform python --platform-version 3.9 -p virtualenv_name=antenv --log-file /tmp/build-debug.log  -i /tmp/8ddb6fc607ea6a2 --compress-destination-dir | tee /tmp/oryx-build.log ; exit $PIPESTATUS &quot;" /><!-- duration: 70636ms -->
            <step title="Using PythonDeploymentLogParser" date="2025-06-29T11:03:14.551" /><!-- duration: 3ms -->
            <step title="Triggering recycle (preview mode disabled)." date="2025-06-29T11:03:15.351" /><!-- duration: 9ms -->
            <step title="Modified file to trigger a restart of the app container." date="2025-06-29T11:03:15.379" /><!-- duration: 3ms -->
            <step title="Skip function trigger and logicapp sync because function is not enabled." date="2025-06-29T11:03:15.408" /><!-- duration: 3ms -->
          </step><!-- duration: 73528ms -->
        </step><!-- duration: 73737ms -->
        <step title="Cleaning up temp files" date="2025-06-29T11:03:16.408" /><!-- duration: 1809ms -->
        <step title="Cleaning up temp files" date="2025-06-29T11:03:18.229" /><!-- duration: 530ms -->
        <step title="Reloading status file with latest updates" date="2025-06-29T11:03:18.788" >
          <step title="WebHooksManager.PublishEventAsync: PostDeployment" date="2025-06-29T11:03:18.797" /><!-- duration: 152ms -->
        </step><!-- duration: 169ms -->
        <step title="Executing external process" date="2025-06-29T11:03:18.981" type="process" path="git" arguments="log -n 1 master --" /><!-- duration: 79ms -->
      </step><!-- duration: 76606ms -->
      <step title="Perform deploy exiting successfully" date="2025-06-29T11:03:19.075" 