<step title="Incoming Request" date="2025-06-29T20:03:13.661" instance="978831" url="/ai-learning-tracker-bharath.git/info/refs?service=git-receive-pack" method="GET" type="request" pid="807,1,74" Accept="*/*" Host="ai-learning-tracker-bharath.scm.azurewebsites.net" User-Agent="git/2.50.0.windows.1" Accept-Encoding="deflate, gzip, br, zstd" Authorization="Bas..." Pragma="no-cache" X-ARR-LOG-ID="8870c204-c7a2-4767-8bc1-3a397275a974" CLIENT-IP="106.201.160.25:56758" X-SITE-DEPLOYMENT-ID="ai-learning-tracker-bharath" WAS-DEFAULT-HOSTNAME="ai-learning-tracker-bharath.scm.azurewebsites.net" X-Forwarded-Proto="https" X-AppService-Proto="https" X-Forwarded-TlsVersion="1.3" X-WAWS-Unencoded-URL="/ai-learning-tracker-bharath.git/info/refs?service=git-receive-pack" X-Client-IP="106.201.160.25" X-Client-Port="56758" >
  <step title="Cleanup Xml Logs" date="2025-06-29T20:03:13.668" /><!-- duration: 24ms -->
  <step title="InfoRefsService.Execute" date="2025-06-29T20:03:13.722" >
    <step title="Executing external process" date="2025-06-29T20:03:13.743" type="process" path="git" arguments="rev-parse --git-dir" /><!-- duration: 56ms -->
    <step title="Assuming git repository at /home/site/repository" date="2025-06-29T20:03:13.806" /><!-- duration: 2ms -->
    <step title="InfoRefsService.SmartInfoRefs" date="2025-06-29T20:03:13.812" >
      <step title="Executing external process" date="2025-06-29T20:03:13.823" type="process" path="git" arguments="rev-parse --git-dir" /><!-- duration: 35ms -->
      <step title="Assuming git repository at /home/site/repository" date="2025-06-29T20:03:13.863" /><!-- duration: 4ms -->
      <step title="GitExeServer.AdvertiseReceivePack" date="2025-06-29T20:03:13.925" >
        <step title="Executing external process" date="2025-06-29T20:03:13.941" type="process" path="git" arguments="receive-pack --stateless-rpc --advertise-refs &quot;/home/site/repository&quot;" /><!-- duration: 115ms -->
      </step><!-- duration: 133ms -->
      <step title="Writing 182 bytes" date="2025-06-29T20:03:14.060" /><!-- duration: 2ms -->
    </step><!-- duration: 252ms -->
  </step><!-- duration: 344ms -->
  <step title="Outgoing response" date="2025-06-29T20:03:14.071" type="response" statusCode="200" statusText="OK" /><!-- duration: 2ms -->
</step><!-- duration: 413ms -->
