<step title="Incoming Request" date="2025-07-21T04:11:58.192" instance="831bc3" url="/ai-learning-tracker-bharath.git/git-receive-pack" method="POST" type="request" pid="807,1,53" Accept="application/x-git-receive-pack-result" Host="ai-learning-tracker-bharath.scm.azurewebsites.net" User-Agent="git/2.50.1.windows.1" Accept-Encoding="deflate, gzip, br, zstd" Authorization="Bas..." Content-Type="application/x-git-receive-pack-request" Content-Length="36346" X-ARR-LOG-ID="0f3eaa4e-548e-4f05-a352-ce06a8f4a9aa" CLIENT-IP="122.177.245.132:31564" X-SITE-DEPLOYMENT-ID="ai-learning-tracker-bharath" WAS-DEFAULT-HOSTNAME="ai-learning-tracker-bharath.scm.azurewebsites.net" X-Forwarded-Proto="https" X-AppService-Proto="https" X-Forwarded-TlsVersion="1.3" X-WAWS-Unencoded-URL="/ai-learning-tracker-bharath.git/git-receive-pack" X-Client-IP="122.177.245.132" X-Client-Port="31564" >
  <step title="RpcService.ReceivePack" date="2025-07-21T04:11:58.258" >
    <step title="Executing external process" date="2025-07-21T04:11:58.275" type="process" path="git" arguments="rev-parse --git-dir" /><!-- duration: 48ms -->
    <step title="Assuming git repository at /home/site/repository" date="2025-07-21T04:11:58.325" /><!-- duration: 8ms -->
    <step title="Acquiring Deployment Lock" date="2025-07-21T04:11:58.346" /><!-- duration: 2ms -->
    <step title="Acquired Deployment Lock" date="2025-07-21T04:11:58.395" /><!-- duration: 16ms -->
    <step title="Creating temporary deployment" date="2025-07-21T04:11:58.441" /><!-- duration: 190ms -->
    <step title="GitExeServer.Receive" date="2025-07-21T04:11:58.634" >
      <step title="Executing external process" date="2025-07-21T04:11:58.636" type="process" path="git" arguments="receive-pack --stateless-rpc &quot;/home/site/repository&quot;" /><!-- duration: 156212ms -->
    </step><!-- duration: 156220ms -->
    <step title="Releasing Deployment Lock" date="2025-07-21T04:14:35.011" /><!-- duration: 5ms -->
  </step><!-- duration: 156770ms -->
  <step title="Outgoing response" date="2025-07-21T04:14:35.080" type="response" statusCode="200" statusText="OK" /><!-- duration: 3ms -->
</step><!-- duration: 156894ms -->
