<step title="Incoming Request" date="2025-07-01T15:23:35.277" instance="978831" url="/ai-learning-tracker-bharath.git/git-receive-pack" method="POST" type="request" pid="807,1,37" Accept="application/x-git-receive-pack-result" Host="ai-learning-tracker-bharath.scm.azurewebsites.net" User-Agent="git/2.50.0.windows.1" Accept-Encoding="deflate, gzip, br, zstd" Authorization="Bas..." Content-Type="application/x-git-receive-pack-request" Content-Length="2045" X-ARR-LOG-ID="3b387f14-4a8a-4949-a4ef-2786deb4bba5" CLIENT-IP="122.174.71.5:64574" X-SITE-DEPLOYMENT-ID="ai-learning-tracker-bharath" WAS-DEFAULT-HOSTNAME="ai-learning-tracker-bharath.scm.azurewebsites.net" X-Forwarded-Proto="https" X-AppService-Proto="https" X-Forwarded-TlsVersion="1.3" X-WAWS-Unencoded-URL="/ai-learning-tracker-bharath.git/git-receive-pack" X-Client-IP="122.174.71.5" X-Client-Port="64574" >
  <step title="RpcService.ReceivePack" date="2025-07-01T15:23:35.294" >
    <step title="Executing external process" date="2025-07-01T15:23:35.312" type="process" path="git" arguments="rev-parse --git-dir" /><!-- duration: 155ms -->
    <step title="Assuming git repository at /home/site/repository" date="2025-07-01T15:23:35.469" /><!-- duration: 3ms -->
    <step title="Acquiring Deployment Lock" date="2025-07-01T15:23:35.478" /><!-- duration: 2ms -->
    <step title="Acquired Deployment Lock" date="2025-07-01T15:23:35.512" /><!-- duration: 3ms -->
    <step title="Creating temporary deployment" date="2025-07-01T15:23:35.522" /><!-- duration: 186ms -->
    <step title="GitExeServer.Receive" date="2025-07-01T15:23:35.719" >
      <step title="Executing external process" date="2025-07-01T15:23:35.738" type="process" path="git" arguments="receive-pack --stateless-rpc &quot;/home/site/repository&quot;" /><!-- duration: 70574ms -->
    </step><!-- duration: 70603ms -->
    <step title="Releasing Deployment Lock" date="2025-07-01T15:24:46.424" /><!-- duration: 5ms -->
  </step><!-- duration: 71147ms -->
  <step title="Outgoing response" date="2025-07-01T15:24:46.447" type="response" statusCode="200" statusText="OK" /><!-- duration: 5ms -->
</step><!-- duration: 71178ms -->
