<step title="Incoming Request" date="2025-07-21T05:13:19.288" instance="831bc3" url="/ai-learning-tracker-bharath.git/info/refs?service=git-receive-pack" method="GET" type="request" pid="803,1,5" Accept="*/*" Host="ai-learning-tracker-bharath.scm.azurewebsites.net" User-Agent="git/2.50.1.windows.1" Accept-Encoding="deflate, gzip, br, zstd" Authorization="Bas..." Pragma="no-cache" X-ARR-LOG-ID="b20e1e00-127b-4028-b94f-fb052dede629" CLIENT-IP="223.228.112.97:46403" X-SITE-DEPLOYMENT-ID="ai-learning-tracker-bharath" WAS-DEFAULT-HOSTNAME="ai-learning-tracker-bharath.scm.azurewebsites.net" X-Forwarded-Proto="https" X-AppService-Proto="https" X-Forwarded-TlsVersion="1.3" X-WAWS-Unencoded-URL="/ai-learning-tracker-bharath.git/info/refs?service=git-receive-pack" X-Client-IP="223.228.112.97" X-Client-Port="46403" >
  <step title="InfoRefsService.Execute" date="2025-07-21T05:13:20.169" >
    <step title="Executing external process" date="2025-07-21T05:13:20.183" type="process" path="git" arguments="rev-parse --git-dir" /><!-- duration: 129ms -->
    <step title="Assuming git repository at /home/site/repository" date="2025-07-21T05:13:20.320" /><!-- duration: 3ms -->
    <step title="InfoRefsService.SmartInfoRefs" date="2025-07-21T05:13:20.329" >
      <step title="Executing external process" date="2025-07-21T05:13:20.344" type="process" path="git" arguments="rev-parse --git-dir" /><!-- duration: 23ms -->
      <step title="Assuming git repository at /home/site/repository" date="2025-07-21T05:13:20.373" /><!-- duration: 4ms -->
      <step title="GitExeServer.AdvertiseReceivePack" date="2025-07-21T05:13:20.383" >
        <step title="Executing external process" date="2025-07-21T05:13:20.385" type="process" path="git" arguments="receive-pack --stateless-rpc --advertise-refs &quot;/home/site/repository&quot;" /><!-- duration: 47ms -->
      </step><!-- duration: 52ms -->
      <step title="Writing 182 bytes" date="2025-07-21T05:13:20.438" /><!-- duration: 5ms -->
    </step><!-- duration: 117ms -->
  </step><!-- duration: 280ms -->
  <step title="Outgoing response" date="2025-07-21T05:13:20.465" type="response" statusCode="200" statusText="OK" /><!-- duration: 2ms -->
</step><!-- duration: 1186ms -->
