<step title="Incoming Request" date="2025-07-21T09:07:42.739" instance="831bc3" url="/ai-learning-tracker-bharath.git/git-receive-pack" method="POST" type="request" pid="803,1,28" Accept="application/x-git-receive-pack-result" Host="ai-learning-tracker-bharath.scm.azurewebsites.net" User-Agent="git/2.50.1.windows.1" Accept-Encoding="deflate, gzip, br, zstd" Authorization="Bas..." Content-Type="application/x-git-receive-pack-request" Content-Length="1755" X-ARR-LOG-ID="a99aa590-8ed2-40ef-bd00-9e1eb31ea305" CLIENT-IP="122.177.245.132:24075" X-SITE-DEPLOYMENT-ID="ai-learning-tracker-bharath" WAS-DEFAULT-HOSTNAME="ai-learning-tracker-bharath.scm.azurewebsites.net" X-Forwarded-Proto="https" X-AppService-Proto="https" X-Forwarded-TlsVersion="1.3" X-WAWS-Unencoded-URL="/ai-learning-tracker-bharath.git/git-receive-pack" X-Client-IP="122.177.245.132" X-Client-Port="24075" >
  <step title="RpcService.ReceivePack" date="2025-07-21T09:07:42.949" >
    <step title="Executing external process" date="2025-07-21T09:07:43.016" type="process" path="git" arguments="rev-parse --git-dir" /><!-- duration: 140ms -->
    <step title="Assuming git repository at /home/site/repository" date="2025-07-21T09:07:43.177" /><!-- duration: 9ms -->
    <step title="Acquiring Deployment Lock" date="2025-07-21T09:07:43.227" /><!-- duration: 20ms -->
    <step title="Acquired Deployment Lock" date="2025-07-21T09:07:43.385" /><!-- duration: 19ms -->
    <step title="Creating temporary deployment" date="2025-07-21T09:07:43.443" /><!-- duration: 241ms -->
    <step title="GitExeServer.Receive" date="2025-07-21T09:07:43.705" >
      <step title="Executing external process" date="2025-07-21T09:07:43.746" type="process" path="git" arguments="receive-pack --stateless-rpc &quot;/home/site/repository&quot;" /><!-- duration: 240655ms -->
    </step><!-- duration: 240705ms -->
    <step title="Releasing Deployment Lock" date="2025-07-21T09:11:44.532" /><!-- duration: 4ms -->
  </step><!-- duration: 241598ms -->
  <step title="Outgoing response" date="2025-07-21T09:11:44.585" type="response" statusCode="200" statusText="OK" /><!-- duration: 4ms -->
</step><!-- duration: 241854ms -->
