<step title="Incoming Request" date="2025-06-30T19:03:37.336" instance="978831" url="/ai-learning-tracker-bharath.git/git-receive-pack" method="POST" type="request" pid="807,1,22" Accept="application/x-git-receive-pack-result" Host="ai-learning-tracker-bharath.scm.azurewebsites.net" User-Agent="git/2.50.0.windows.1" Accept-Encoding="deflate, gzip, br, zstd" Authorization="Bas..." Content-Type="application/x-git-receive-pack-request" Content-Length="1648" X-ARR-LOG-ID="87d0835a-688c-4653-ae9e-da1d4fbcad84" CLIENT-IP="106.201.160.25:61458" X-SITE-DEPLOYMENT-ID="ai-learning-tracker-bharath" WAS-DEFAULT-HOSTNAME="ai-learning-tracker-bharath.scm.azurewebsites.net" X-Forwarded-Proto="https" X-AppService-Proto="https" X-Forwarded-TlsVersion="1.3" X-WAWS-Unencoded-URL="/ai-learning-tracker-bharath.git/git-receive-pack" X-Client-IP="106.201.160.25" X-Client-Port="61458" >
  <step title="RpcService.ReceivePack" date="2025-06-30T19:03:37.367" >
    <step title="Executing external process" date="2025-06-30T19:03:37.410" type="process" path="git" arguments="rev-parse --git-dir" /><!-- duration: 40ms -->
    <step title="Assuming git repository at /home/site/repository" date="2025-06-30T19:03:37.451" /><!-- duration: 3ms -->
    <step title="Acquiring Deployment Lock" date="2025-06-30T19:03:37.463" /><!-- duration: 20ms -->
    <step title="Acquired Deployment Lock" date="2025-06-30T19:03:37.508" /><!-- duration: 3ms -->
    <step title="Creating temporary deployment" date="2025-06-30T19:03:37.963" /><!-- duration: 90ms -->
    <step title="GitExeServer.Receive" date="2025-06-30T19:03:38.059" >
      <step title="Executing external process" date="2025-06-30T19:03:38.241" type="process" path="git" arguments="receive-pack --stateless-rpc &quot;/home/site/repository&quot;" /><!-- duration: 64253ms -->
    </step><!-- duration: 64456ms -->
    <step title="Releasing Deployment Lock" date="2025-06-30T19:04:42.787" /><!-- duration: 10ms -->
  </step><!-- duration: 65459ms -->
  <step title="Outgoing response" date="2025-06-30T19:04:42.855" type="response" statusCode="200" statusText="OK" /><!-- duration: 19ms -->
</step><!-- duration: 65547ms -->
