<step title="Executing external process" date="2025-07-25T08:49:35.828" instance="831bc3" type="process" path="kudu.exe" arguments="/home/site /opt/Kudu/msbuild" >
  <step title="Cleanup Xml Logs" date="2025-07-25T08:49:35.845" >
    <step title="Cleanup Infos" date="2025-07-25T08:49:35.863" totalFiles="328" totalCleanup="168" /><!-- duration: 5ms -->
  </step><!-- duration: 28ms -->
  <step title="Deployment timer started" date="2025-07-25T08:49:35.911" >
    <step title="Executing external process" date="2025-07-25T08:49:35.939" type="process" path="git" arguments="log -n 1 master --" /><!-- duration: 162ms -->
    <step title="DeploymentManager.Deploy(id:0992ded46b95a3c6b0c50ede74c3fe267be753db)" date="2025-07-25T08:49:36.119" >
      <step title="Collecting changeset information" date="2025-07-25T08:49:36.146" /><!-- duration: 302ms -->
      <step title="Updating to specific changeset" date="2025-07-25T08:49:36.470" >
        <step title="Executing external process" date="2025-07-25T08:49:37.688" type="process" path="git" arguments="checkout master --force" /><!-- duration: 2456ms -->
      </step><!-- duration: 3681ms -->
      <step title="Updating submodules" date="2025-07-25T08:49:40.156" /><!-- duration: 119ms -->
      <step title="Determining deployment builder" date="2025-07-25T08:49:40.518" >
        <step title="Builder is OryxBuilder" date="2025-07-25T08:49:40.537" /><!-- duration: 3ms -->
      </step><!-- duration: 25ms -->
      <step title="PreDeployment: context.CleanOutputPath False" date="2025-07-25T08:49:40.583" >
        <step title="PreDeployment: context.OutputPath /home/site/wwwroot" date="2025-07-25T08:49:40.697" >
          <step title="Building" date="2025-07-25T08:49:40.820" >
            <step title="Executing external process" date="2025-07-25T08:49:41.105" type="process" path="bash" arguments="-c &quot;oryx build /home/site/repository -o /home/site/wwwroot --platform python --platform-version 3.9 -p virtualenv_name=antenv --log-file /tmp/build-debug.log  -i /tmp/8ddcb58318e8d6d --compress-destination-dir | tee /tmp/oryx-build.log ; exit $PIPESTATUS &quot;" >
              <step title="Cpu: python(79940,42.720s)+ts(79941,0.070s)+build.sh(79939,0.000s)+build.sh(79938,0.000s)+build.sh(79851,0.040s)+oryx(79831,4.410s)+tee(79832,0.000s)+bash(79830,0.000s)=total(47.230s)" date="2025-07-25T08:51:35.075" /><!-- duration: 58ms -->
              <step title="bash: no io activity for 61s, prev-cpu=-1.000s, current-cpu=47.230s" date="2025-07-25T08:51:35.179" /><!-- duration: 19ms -->
              <step title="Cpu: gzip(79995,19.400s)+sh(79994,0.000s)+tar(79993,1.970s)+build.sh(79851,0.070s)+oryx(79831,4.670s)+tee(79832,0.010s)+bash(79830,0.000s)=total(26.120s)" date="2025-07-25T08:53:31.870" /><!-- duration: 26ms -->
              <step title="bash: no io activity for 60s, prev-cpu=-1.000s, current-cpu=26.120s" date="2025-07-25T08:53:31.920" /><!-- duration: 12ms -->
            </step><!-- duration: 238811ms -->
            <step title="Using PythonDeploymentLogParser" date="2025-07-25T08:53:40.377" /><!-- duration: 3ms -->
            <step title="Triggering recycle (preview mode disabled)." date="2025-07-25T08:53:41.506" /><!-- duration: 5ms -->
            <step title="Modified file to trigger a restart of the app container." date="2025-07-25T08:53:41.538" /><!-- duration: 3ms -->
            <step title="Skip function trigger and logicapp sync because function is not enabled." date="2025-07-25T08:53:41.573" /><!-- duration: 19ms -->
            <step title="Purge deployment items" date="2025-07-25T08:53:42.838" >
              <step title="Remove 99f038330, Success, received at 07/21/2025 05:01:00" date="2025-07-25T08:53:42.919" /><!-- duration: 3ms -->
            </step><!-- duration: 87ms -->
          </step><!-- duration: 242169ms -->
        </step><!-- duration: 242296ms -->
        <step title="Cleaning up temp files" date="2025-07-25T08:53:42.997" /><!-- duration: 7179ms -->
        <step title="Cleaning up temp files" date="2025-07-25T08:53:50.215" /><!-- duration: 545ms -->
        <step title="Reloading status file with latest updates" date="2025-07-25T08:53:50.809" >
          <step title="WebHooksManager.PublishEventAsync: PostDeployment" date="2025-07-25T08:53:50.830" /><!-- duration: 942ms -->
        </step><!-- duration: 974ms -->
        <step title="Executing external process" date="2025-07-25T08:53:51.889" type="process" path="git" arguments="log -n 1 master --" /><!-- duration: 373ms -->
      </step><!-- duration: 251698ms -->
      <step title="Perform deploy exiting successfully" date="2025-07-25T08:53:52.301" 