<step title="Incoming Request" date="2025-07-19T07:16:05.208" instance="831bc3" url="/ai-learning-tracker-bharath.git/git-receive-pack" method="POST" type="request" pid="803,1,49" Accept="application/x-git-receive-pack-result" Host="ai-learning-tracker-bharath.scm.azurewebsites.net" User-Agent="git/2.50.1.windows.1" Accept-Encoding="deflate, gzip, br, zstd" Authorization="Bas..." Content-Type="application/x-git-receive-pack-request" Content-Length="9908" X-ARR-LOG-ID="44b3f13c-cd5a-4666-9b2c-06efb68735a4" CLIENT-IP="122.177.246.142:12279" X-SITE-DEPLOYMENT-ID="ai-learning-tracker-bharath" WAS-DEFAULT-HOSTNAME="ai-learning-tracker-bharath.scm.azurewebsites.net" X-Forwarded-Proto="https" X-AppService-Proto="https" X-Forwarded-TlsVersion="1.3" X-WAWS-Unencoded-URL="/ai-learning-tracker-bharath.git/git-receive-pack" X-Client-IP="122.177.246.142" X-Client-Port="12279" >
  <step title="RpcService.ReceivePack" date="2025-07-19T07:16:05.230" >
    <step title="Executing external process" date="2025-07-19T07:16:05.250" type="process" path="git" arguments="rev-parse --git-dir" /><!-- duration: 31ms -->
    <step title="Assuming git repository at /home/site/repository" date="2025-07-19T07:16:05.283" /><!-- duration: 3ms -->
    <step title="Acquiring Deployment Lock" date="2025-07-19T07:16:05.293" /><!-- duration: 2ms -->
    <step title="Acquired Deployment Lock" date="2025-07-19T07:16:05.342" /><!-- duration: 3ms -->
    <step title="Creating temporary deployment" date="2025-07-19T07:16:05.355" /><!-- duration: 138ms -->
    <step title="GitExeServer.Receive" date="2025-07-19T07:16:05.497" >
      <step title="Executing external process" date="2025-07-19T07:16:05.657" type="process" path="git" arguments="receive-pack --stateless-rpc &quot;/home/site/repository&quot;" /><!-- duration: 138514ms -->
    </step><!-- duration: 138680ms -->
    <step title="Releasing Deployment Lock" date="2025-07-19T07:18:24.375" /><!-- duration: 8ms -->
  </step><!-- duration: 139165ms -->
  <step title="Outgoing response" date="2025-07-19T07:18:24.405" type="response" statusCode="200" statusText="OK" /><!-- duration: 7ms -->
</step><!-- duration: 139206ms -->
