﻿<?xml version="1.0" encoding="utf-8"?>
<deployment>
  <id>a1229813bbcc6b64622d0ecb0b3897ab2c04fec3</id>
  <author>Bharath Srinivasan</author>
  <deployer>bharath-deploy</deployer>
  <authorEmail>sbharathind@gmail.com</authorEmail>
  <message>Fix Azure SQL cursor wrapper - resolve 'fetchone is read-only' error</message>
  <progress></progress>
  <status>Success</status>
  <statusText></statusText>
  <lastSuccessEndTime>2025-08-07T19:47:37.1127062Z</lastSuccessEndTime>
  <receivedTime>2025-08-07T19:44:51.1605323Z</receivedTime>
  <startTime>2025-08-07T19:44:57.2181292Z</startTime>
  <endTime>2025-08-07T19:47:37.1127062Z</endTime>
  <complete>True</complete>
  <is_temp>False</is_temp>
  <is_readonly>False</is_readonly>
  <buildSummary />
</deployment>