﻿<?xml version="1.0" encoding="utf-8"?>
<deployment>
  <id>6b4cdaab94ea0e2578897babc27259a87209a9a9</id>
  <author>Bharath Srinivasan</author>
  <deployer>bharath-deploy</deployer>
  <authorEmail>sbharathind@gmail.com</authorEmail>
  <message>Fix admin password change functionality - Add POST method support and complete implementation</message>
  <progress></progress>
  <status>Success</status>
  <statusText></statusText>
  <lastSuccessEndTime>2025-08-10T03:10:48.309421Z</lastSuccessEndTime>
  <receivedTime>2025-08-10T03:07:32.7282649Z</receivedTime>
  <startTime>2025-08-10T03:07:39.8156438Z</startTime>
  <endTime>2025-08-10T03:10:48.309421Z</endTime>
  <complete>True</complete>
  <is_temp>False</is_temp>
  <is_readonly>False</is_readonly>
  <buildSummary />
</deployment>