<step title="Incoming Request" date="2025-06-28T06:45:34.086" instance="978831" url="/ai-learning-tracker-bharath.git/info/refs?service=git-receive-pack" method="GET" type="request" pid="807,1,36" Accept="*/*" Host="ai-learning-tracker-bharath.scm.azurewebsites.net" User-Agent="git/2.50.0.windows.1" Accept-Encoding="deflate, gzip, br, zstd" Authorization="Bas..." Pragma="no-cache" X-ARR-LOG-ID="18caaecd-002f-48ed-8873-cb4e4e9b9996" CLIENT-IP="106.201.160.25:55692" X-SITE-DEPLOYMENT-ID="ai-learning-tracker-bharath" WAS-DEFAULT-HOSTNAME="ai-learning-tracker-bharath.scm.azurewebsites.net" X-Forwarded-Proto="https" X-AppService-Proto="https" X-Forwarded-TlsVersion="1.3" X-WAWS-Unencoded-URL="/ai-learning-tracker-bharath.git/info/refs?service=git-receive-pack" X-Client-IP="106.201.160.25" X-Client-Port="55692" >
  <step title="Cleanup Xml Logs" date="2025-06-28T06:45:34.140" /><!-- duration: 30ms -->
  <step title="InfoRefsService.Execute" date="2025-06-28T06:45:34.322" >
    <step title="Executing external process" date="2025-06-28T06:45:34.359" type="process" path="git" arguments="rev-parse --git-dir" /><!-- duration: 74ms -->
    <step title="Assuming git repository at /home/site/repository" date="2025-06-28T06:45:34.444" /><!-- duration: 22ms -->
    <step title="InfoRefsService.SmartInfoRefs" date="2025-06-28T06:45:34.472" >
      <step title="Executing external process" date="2025-06-28T06:45:34.487" type="process" path="git" arguments="rev-parse --git-dir" /><!-- duration: 20ms -->
      <step title="Assuming git repository at /home/site/repository" date="2025-06-28T06:45:34.513" /><!-- duration: 2ms -->
      <step title="GitExeServer.AdvertiseReceivePack" date="2025-06-28T06:45:34.518" >
        <step title="Executing external process" date="2025-06-28T06:45:34.520" type="process" path="git" arguments="receive-pack --stateless-rpc --advertise-refs &quot;/home/site/repository&quot;" /><!-- duration: 36ms -->
      </step><!-- duration: 40ms -->
      <step title="Writing 182 bytes" date="2025-06-28T06:45:34.562" /><!-- duration: 2ms -->
    </step><!-- duration: 100ms -->
  </step><!-- duration: 255ms -->
  <step title="Outgoing response" date="2025-06-28T06:45:34.600" type="response" statusCode="200" statusText="OK" /><!-- duration: 2ms -->
</step><!-- duration: 519ms -->
