<step title="Incoming Request" date="2025-07-18T02:10:08.980" instance="831bc3" url="/ai-learning-tracker-bharath.git/info/refs?service=git-receive-pack" method="GET" type="request" pid="803,1,5" Accept="*/*" Host="ai-learning-tracker-bharath.scm.azurewebsites.net" User-Agent="git/2.50.1.windows.1" Accept-Encoding="deflate, gzip, br, zstd" Authorization="Bas..." Pragma="no-cache" X-ARR-LOG-ID="7d598b56-562d-45ef-9c92-49cdb90bc769" CLIENT-IP="122.177.242.199:25856" X-SITE-DEPLOYMENT-ID="ai-learning-tracker-bharath" WAS-DEFAULT-HOSTNAME="ai-learning-tracker-bharath.scm.azurewebsites.net" X-Forwarded-Proto="https" X-AppService-Proto="https" X-Forwarded-TlsVersion="1.3" X-WAWS-Unencoded-URL="/ai-learning-tracker-bharath.git/info/refs?service=git-receive-pack" X-Client-IP="122.177.242.199" X-Client-Port="25856" >
  <step title="InfoRefsService.Execute" date="2025-07-18T02:10:09.957" >
    <step title="Executing external process" date="2025-07-18T02:10:10.077" type="process" path="git" arguments="rev-parse --git-dir" /><!-- duration: 102ms -->
    <step title="Assuming git repository at /home/site/repository" date="2025-07-18T02:10:10.188" /><!-- duration: 1ms -->
    <step title="InfoRefsService.SmartInfoRefs" date="2025-07-18T02:10:10.197" >
      <step title="Executing external process" date="2025-07-18T02:10:10.210" type="process" path="git" arguments="rev-parse --git-dir" /><!-- duration: 28ms -->
      <step title="Assuming git repository at /home/site/repository" date="2025-07-18T02:10:10.241" /><!-- duration: 6ms -->
      <step title="GitExeServer.AdvertiseReceivePack" date="2025-07-18T02:10:10.256" >
        <step title="Executing external process" date="2025-07-18T02:10:10.269" type="process" path="git" arguments="receive-pack --stateless-rpc --advertise-refs &quot;/home/site/repository&quot;" /><!-- duration: 356ms -->
      </step><!-- duration: 395ms -->
      <step title="Writing 182 bytes" date="2025-07-18T02:10:10.653" /><!-- duration: 2ms -->
    </step><!-- duration: 461ms -->
  </step><!-- duration: 704ms -->
  <step title="Outgoing response" date="2025-07-18T02:10:10.677" type="response" statusCode="200" statusText="OK" /><!-- duration: 2ms -->
</step><!-- duration: 1705ms -->
