<step title="Incoming Request" date="2025-07-19T03:58:04.736" instance="831bc3" url="/ai-learning-tracker-bharath.git/git-receive-pack" method="POST" type="request" pid="803,1,27" Accept="application/x-git-receive-pack-result" Host="ai-learning-tracker-bharath.scm.azurewebsites.net" User-Agent="git/2.50.1.windows.1" Accept-Encoding="deflate, gzip, br, zstd" Authorization="Bas..." Content-Type="application/x-git-receive-pack-request" Content-Length="714" X-ARR-LOG-ID="7647f633-80c3-4e38-9cce-f12e4d838b56" CLIENT-IP="122.177.246.142:13970" X-SITE-DEPLOYMENT-ID="ai-learning-tracker-bharath" WAS-DEFAULT-HOSTNAME="ai-learning-tracker-bharath.scm.azurewebsites.net" X-Forwarded-Proto="https" X-AppService-Proto="https" X-Forwarded-TlsVersion="1.3" X-WAWS-Unencoded-URL="/ai-learning-tracker-bharath.git/git-receive-pack" X-Client-IP="122.177.246.142" X-Client-Port="13970" >
  <step title="Cleanup Xml Logs" date="2025-07-19T03:58:04.739" >
    <step title="Cleanup Infos" date="2025-07-19T03:58:04.754" totalFiles="207" totalCleanup="47" /><!-- duration: 8ms -->
  </step><!-- duration: 29ms -->
  <step title="RpcService.ReceivePack" date="2025-07-19T03:58:04.833" >
    <step title="Executing external process" date="2025-07-19T03:58:04.866" type="process" path="git" arguments="rev-parse --git-dir" /><!-- duration: 123ms -->
    <step title="Assuming git repository at /home/site/repository" date="2025-07-19T03:58:04.992" /><!-- duration: 4ms -->
    <step title="Acquiring Deployment Lock" date="2025-07-19T03:58:05.003" /><!-- duration: 3ms -->
    <step title="Acquired Deployment Lock" date="2025-07-19T03:58:05.088" /><!-- duration: 10ms -->
    <step title="Creating temporary deployment" date="2025-07-19T03:58:05.137" /><!-- duration: 314ms -->
    <step title="GitExeServer.Receive" date="2025-07-19T03:58:05.459" >
      <step title="Executing external process" date="2025-07-19T03:58:05.465" type="process" path="git" arguments="receive-pack --stateless-rpc &quot;/home/site/repository&quot;" /><!-- duration: 99986ms -->
    </step><!-- duration: 99999ms -->
    <step title="Releasing Deployment Lock" date="2025-07-19T03:59:45.720" /><!-- duration: 3ms -->
  </step><!-- duration: 100899ms -->
  <step title="Outgoing response" date="2025-07-19T03:59:45.738" type="response" statusCode="200" statusText="OK" /><!-- duration: 3ms -->
</step><!-- duration: 101007ms -->
