<step title="Executing external process" date="2025-07-19T07:45:38.296" instance="831bc3" type="process" path="kudu.exe" arguments="/home/site /opt/Kudu/msbuild" >
  <step title="Cleanup Xml Logs" date="2025-07-19T07:45:38.315" >
    <step title="Cleanup Infos" date="2025-07-19T07:45:38.330" totalFiles="238" totalCleanup="78" /><!-- duration: 6ms -->
  </step><!-- duration: 30ms -->
  <step title="Deployment timer started" date="2025-07-19T07:45:38.387" >
    <step title="Executing external process" date="2025-07-19T07:45:38.428" type="process" path="git" arguments="log -n 1 master --" /><!-- duration: 385ms -->
    <step title="DeploymentManager.Deploy(id:8d4c2f051ff7ca6fa4a73430d472ddf3948682fb)" date="2025-07-19T07:45:38.840" >
      <step title="Collecting changeset information" date="2025-07-19T07:45:38.897" /><!-- duration: 270ms -->
      <step title="Updating to specific changeset" date="2025-07-19T07:45:39.178" >
        <step title="Executing external process" date="2025-07-19T07:45:40.362" type="process" path="git" arguments="checkout master --force" /><!-- duration: 783ms -->
      </step><!-- duration: 1969ms -->
      <step title="Updating submodules" date="2025-07-19T07:45:41.152" /><!-- duration: 185ms -->
      <step title="Determining deployment builder" date="2025-07-19T07:45:41.554" >
        <step title="Builder is OryxBuilder" date="2025-07-19T07:45:41.582" /><!-- duration: 3ms -->
      </step><!-- duration: 35ms -->
      <step title="PreDeployment: context.CleanOutputPath False" date="2025-07-19T07:45:41.633" >
        <step title="PreDeployment: context.OutputPath /home/site/wwwroot" date="2025-07-19T07:45:41.760" >
          <step title="Building" date="2025-07-19T07:45:41.884" >
            <step title="Executing external process" date="2025-07-19T07:45:42.226" type="process" path="bash" arguments="-c &quot;oryx build /home/site/repository -o /home/site/wwwroot --platform python --platform-version 3.9 -p virtualenv_name=antenv --log-file /tmp/build-debug.log  -i /tmp/8ddc69842e33e36 --compress-destination-dir | tee /tmp/oryx-build.log ; exit $PIPESTATUS &quot;" /><!-- duration: 86276ms -->
            <step title="Using PythonDeploymentLogParser" date="2025-07-19T07:47:09.218" /><!-- duration: 5ms -->
            <step title="Triggering recycle (preview mode disabled)." date="2025-07-19T07:47:10.203" /><!-- duration: 26ms -->
            <step title="Modified file to trigger a restart of the app container." date="2025-07-19T07:47:10.281" /><!-- duration: 8ms -->
            <step title="Skip function trigger and logicapp sync because function is not enabled." date="2025-07-19T07:47:10.350" /><!-- duration: 10ms -->
            <step title="Purge deployment items" date="2025-07-19T07:47:11.776" >
              <step title="Remove 4a1d2eab4, Success, received at 07/19/2025 03:58:08" date="2025-07-19T07:47:11.864" /><!-- duration: 10ms -->
            </step><!-- duration: 100ms -->
          </step><!-- duration: 90132ms -->
        </step><!-- duration: 90258ms -->
        <step title="Cleaning up temp files" date="2025-07-19T07:47:12.022" /><!-- duration: 526ms -->
        <step title="Cleaning up temp files" date="2025-07-19T07:47:12.550" /><!-- duration: 554ms -->
        <step title="Reloading status file with latest updates" date="2025-07-19T07:47:13.176" >
          <step title="WebHooksManager.PublishEventAsync: PostDeployment" date="2025-07-19T07:47:13.204" /><!-- duration: 589ms -->
        </step><!-- duration: 620ms -->
        <step title="Executing external process" date="2025-07-19T07:47:13.863" type="process" path="git" arguments="log -n 1 master --" /><!-- duration: 209ms -->
      </step><!-- duration: 92447ms -->
      <step title="Perform deploy exiting successfully" date="2025-07-19T07:47:14.091" 