<step title="Incoming Request" date="2025-07-21T02:09:47.261" instance="831bc3" url="/ai-learning-tracker-bharath.git/info/refs?service=git-receive-pack" method="GET" type="request" pid="807,1,32" Accept="*/*" Host="ai-learning-tracker-bharath.scm.azurewebsites.net" User-Agent="git/2.50.1.windows.1" Accept-Encoding="deflate, gzip, br, zstd" Authorization="Bas..." Pragma="no-cache" X-ARR-LOG-ID="c8d925bc-0b32-4b57-bcac-15d53ba17187" CLIENT-IP="122.177.245.132:17010" X-SITE-DEPLOYMENT-ID="ai-learning-tracker-bharath" WAS-DEFAULT-HOSTNAME="ai-learning-tracker-bharath.scm.azurewebsites.net" X-Forwarded-Proto="https" X-AppService-Proto="https" X-Forwarded-TlsVersion="1.3" X-WAWS-Unencoded-URL="/ai-learning-tracker-bharath.git/info/refs?service=git-receive-pack" X-Client-IP="122.177.245.132" X-Client-Port="17010" >
  <step title="InfoRefsService.Execute" date="2025-07-21T02:09:48.737" >
    <step title="Executing external process" date="2025-07-21T02:09:48.844" type="process" path="git" arguments="rev-parse --git-dir" /><!-- duration: 258ms -->
    <step title="Assuming git repository at /home/site/repository" date="2025-07-21T02:09:49.113" /><!-- duration: 3ms -->
    <step title="InfoRefsService.SmartInfoRefs" date="2025-07-21T02:09:49.120" >
      <step title="Executing external process" date="2025-07-21T02:09:49.134" type="process" path="git" arguments="rev-parse --git-dir" /><!-- duration: 43ms -->
      <step title="Assuming git repository at /home/site/repository" date="2025-07-21T02:09:49.182" /><!-- duration: 3ms -->
      <step title="GitExeServer.AdvertiseReceivePack" date="2025-07-21T02:09:49.189" >
        <step title="Executing external process" date="2025-07-21T02:09:49.192" type="process" path="git" arguments="receive-pack --stateless-rpc --advertise-refs &quot;/home/site/repository&quot;" /><!-- duration: 165ms -->
      </step><!-- duration: 171ms -->
      <step title="Writing 182 bytes" date="2025-07-21T02:09:49.364" /><!-- duration: 3ms -->
    </step><!-- duration: 252ms -->
  </step><!-- duration: 638ms -->
  <step title="Outgoing response" date="2025-07-21T02:09:49.396" type="response" statusCode="200" statusText="OK" /><!-- duration: 10ms -->
</step><!-- duration: 2148ms -->
