<step title="Incoming Request" date="2025-07-19T07:45:34.796" instance="831bc3" url="/ai-learning-tracker-bharath.git/info/refs?service=git-receive-pack" method="GET" type="request" pid="803,1,31" Accept="*/*" Host="ai-learning-tracker-bharath.scm.azurewebsites.net" User-Agent="git/2.50.1.windows.1" Accept-Encoding="deflate, gzip, br, zstd" Authorization="Bas..." Pragma="no-cache" X-ARR-LOG-ID="3a60723d-ad98-4240-9448-1450505de8cc" CLIENT-IP="122.177.246.142:14583" X-SITE-DEPLOYMENT-ID="ai-learning-tracker-bharath" WAS-DEFAULT-HOSTNAME="ai-learning-tracker-bharath.scm.azurewebsites.net" X-Forwarded-Proto="https" X-AppService-Proto="https" X-Forwarded-TlsVersion="1.3" X-WAWS-Unencoded-URL="/ai-learning-tracker-bharath.git/info/refs?service=git-receive-pack" X-Client-IP="122.177.246.142" X-Client-Port="14583" >
  <step title="Cleanup Xml Logs" date="2025-07-19T07:45:34.800" >
    <step title="Cleanup Infos" date="2025-07-19T07:45:34.817" totalFiles="236" totalCleanup="76" /><!-- duration: 7ms -->
  </step><!-- duration: 28ms -->
  <step title="InfoRefsService.Execute" date="2025-07-19T07:45:34.850" >
    <step title="Executing external process" date="2025-07-19T07:45:34.888" type="process" path="git" arguments="rev-parse --git-dir" /><!-- duration: 33ms -->
    <step title="Assuming git repository at /home/site/repository" date="2025-07-19T07:45:34.924" /><!-- duration: 4ms -->
    <step title="InfoRefsService.SmartInfoRefs" date="2025-07-19T07:45:34.931" >
      <step title="Executing external process" date="2025-07-19T07:45:34.975" type="process" path="git" arguments="rev-parse --git-dir" /><!-- duration: 35ms -->
      <step title="Assuming git repository at /home/site/repository" date="2025-07-19T07:45:35.012" /><!-- duration: 4ms -->
      <step title="GitExeServer.AdvertiseReceivePack" date="2025-07-19T07:45:35.024" >
        <step title="Executing external process" date="2025-07-19T07:45:35.028" type="process" path="git" arguments="receive-pack --stateless-rpc --advertise-refs &quot;/home/site/repository&quot;" /><!-- duration: 49ms -->
      </step><!-- duration: 56ms -->
      <step title="Writing 182 bytes" date="2025-07-19T07:45:35.086" /><!-- duration: 1ms -->
    </step><!-- duration: 162ms -->
  </step><!-- duration: 246ms -->
  <step title="Outgoing response" date="2025-07-19T07:45:35.102" type="response" statusCode="200" statusText="OK" /><!-- duration: 2ms -->
</step><!-- duration: 319ms -->
