<step title="Executing external process" date="2025-07-19T12:01:27.626" instance="831bc3" type="process" path="kudu.exe" arguments="/home/site /opt/Kudu/msbuild" >
  <step title="Cleanup Xml Logs" date="2025-07-19T12:01:27.670" >
    <step title="Cleanup Infos" date="2025-07-19T12:01:27.683" totalFiles="258" totalCleanup="98" /><!-- duration: 4ms -->
  </step><!-- duration: 27ms -->
  <step title="Deployment timer started" date="2025-07-19T12:01:27.745" >
    <step title="Executing external process" date="2025-07-19T12:01:27.776" type="process" path="git" arguments="log -n 1 master --" /><!-- duration: 209ms -->
    <step title="DeploymentManager.Deploy(id:2907f4ee416e3e605b6aa3d278acd64c14d0758d)" date="2025-07-19T12:01:27.998" >
      <step title="Collecting changeset information" date="2025-07-19T12:01:28.038" /><!-- duration: 249ms -->
      <step title="Updating to specific changeset" date="2025-07-19T12:01:28.294" >
        <step title="Executing external process" date="2025-07-19T12:01:29.534" type="process" path="git" arguments="checkout master --force" /><!-- duration: 1067ms -->
      </step><!-- duration: 2315ms -->
      <step title="Updating submodules" date="2025-07-19T12:01:30.614" /><!-- duration: 151ms -->
      <step title="Determining deployment builder" date="2025-07-19T12:01:30.970" >
        <step title="Builder is OryxBuilder" date="2025-07-19T12:01:31.005" /><!-- duration: 3ms -->
      </step><!-- duration: 45ms -->
      <step title="PreDeployment: context.CleanOutputPath False" date="2025-07-19T12:01:31.079" >
        <step title="PreDeployment: context.OutputPath /home/site/wwwroot" date="2025-07-19T12:01:31.200" >
          <step title="Building" date="2025-07-19T12:01:31.320" >
            <step title="Executing external process" date="2025-07-19T12:01:31.646" type="process" path="bash" arguments="-c &quot;oryx build /home/site/repository -o /home/site/wwwroot --platform python --platform-version 3.9 -p virtualenv_name=antenv --log-file /tmp/build-debug.log  -i /tmp/8ddc6bbffdad454 --compress-destination-dir | tee /tmp/oryx-build.log ; exit $PIPESTATUS &quot;" /><!-- duration: 133290ms -->
            <step title="Using PythonDeploymentLogParser" date="2025-07-19T12:03:45.405" /><!-- duration: 4ms -->
            <step title="Triggering recycle (preview mode disabled)." date="2025-07-19T12:03:46.498" /><!-- duration: 9ms -->
            <step title="Modified file to trigger a restart of the app container." date="2025-07-19T12:03:46.538" /><!-- duration: 3ms -->
            <step title="Skip function trigger and logicapp sync because function is not enabled." date="2025-07-19T12:03:46.567" /><!-- duration: 2ms -->
            <step title="Purge deployment items" date="2025-07-19T12:03:47.557" >
              <step title="Remove ae896c8ee, Success, received at 07/19/2025 05:25:19" date="2025-07-19T12:03:47.628" /><!-- duration: 2ms -->
            </step><!-- duration: 75ms -->
          </step><!-- duration: 136369ms -->
        </step><!-- duration: 136491ms -->
        <step title="Cleaning up temp files" date="2025-07-19T12:03:47.694" /><!-- duration: 604ms -->
        <step title="Cleaning up temp files" date="2025-07-19T12:03:48.306" /><!-- duration: 513ms -->
        <step title="Reloading status file with latest updates" date="2025-07-19T12:03:48.850" >
          <step title="WebHooksManager.PublishEventAsync: PostDeployment" date="2025-07-19T12:03:48.860" /><!-- duration: 189ms -->
        </step><!-- duration: 203ms -->
        <step title="Executing external process" date="2025-07-19T12:03:49.080" type="process" path="git" arguments="log -n 1 master --" /><!-- duration: 104ms -->
      </step><!-- duration: 138112ms -->
      <step title="Perform deploy exiting successfully" date="2025-07-19T12:03:49.194" 