<step title="Executing external process" date="2025-07-19T05:07:16.012" instance="831bc3" type="process" path="kudu.exe" arguments="/home/site /opt/Kudu/msbuild" >
  <step title="Cleanup Xml Logs" date="2025-07-19T05:07:16.098" >
    <step title="Cleanup Infos" date="2025-07-19T05:07:16.126" totalFiles="223" totalCleanup="63" /><!-- duration: 41ms -->
  </step><!-- duration: 89ms -->
  <step title="Deployment timer started" date="2025-07-19T05:07:16.405" >
    <step title="Executing external process" date="2025-07-19T05:07:16.517" type="process" path="git" arguments="log -n 1 master --" /><!-- duration: 362ms -->
    <step title="DeploymentManager.Deploy(id:eab6050349f29529f146a4711f243b8df579e5a2)" date="2025-07-19T05:07:16.909" >
      <step title="Collecting changeset information" date="2025-07-19T05:07:17.057" /><!-- duration: 726ms -->
      <step title="Updating to specific changeset" date="2025-07-19T05:07:17.814" >
        <step title="Executing external process" date="2025-07-19T05:07:19.196" type="process" path="git" arguments="checkout master --force" /><!-- duration: 3368ms -->
      </step><!-- duration: 4779ms -->
      <step title="Updating submodules" date="2025-07-19T05:07:22.605" /><!-- duration: 281ms -->
      <step title="Determining deployment builder" date="2025-07-19T05:07:23.432" >
        <step title="Builder is OryxBuilder" date="2025-07-19T05:07:23.532" /><!-- duration: 21ms -->
      </step><!-- duration: 151ms -->
      <step title="PreDeployment: context.CleanOutputPath False" date="2025-07-19T05:07:23.692" >
        <step title="PreDeployment: context.OutputPath /home/site/wwwroot" date="2025-07-19T05:07:23.839" >
          <step title="Building" date="2025-07-19T05:07:24.132" >
            <step title="Executing external process" date="2025-07-19T05:07:25.627" type="process" path="bash" arguments="-c &quot;oryx build /home/site/repository -o /home/site/wwwroot --platform python --platform-version 3.9 -p virtualenv_name=antenv --log-file /tmp/build-debug.log  -i /tmp/8ddc68225a5175b --compress-destination-dir | tee /tmp/oryx-build.log ; exit $PIPESTATUS &quot;" /><!-- duration: 103181ms -->
            <step title="Using PythonDeploymentLogParser" date="2025-07-19T05:09:09.373" /><!-- duration: 8ms -->
            <step title="Triggering recycle (preview mode disabled)." date="2025-07-19T05:09:10.736" /><!-- duration: 2ms -->
            <step title="Modified file to trigger a restart of the app container." date="2025-07-19T05:09:10.778" /><!-- duration: 2ms -->
            <step title="Skip function trigger and logicapp sync because function is not enabled." date="2025-07-19T05:09:10.806" /><!-- duration: 3ms -->
            <step title="Purge deployment items" date="2025-07-19T05:09:11.766" >
              <step title="Remove 18a971dff, Success, received at 07/18/2025 02:10:25" date="2025-07-19T05:09:11.820" /><!-- duration: 2ms -->
            </step><!-- duration: 60ms -->
          </step><!-- duration: 107743ms -->
        </step><!-- duration: 108038ms -->
        <step title="Cleaning up temp files" date="2025-07-19T05:09:11.879" /><!-- duration: 470ms -->
        <step title="Cleaning up temp files" date="2025-07-19T05:09:12.352" /><!-- duration: 512ms -->
        <step title="Reloading status file with latest updates" date="2025-07-19T05:09:12.918" >
          <step title="WebHooksManager.PublishEventAsync: PostDeployment" date="2025-07-19T05:09:12.933" /><!-- duration: 242ms -->
        </step><!-- duration: 259ms -->
        <step title="Executing external process" date="2025-07-19T05:09:13.205" type="process" path="git" arguments="log -n 1 master --" /><!-- duration: 91ms -->
      </step><!-- duration: 109607ms -->
      <step title="Perform deploy exiting successfully" date="2025-07-19T05:09:13.309" 