<step title="Incoming Request" date="2025-07-01T13:53:17.784" instance="978831" url="/ai-learning-tracker-bharath.git/git-receive-pack" method="POST" type="request" pid="807,1,23" Accept="application/x-git-receive-pack-result" Host="ai-learning-tracker-bharath.scm.azurewebsites.net" User-Agent="git/2.50.0.windows.1" Accept-Encoding="deflate, gzip, br, zstd" Authorization="Bas..." Content-Type="application/x-git-receive-pack-request" Content-Length="99959" X-ARR-LOG-ID="a016d5c2-5b54-441c-b5b5-60f914a6e62a" CLIENT-IP="122.174.71.5:61465" X-SITE-DEPLOYMENT-ID="ai-learning-tracker-bharath" WAS-DEFAULT-HOSTNAME="ai-learning-tracker-bharath.scm.azurewebsites.net" X-Forwarded-Proto="https" X-AppService-Proto="https" X-Forwarded-TlsVersion="1.3" X-WAWS-Unencoded-URL="/ai-learning-tracker-bharath.git/git-receive-pack" X-Client-IP="122.174.71.5" X-Client-Port="61465" >
  <step title="RpcService.ReceivePack" date="2025-07-01T13:53:17.817" >
    <step title="Executing external process" date="2025-07-01T13:53:17.837" type="process" path="git" arguments="rev-parse --git-dir" /><!-- duration: 32ms -->
    <step title="Assuming git repository at /home/site/repository" date="2025-07-01T13:53:17.873" /><!-- duration: 2ms -->
    <step title="Acquiring Deployment Lock" date="2025-07-01T13:53:17.884" /><!-- duration: 6ms -->
    <step title="Acquired Deployment Lock" date="2025-07-01T13:53:17.959" /><!-- duration: 2ms -->
    <step title="Creating temporary deployment" date="2025-07-01T13:53:17.969" /><!-- duration: 154ms -->
    <step title="GitExeServer.Receive" date="2025-07-01T13:53:18.129" >
      <step title="Executing external process" date="2025-07-01T13:53:18.135" type="process" path="git" arguments="receive-pack --stateless-rpc &quot;/home/site/repository&quot;" /><!-- duration: 75276ms -->
    </step><!-- duration: 75290ms -->
    <step title="Releasing Deployment Lock" date="2025-07-01T13:54:33.491" /><!-- duration: 3ms -->
  </step><!-- duration: 75687ms -->
  <step title="Outgoing response" date="2025-07-01T13:54:33.508" type="response" statusCode="200" statusText="OK" /><!-- duration: 4ms -->
</step><!-- duration: 75730ms -->
