<step title="Incoming Request" date="2025-07-19T18:48:55.272" instance="831bc3" url="/ai-learning-tracker-bharath.git/git-receive-pack" method="POST" type="request" pid="807,1,34" Accept="application/x-git-receive-pack-result" Host="ai-learning-tracker-bharath.scm.azurewebsites.net" User-Agent="git/2.50.1.windows.1" Accept-Encoding="deflate, gzip, br, zstd" Authorization="Bas..." Content-Type="application/x-git-receive-pack-request" Content-Length="3899" X-ARR-LOG-ID="7bea8ce2-734f-4a44-b0cd-8b8cb99b9a78" CLIENT-IP="122.177.246.142:26072" X-SITE-DEPLOYMENT-ID="ai-learning-tracker-bharath" WAS-DEFAULT-HOSTNAME="ai-learning-tracker-bharath.scm.azurewebsites.net" X-Forwarded-Proto="https" X-AppService-Proto="https" X-Forwarded-TlsVersion="1.3" X-WAWS-Unencoded-URL="/ai-learning-tracker-bharath.git/git-receive-pack" X-Client-IP="122.177.246.142" X-Client-Port="26072" >
  <step title="RpcService.ReceivePack" date="2025-07-19T18:48:55.291" >
    <step title="Executing external process" date="2025-07-19T18:48:55.312" type="process" path="git" arguments="rev-parse --git-dir" /><!-- duration: 23ms -->
    <step title="Assuming git repository at /home/site/repository" date="2025-07-19T18:48:55.342" /><!-- duration: 3ms -->
    <step title="Acquiring Deployment Lock" date="2025-07-19T18:48:55.358" /><!-- duration: 2ms -->
    <step title="Acquired Deployment Lock" date="2025-07-19T18:48:55.408" /><!-- duration: 2ms -->
    <step title="Creating temporary deployment" date="2025-07-19T18:48:55.419" /><!-- duration: 91ms -->
    <step title="GitExeServer.Receive" date="2025-07-19T18:48:55.519" >
      <step title="Executing external process" date="2025-07-19T18:48:55.522" type="process" path="git" arguments="receive-pack --stateless-rpc &quot;/home/site/repository&quot;" /><!-- duration: 116470ms -->
    </step><!-- duration: 116479ms -->
    <step title="Releasing Deployment Lock" date="2025-07-19T18:50:52.086" /><!-- duration: 3ms -->
  </step><!-- duration: 116804ms -->
  <step title="Outgoing response" date="2025-07-19T18:50:52.104" type="response" statusCode="200" statusText="OK" /><!-- duration: 2ms -->
</step><!-- duration: 116837ms -->
