<step title="Incoming Request" date="2025-07-19T20:02:49.880" instance="831bc3" url="/ai-learning-tracker-bharath.git/git-receive-pack" method="POST" type="request" pid="807,1,72" Accept="application/x-git-receive-pack-result" Host="ai-learning-tracker-bharath.scm.azurewebsites.net" User-Agent="git/2.50.1.windows.1" Accept-Encoding="deflate, gzip, br, zstd" Authorization="Bas..." Content-Type="application/x-git-receive-pack-request" Content-Length="4753" X-ARR-LOG-ID="2a31d2a1-49f7-4b06-bae0-51a85c466664" CLIENT-IP="122.177.246.142:2138" X-SITE-DEPLOYMENT-ID="ai-learning-tracker-bharath" WAS-DEFAULT-HOSTNAME="ai-learning-tracker-bharath.scm.azurewebsites.net" X-Forwarded-Proto="https" X-AppService-Proto="https" X-Forwarded-TlsVersion="1.3" X-WAWS-Unencoded-URL="/ai-learning-tracker-bharath.git/git-receive-pack" X-Client-IP="122.177.246.142" X-Client-Port="2138" >
  <step title="RpcService.ReceivePack" date="2025-07-19T20:02:49.899" >
    <step title="Executing external process" date="2025-07-19T20:02:49.938" type="process" path="git" arguments="rev-parse --git-dir" /><!-- duration: 126ms -->
    <step title="Assuming git repository at /home/site/repository" date="2025-07-19T20:02:50.132" /><!-- duration: 11ms -->
    <step title="Acquiring Deployment Lock" date="2025-07-19T20:02:50.223" /><!-- duration: 10ms -->
    <step title="Acquired Deployment Lock" date="2025-07-19T20:02:50.277" /><!-- duration: 2ms -->
    <step title="Creating temporary deployment" date="2025-07-19T20:02:50.287" /><!-- duration: 108ms -->
    <step title="GitExeServer.Receive" date="2025-07-19T20:02:50.406" >
      <step title="Executing external process" date="2025-07-19T20:02:50.408" type="process" path="git" arguments="receive-pack --stateless-rpc &quot;/home/site/repository&quot;" /><!-- duration: 111553ms -->
    </step><!-- duration: 111561ms -->
    <step title="Releasing Deployment Lock" date="2025-07-19T20:04:42.066" /><!-- duration: 4ms -->
  </step><!-- duration: 112189ms -->
  <step title="Outgoing response" date="2025-07-19T20:04:42.093" type="response" statusCode="200" statusText="OK" /><!-- duration: 3ms -->
</step><!-- duration: 112218ms -->
