<step title="Incoming Request" date="2025-06-28T18:20:34.805" instance="978831" url="/ai-learning-tracker-bharath.git/git-receive-pack" method="POST" type="request" pid="807,1,77" Accept="application/x-git-receive-pack-result" Host="ai-learning-tracker-bharath.scm.azurewebsites.net" User-Agent="git/2.50.0.windows.1" Accept-Encoding="deflate, gzip, br, zstd" Authorization="Bas..." Content-Type="application/x-git-receive-pack-request" Content-Length="13866" X-ARR-LOG-ID="2d869e3a-b7a0-473d-b5c3-174023521d39" CLIENT-IP="106.201.160.25:57745" X-SITE-DEPLOYMENT-ID="ai-learning-tracker-bharath" WAS-DEFAULT-HOSTNAME="ai-learning-tracker-bharath.scm.azurewebsites.net" X-Forwarded-Proto="https" X-AppService-Proto="https" X-Forwarded-TlsVersion="1.3" X-WAWS-Unencoded-URL="/ai-learning-tracker-bharath.git/git-receive-pack" X-Client-IP="106.201.160.25" X-Client-Port="57745" >
  <step title="RpcService.ReceivePack" date="2025-06-28T18:20:34.879" >
    <step title="Executing external process" date="2025-06-28T18:20:34.929" type="process" path="git" arguments="rev-parse --git-dir" /><!-- duration: 107ms -->
    <step title="Assuming git repository at /home/site/repository" date="2025-06-28T18:20:35.039" /><!-- duration: 8ms -->
    <step title="Acquiring Deployment Lock" date="2025-06-28T18:20:35.058" /><!-- duration: 7ms -->
    <step title="Acquired Deployment Lock" date="2025-06-28T18:20:35.123" /><!-- duration: 2ms -->
    <step title="Creating temporary deployment" date="2025-06-28T18:20:35.133" /><!-- duration: 210ms -->
    <step title="GitExeServer.Receive" date="2025-06-28T18:20:35.346" >
      <step title="Executing external process" date="2025-06-28T18:20:35.348" type="process" path="git" arguments="receive-pack --stateless-rpc &quot;/home/site/repository&quot;" /><!-- duration: 61166ms -->
    </step><!-- duration: 61172ms -->
    <step title="Releasing Deployment Lock" date="2025-06-28T18:21:36.648" /><!-- duration: 4ms -->
  </step><!-- duration: 61781ms -->
  <step title="Outgoing response" date="2025-06-28T18:21:36.665" type="response" statusCode="200" statusText="OK" /><!-- duration: 3ms -->
</step><!-- duration: 61879ms -->
