<step title="Executing external process" date="2025-06-30T13:40:26.082" instance="978831" type="process" path="kudu.exe" arguments="/home/site /opt/Kudu/msbuild" >
  <step title="Cleanup Xml Logs" date="2025-06-30T13:40:26.103" /><!-- duration: 10ms -->
  <step title="Deployment timer started" date="2025-06-30T13:40:26.168" >
    <step title="Executing external process" date="2025-06-30T13:40:26.196" type="process" path="git" arguments="log -n 1 master --" /><!-- duration: 159ms -->
    <step title="DeploymentManager.Deploy(id:d6724943ae197793d4ce4da98f6d9edab6cd5172)" date="2025-06-30T13:40:26.376" >
      <step title="Collecting changeset information" date="2025-06-30T13:40:26.432" /><!-- duration: 231ms -->
      <step title="Updating to specific changeset" date="2025-06-30T13:40:26.670" >
        <step title="Executing external process" date="2025-06-30T13:40:27.824" type="process" path="git" arguments="checkout master --force" /><!-- duration: 426ms -->
      </step><!-- duration: 1588ms -->
      <step title="Updating submodules" date="2025-06-30T13:40:28.262" /><!-- duration: 137ms -->
      <step title="Determining deployment builder" date="2025-06-30T13:40:28.588" >
        <step title="Builder is OryxBuilder" date="2025-06-30T13:40:28.654" /><!-- duration: 3ms -->
      </step><!-- duration: 83ms -->
      <step title="PreDeployment: context.CleanOutputPath False" date="2025-06-30T13:40:28.706" >
        <step title="PreDeployment: context.OutputPath /home/site/wwwroot" date="2025-06-30T13:40:28.857" >
          <step title="Building" date="2025-06-30T13:40:28.990" >
            <step title="Executing external process" date="2025-06-30T13:40:29.344" type="process" path="bash" arguments="-c &quot;oryx build /home/site/repository -o /home/site/wwwroot --platform python --platform-version 3.9 -p virtualenv_name=antenv --log-file /tmp/build-debug.log  -i /tmp/8ddb7dbad1fd317 --compress-destination-dir | tee /tmp/oryx-build.log ; exit $PIPESTATUS &quot;" /><!-- duration: 57646ms -->
            <step title="Using PythonDeploymentLogParser" date="2025-06-30T13:41:27.519" /><!-- duration: 3ms -->
            <step title="Triggering recycle (preview mode disabled)." date="2025-06-30T13:41:28.349" /><!-- duration: 9ms -->
            <step title="Modified file to trigger a restart of the app container." date="2025-06-30T13:41:28.408" /><!-- duration: 9ms -->
            <step title="Skip function trigger and logicapp sync because function is not enabled." date="2025-06-30T13:41:28.439" /><!-- duration: 10ms -->
            <step title="Purge deployment items" date="2025-06-30T13:41:29.260" >
              <step title="Remove fffda3841, Success, received at 06/28/2025 18:20:40" date="2025-06-30T13:41:29.299" /><!-- duration: 3ms -->
            </step><!-- duration: 45ms -->
          </step><!-- duration: 60373ms -->
        </step><!-- duration: 60511ms -->
        <step title="Cleaning up temp files" date="2025-06-30T13:41:29.370" /><!-- duration: 1802ms -->
        <step title="Cleaning up temp files" date="2025-06-30T13:41:31.177" /><!-- duration: 512ms -->
        <step title="Reloading status file with latest updates" date="2025-06-30T13:41:31.714" >
          <step title="WebHooksManager.PublishEventAsync: PostDeployment" date="2025-06-30T13:41:31.725" /><!-- duration: 148ms -->
        </step><!-- duration: 161ms -->
        <step title="Executing external process" date="2025-06-30T13:41:31.911" type="process" path="git" arguments="log -n 1 master --" /><!-- duration: 123ms -->
      </step><!-- duration: 63332ms -->
      <step title="Perform deploy exiting successfully" date="2025-06-30T13:41:32.045" 