<step title="Incoming Request" date="2025-07-05T18:56:39.899" instance="978831" url="/ai-learning-tracker-bharath.git/info/refs?service=git-receive-pack" method="GET" type="request" pid="803,1,30" Accept="*/*" Host="ai-learning-tracker-bharath.scm.azurewebsites.net" User-Agent="git/2.50.0.windows.2" Accept-Encoding="deflate, gzip, br, zstd" Authorization="Bas..." Pragma="no-cache" X-ARR-LOG-ID="099345a7-ff87-493d-9cae-e1fef2155431" CLIENT-IP="136.185.80.59:49984" X-SITE-DEPLOYMENT-ID="ai-learning-tracker-bharath" WAS-DEFAULT-HOSTNAME="ai-learning-tracker-bharath.scm.azurewebsites.net" X-Forwarded-Proto="https" X-AppService-Proto="https" X-Forwarded-TlsVersion="1.3" X-WAWS-Unencoded-URL="/ai-learning-tracker-bharath.git/info/refs?service=git-receive-pack" X-Client-IP="136.185.80.59" X-Client-Port="49984" >
  <step title="Cleanup Xml Logs" date="2025-07-05T18:56:39.902" /><!-- duration: 8ms -->
  <step title="InfoRefsService.Execute" date="2025-07-05T18:56:40.024" >
    <step title="Executing external process" date="2025-07-05T18:56:40.041" type="process" path="git" arguments="rev-parse --git-dir" /><!-- duration: 109ms -->
    <step title="Assuming git repository at /home/site/repository" date="2025-07-05T18:56:40.158" /><!-- duration: 2ms -->
    <step title="InfoRefsService.SmartInfoRefs" date="2025-07-05T18:56:40.168" >
      <step title="Executing external process" date="2025-07-05T18:56:40.180" type="process" path="git" arguments="rev-parse --git-dir" /><!-- duration: 25ms -->
      <step title="Assuming git repository at /home/site/repository" date="2025-07-05T18:56:40.207" /><!-- duration: 2ms -->
      <step title="GitExeServer.AdvertiseReceivePack" date="2025-07-05T18:56:40.213" >
        <step title="Executing external process" date="2025-07-05T18:56:40.215" type="process" path="git" arguments="receive-pack --stateless-rpc --advertise-refs &quot;/home/site/repository&quot;" /><!-- duration: 43ms -->
      </step><!-- duration: 50ms -->
      <step title="Writing 182 bytes" date="2025-07-05T18:56:40.266" /><!-- duration: 2ms -->
    </step><!-- duration: 106ms -->
  </step><!-- duration: 251ms -->
  <step title="Outgoing response" date="2025-07-05T18:56:40.293" type="response" statusCode="200" statusText="OK" /><!-- duration: 2ms -->
</step><!-- duration: 398ms -->
