<step title="Incoming Request" date="2025-07-21T04:11:55.353" instance="831bc3" url="/ai-learning-tracker-bharath.git/info/refs?service=git-receive-pack" method="GET" type="request" pid="807,1,53" Accept="*/*" Host="ai-learning-tracker-bharath.scm.azurewebsites.net" User-Agent="git/2.50.1.windows.1" Accept-Encoding="deflate, gzip, br, zstd" Authorization="Bas..." Pragma="no-cache" X-ARR-LOG-ID="4af69523-8ddd-4b18-a504-7188c39fbc97" CLIENT-IP="122.177.245.132:31564" X-SITE-DEPLOYMENT-ID="ai-learning-tracker-bharath" WAS-DEFAULT-HOSTNAME="ai-learning-tracker-bharath.scm.azurewebsites.net" X-Forwarded-Proto="https" X-AppService-Proto="https" X-Forwarded-TlsVersion="1.3" X-WAWS-Unencoded-URL="/ai-learning-tracker-bharath.git/info/refs?service=git-receive-pack" X-Client-IP="122.177.245.132" X-Client-Port="31564" >
  <step title="Cleanup Xml Logs" date="2025-07-21T04:11:55.381" >
    <step title="Cleanup Infos" date="2025-07-21T04:11:55.501" totalFiles="278" totalCleanup="118" /><!-- duration: 59ms -->
  </step><!-- duration: 229ms -->
  <step title="InfoRefsService.Execute" date="2025-07-21T04:11:56.428" >
    <step title="Executing external process" date="2025-07-21T04:11:56.478" type="process" path="git" arguments="rev-parse --git-dir" /><!-- duration: 317ms -->
    <step title="Assuming git repository at /home/site/repository" date="2025-07-21T04:11:56.817" /><!-- duration: 9ms -->
    <step title="InfoRefsService.SmartInfoRefs" date="2025-07-21T04:11:56.837" >
      <step title="Executing external process" date="2025-07-21T04:11:56.860" type="process" path="git" arguments="rev-parse --git-dir" /><!-- duration: 18ms -->
      <step title="Assuming git repository at /home/site/repository" date="2025-07-21T04:11:56.880" /><!-- duration: 3ms -->
      <step title="GitExeServer.AdvertiseReceivePack" date="2025-07-21T04:11:56.888" >
        <step title="Executing external process" date="2025-07-21T04:11:56.890" type="process" path="git" arguments="receive-pack --stateless-rpc --advertise-refs &quot;/home/site/repository&quot;" /><!-- duration: 62ms -->
      </step><!-- duration: 67ms -->
      <step title="Writing 182 bytes" date="2025-07-21T04:11:56.958" /><!-- duration: 2ms -->
    </step><!-- duration: 131ms -->
  </step><!-- duration: 542ms -->
  <step title="Outgoing response" date="2025-07-21T04:11:56.991" type="response" statusCode="200" statusText="OK" /><!-- duration: 2ms -->
</step><!-- duration: 1643ms -->
