<step title="Executing external process" date="2025-07-19T18:17:43.037" instance="831bc3" type="process" path="kudu.exe" arguments="/home/site /opt/Kudu/msbuild" >
  <step title="Cleanup Xml Logs" date="2025-07-19T18:17:43.088" >
    <step title="Cleanup Infos" date="2025-07-19T18:17:43.126" totalFiles="261" totalCleanup="101" /><!-- duration: 21ms -->
  </step><!-- duration: 69ms -->
  <step title="Deployment timer started" date="2025-07-19T18:17:43.249" >
    <step title="Executing external process" date="2025-07-19T18:17:43.330" type="process" path="git" arguments="log -n 1 master --" /><!-- duration: 573ms -->
    <step title="DeploymentManager.Deploy(id:ae66507a8f5f28d8b283b5e47d1d52dc0e582fa3)" date="2025-07-19T18:17:43.960" >
      <step title="Collecting changeset information" date="2025-07-19T18:17:44.039" /><!-- duration: 734ms -->
      <step title="Updating to specific changeset" date="2025-07-19T18:17:44.795" >
        <step title="Executing external process" date="2025-07-19T18:17:46.185" type="process" path="git" arguments="checkout master --force" /><!-- duration: 4112ms -->
      </step><!-- duration: 5514ms -->
      <step title="Updating submodules" date="2025-07-19T18:17:50.320" /><!-- duration: 228ms -->
      <step title="Determining deployment builder" date="2025-07-19T18:17:50.869" >
        <step title="Builder is OryxBuilder" date="2025-07-19T18:17:50.913" /><!-- duration: 3ms -->
      </step><!-- duration: 56ms -->
      <step title="PreDeployment: context.CleanOutputPath False" date="2025-07-19T18:17:50.987" >
        <step title="PreDeployment: context.OutputPath /home/site/wwwroot" date="2025-07-19T18:17:51.100" >
          <step title="Building" date="2025-07-19T18:17:51.208" >
            <step title="Executing external process" date="2025-07-19T18:17:51.552" type="process" path="bash" arguments="-c &quot;oryx build /home/site/repository -o /home/site/wwwroot --platform python --platform-version 3.9 -p virtualenv_name=antenv --log-file /tmp/build-debug.log  -i /tmp/8ddc6f0928773cc --compress-destination-dir | tee /tmp/oryx-build.log ; exit $PIPESTATUS &quot;" /><!-- duration: 105640ms -->
            <step title="Using PythonDeploymentLogParser" date="2025-07-19T18:19:37.594" /><!-- duration: 2ms -->
            <step title="Triggering recycle (preview mode disabled)." date="2025-07-19T18:19:38.638" /><!-- duration: 2ms -->
            <step title="Modified file to trigger a restart of the app container." date="2025-07-19T18:19:38.660" /><!-- duration: 8ms -->
            <step title="Skip function trigger and logicapp sync because function is not enabled." date="2025-07-19T18:19:38.687" /><!-- duration: 2ms -->
            <step title="Purge deployment items" date="2025-07-19T18:19:40.151" >
              <step title="Remove f786c50b9, Success, received at 07/19/2025 07:16:10" date="2025-07-19T18:19:40.232" /><!-- duration: 2ms -->
            </step><!-- duration: 86ms -->
          </step><!-- duration: 109083ms -->
        </step><!-- duration: 109196ms -->
        <step title="Cleaning up temp files" date="2025-07-19T18:19:40.300" /><!-- duration: 543ms -->
        <step title="Cleaning up temp files" date="2025-07-19T18:19:40.846" /><!-- duration: 519ms -->
        <step title="Reloading status file with latest updates" date="2025-07-19T18:19:41.396" >
          <step title="WebHooksManager.PublishEventAsync: PostDeployment" date="2025-07-19T18:19:41.413" /><!-- duration: 303ms -->
        </step><!-- duration: 328ms -->
        <step title="Executing external process" date="2025-07-19T18:19:41.806" type="process" path="git" arguments="log -n 1 master --" /><!-- duration: 162ms -->
      </step><!-- duration: 110988ms -->
      <step title="Perform deploy exiting successfully" date="2025-07-19T18:19:41.985" 