<step title="Incoming Request" date="2025-06-28T19:24:15.398" instance="978831" url="/ai-learning-tracker-bharath.git/info/refs?service=git-receive-pack" method="GET" type="request" pid="807,1,49" Accept="*/*" Host="ai-learning-tracker-bharath.scm.azurewebsites.net" User-Agent="git/2.50.0.windows.1" Accept-Encoding="deflate, gzip, br, zstd" Authorization="Bas..." Pragma="no-cache" X-ARR-LOG-ID="41244f09-35f1-4746-a0c1-7bb42cd47e52" CLIENT-IP="106.201.160.25:59122" X-SITE-DEPLOYMENT-ID="ai-learning-tracker-bharath" WAS-DEFAULT-HOSTNAME="ai-learning-tracker-bharath.scm.azurewebsites.net" X-Forwarded-Proto="https" X-AppService-Proto="https" X-Forwarded-TlsVersion="1.3" X-WAWS-Unencoded-URL="/ai-learning-tracker-bharath.git/info/refs?service=git-receive-pack" X-Client-IP="106.201.160.25" X-Client-Port="59122" >
  <step title="Cleanup Xml Logs" date="2025-06-28T19:24:15.406" /><!-- duration: 8ms -->
  <step title="InfoRefsService.Execute" date="2025-06-28T19:24:15.774" >
    <step title="Executing external process" date="2025-06-28T19:24:15.807" type="process" path="git" arguments="rev-parse --git-dir" /><!-- duration: 51ms -->
    <step title="Assuming git repository at /home/site/repository" date="2025-06-28T19:24:15.868" /><!-- duration: 2ms -->
    <step title="InfoRefsService.SmartInfoRefs" date="2025-06-28T19:24:15.873" >
      <step title="Executing external process" date="2025-06-28T19:24:15.890" type="process" path="git" arguments="rev-parse --git-dir" /><!-- duration: 103ms -->
      <step title="Assuming git repository at /home/site/repository" date="2025-06-28T19:24:15.996" /><!-- duration: 2ms -->
      <step title="GitExeServer.AdvertiseReceivePack" date="2025-06-28T19:24:16.005" >
        <step title="Executing external process" date="2025-06-28T19:24:16.007" type="process" path="git" arguments="receive-pack --stateless-rpc --advertise-refs &quot;/home/site/repository&quot;" /><!-- duration: 103ms -->
      </step><!-- duration: 108ms -->
      <step title="Writing 182 bytes" date="2025-06-28T19:24:16.121" /><!-- duration: 2ms -->
    </step><!-- duration: 268ms -->
  </step><!-- duration: 374ms -->
  <step title="Outgoing response" date="2025-06-28T19:24:16.170" type="response" statusCode="200" statusText="OK" /><!-- duration: 8ms -->
</step><!-- duration: 783ms -->
