<step title="Executing external process" date="2025-07-19T09:34:03.397" instance="831bc3" type="process" path="kudu.exe" arguments="/home/site /opt/Kudu/msbuild" >
  <step title="Cleanup Xml Logs" date="2025-07-19T09:34:03.527" >
    <step title="Cleanup Infos" date="2025-07-19T09:34:03.598" totalFiles="249" totalCleanup="89" /><!-- duration: 30ms -->
  </step><!-- duration: 169ms -->
  <step title="Deployment timer started" date="2025-07-19T09:34:03.860" >
    <step title="Executing external process" date="2025-07-19T09:34:03.915" type="process" path="git" arguments="log -n 1 master --" /><!-- duration: 341ms -->
    <step title="DeploymentManager.Deploy(id:b65e1800520703f1db895ef940e01776cdf19921)" date="2025-07-19T09:34:04.317" >
      <step title="Collecting changeset information" date="2025-07-19T09:34:04.504" /><!-- duration: 642ms -->
      <step title="Updating to specific changeset" date="2025-07-19T09:34:05.167" >
        <step title="Executing external process" date="2025-07-19T09:34:06.813" type="process" path="git" arguments="checkout master --force" /><!-- duration: 1021ms -->
      </step><!-- duration: 2672ms -->
      <step title="Updating submodules" date="2025-07-19T09:34:07.847" /><!-- duration: 135ms -->
      <step title="Determining deployment builder" date="2025-07-19T09:34:08.220" >
        <step title="Builder is OryxBuilder" date="2025-07-19T09:34:08.254" /><!-- duration: 2ms -->
      </step><!-- duration: 49ms -->
      <step title="PreDeployment: context.CleanOutputPath False" date="2025-07-19T09:34:08.306" >
        <step title="PreDeployment: context.OutputPath /home/site/wwwroot" date="2025-07-19T09:34:08.434" >
          <step title="Building" date="2025-07-19T09:34:08.591" >
            <step title="Executing external process" date="2025-07-19T09:34:08.931" type="process" path="bash" arguments="-c &quot;oryx build /home/site/repository -o /home/site/wwwroot --platform python --platform-version 3.9 -p virtualenv_name=antenv --log-file /tmp/build-debug.log  -i /tmp/8ddc6a7692aafc2 --compress-destination-dir | tee /tmp/oryx-build.log ; exit $PIPESTATUS &quot;" /><!-- duration: 93940ms -->
            <step title="Using PythonDeploymentLogParser" date="2025-07-19T09:35:43.376" /><!-- duration: 3ms -->
            <step title="Triggering recycle (preview mode disabled)." date="2025-07-19T09:35:44.341" /><!-- duration: 2ms -->
            <step title="Modified file to trigger a restart of the app container." date="2025-07-19T09:35:44.378" /><!-- duration: 2ms -->
            <step title="Skip function trigger and logicapp sync because function is not enabled." date="2025-07-19T09:35:44.424" /><!-- duration: 3ms -->
            <step title="Purge deployment items" date="2025-07-19T09:35:45.311" >
              <step title="Remove e1d436394, Success, received at 07/19/2025 04:42:25" date="2025-07-19T09:35:45.353" /><!-- duration: 5ms -->
            </step><!-- duration: 48ms -->
          </step><!-- duration: 96825ms -->
        </step><!-- duration: 96985ms -->
        <step title="Cleaning up temp files" date="2025-07-19T09:35:45.423" /><!-- duration: 496ms -->
        <step title="Cleaning up temp files" date="2025-07-19T09:35:45.921" /><!-- duration: 510ms -->
        <step title="Reloading status file with latest updates" date="2025-07-19T09:35:46.481" >
          <step title="WebHooksManager.PublishEventAsync: PostDeployment" date="2025-07-19T09:35:46.489" /><!-- duration: 139ms -->
        </step><!-- duration: 150ms -->
        <step title="Executing external process" date="2025-07-19T09:35:46.651" type="process" path="git" arguments="log -n 1 master --" /><!-- duration: 76ms -->
      </step><!-- duration: 98423ms -->
      <step title="Perform deploy exiting successfully" date="2025-07-19T09:35:46.740" 