<step title="Executing external process" date="2025-06-30T13:37:24.047" instance="978831" type="process" path="kudu.exe" arguments="/home/site /opt/Kudu/msbuild" >
  <step title="Cleanup Xml Logs" date="2025-06-30T13:37:24.087" /><!-- duration: 20ms -->
  <step title="Deployment timer started" date="2025-06-30T13:37:24.280" >
    <step title="Executing external process" date="2025-06-30T13:37:24.367" type="process" path="git" arguments="log -n 1 master --" /><!-- duration: 459ms -->
    <step title="DeploymentManager.Deploy(id:6a88b7167c796793f1a4b32a2ad634423926d065)" date="2025-06-30T13:37:24.903" >
      <step title="Collecting changeset information" date="2025-06-30T13:37:24.989" /><!-- duration: 683ms -->
      <step title="Updating to specific changeset" date="2025-06-30T13:37:25.709" >
        <step title="Executing external process" date="2025-06-30T13:37:27.031" type="process" path="git" arguments="checkout master --force" /><!-- duration: 760ms -->
      </step><!-- duration: 2086ms -->
      <step title="Updating submodules" date="2025-06-30T13:37:27.798" /><!-- duration: 90ms -->
      <step title="Determining deployment builder" date="2025-06-30T13:37:28.090" >
        <step title="Builder is OryxBuilder" date="2025-06-30T13:37:28.109" /><!-- duration: 3ms -->
      </step><!-- duration: 25ms -->
      <step title="PreDeployment: context.CleanOutputPath False" date="2025-06-30T13:37:28.144" >
        <step title="PreDeployment: context.OutputPath /home/site/wwwroot" date="2025-06-30T13:37:28.217" >
          <step title="Building" date="2025-06-30T13:37:28.315" >
            <step title="Executing external process" date="2025-06-30T13:37:28.612" type="process" path="bash" arguments="-c &quot;oryx build /home/site/repository -o /home/site/wwwroot --platform python --platform-version 3.9 -p virtualenv_name=antenv --log-file /tmp/build-debug.log  -i /tmp/8ddb7db41811377 --compress-destination-dir | tee /tmp/oryx-build.log ; exit $PIPESTATUS &quot;" /><!-- duration: 59848ms -->
            <step title="Using PythonDeploymentLogParser" date="2025-06-30T13:38:28.951" /><!-- duration: 3ms -->
            <step title="Triggering recycle (preview mode disabled)." date="2025-06-30T13:38:29.676" /><!-- duration: 3ms -->
            <step title="Modified file to trigger a restart of the app container." date="2025-06-30T13:38:29.710" /><!-- duration: 3ms -->
            <step title="Skip function trigger and logicapp sync because function is not enabled." date="2025-06-30T13:38:29.752" /><!-- duration: 3ms -->
            <step title="Purge deployment items" date="2025-06-30T13:38:30.974" >
              <step title="Remove df92e0697, Success, received at 06/28/2025 14:07:17" date="2025-06-30T13:38:31.034" /><!-- duration: 5ms -->
            </step><!-- duration: 67ms -->
          </step><!-- duration: 62801ms -->
        </step><!-- duration: 62908ms -->
        <step title="Cleaning up temp files" date="2025-06-30T13:38:31.135" /><!-- duration: 2121ms -->
        <step title="Cleaning up temp files" date="2025-06-30T13:38:33.284" /><!-- duration: 536ms -->
        <step title="Reloading status file with latest updates" date="2025-06-30T13:38:33.889" >
          <step title="WebHooksManager.PublishEventAsync: PostDeployment" date="2025-06-30T13:38:33.907" /><!-- duration: 381ms -->
        </step><!-- duration: 405ms -->
        <step title="Executing external process" date="2025-06-30T13:38:34.320" type="process" path="git" arguments="log -n 1 master --" /><!-- duration: 123ms -->
      </step><!-- duration: 66307ms -->
      <step title="Perform deploy exiting successfully" date="2025-06-30T13:38:34.455" 