<step title="Incoming Request" date="2025-06-29T18:35:52.747" instance="978831" url="/ai-learning-tracker-bharath.git/info/refs?service=git-upload-pack" method="GET" type="request" pid="807,1,63" Accept="*/*" Host="ai-learning-tracker-bharath.scm.azurewebsites.net" User-Agent="git/2.50.0.windows.1" Accept-Encoding="deflate, gzip, br, zstd" Authorization="Bas..." Pragma="no-cache" git-protocol="version=2" X-ARR-LOG-ID="d7ae1dfd-9adb-42dd-93f7-93913fcf0f4e" CLIENT-IP="106.201.160.25:53278" X-SITE-DEPLOYMENT-ID="ai-learning-tracker-bharath" WAS-DEFAULT-HOSTNAME="ai-learning-tracker-bharath.scm.azurewebsites.net" X-Forwarded-Proto="https" X-AppService-Proto="https" X-Forwarded-TlsVersion="1.3" X-WAWS-Unencoded-URL="/ai-learning-tracker-bharath.git/info/refs?service=git-upload-pack" X-Client-IP="106.201.160.25" X-Client-Port="53278" >
  <step title="Cleanup Xml Logs" date="2025-06-29T18:35:52.773" /><!-- duration: 9ms -->
  <step title="InfoRefsService.Execute" date="2025-06-29T18:35:52.811" >
    <step title="Executing external process" date="2025-06-29T18:35:52.851" type="process" path="git" arguments="rev-parse --git-dir" /><!-- duration: 67ms -->
    <step title="Assuming git repository at /home/site/repository" date="2025-06-29T18:35:52.921" /><!-- duration: 3ms -->
    <step title="InfoRefsService.SmartInfoRefs" date="2025-06-29T18:35:52.927" >
      <step title="Executing external process" date="2025-06-29T18:35:52.939" type="process" path="git" arguments="rev-parse --git-dir" /><!-- duration: 54ms -->
      <step title="Assuming git repository at /home/site/repository" date="2025-06-29T18:35:53.010" /><!-- duration: 16ms -->
      <step title="GitExeServer.AdvertiseUploadPack" date="2025-06-29T18:35:53.033" >
        <step title="Executing external process" date="2025-06-29T18:35:53.039" type="process" path="git" arguments="upload-pack --stateless-rpc --advertise-refs &quot;/home/site/repository&quot;" /><!-- duration: 58ms -->
      </step><!-- duration: 70ms -->
      <step title="Writing 351 bytes" date="2025-06-29T18:35:53.112" /><!-- duration: 2ms -->
    </step><!-- duration: 191ms -->
  </step><!-- duration: 309ms -->
  <step title="Outgoing response" date="2025-06-29T18:35:53.127" type="response" statusCode="200" statusText="OK" /><!-- duration: 2ms -->
</step><!-- duration: 391ms -->
