<step title="Executing external process" date="2025-07-05T18:04:41.464" instance="978831" type="process" path="kudu.exe" arguments="/home/site /opt/Kudu/msbuild" >
  <step title="Cleanup Xml Logs" date="2025-07-05T18:04:41.511" /><!-- duration: 40ms -->
  <step title="Deployment timer started" date="2025-07-05T18:04:41.637" >
    <step title="Executing external process" date="2025-07-05T18:04:41.697" type="process" path="git" arguments="log -n 1 master --" /><!-- duration: 348ms -->
    <step title="DeploymentManager.Deploy(id:cc98e0635084b785c32691b0fc0128c31f683351)" date="2025-07-05T18:04:42.074" >
      <step title="Collecting changeset information" date="2025-07-05T18:04:42.171" /><!-- duration: 457ms -->
      <step title="Updating to specific changeset" date="2025-07-05T18:04:42.644" >
        <step title="Executing external process" date="2025-07-05T18:04:43.783" type="process" path="git" arguments="checkout master --force" /><!-- duration: 400ms -->
      </step><!-- duration: 1542ms -->
      <step title="Updating submodules" date="2025-07-05T18:04:44.189" /><!-- duration: 105ms -->
      <step title="Determining deployment builder" date="2025-07-05T18:04:44.465" >
        <step title="Builder is OryxBuilder" date="2025-07-05T18:04:44.491" /><!-- duration: 3ms -->
      </step><!-- duration: 40ms -->
      <step title="PreDeployment: context.CleanOutputPath False" date="2025-07-05T18:04:44.532" >
        <step title="PreDeployment: context.OutputPath /home/site/wwwroot" date="2025-07-05T18:04:44.615" >
          <step title="Building" date="2025-07-05T18:04:44.710" >
            <step title="Executing external process" date="2025-07-05T18:04:44.991" type="process" path="bash" arguments="-c &quot;oryx build /home/site/repository -o /home/site/wwwroot --platform python --platform-version 3.9 -p virtualenv_name=antenv --log-file /tmp/build-debug.log  -i /tmp/8ddbbee6c00bfa9 --compress-destination-dir | tee /tmp/oryx-build.log ; exit $PIPESTATUS &quot;" /><!-- duration: 64383ms -->
            <step title="Using PythonDeploymentLogParser" date="2025-07-05T18:05:49.761" /><!-- duration: 2ms -->
            <step title="Triggering recycle (preview mode disabled)." date="2025-07-05T18:05:50.544" /><!-- duration: 3ms -->
            <step title="Modified file to trigger a restart of the app container." date="2025-07-05T18:05:50.574" /><!-- duration: 3ms -->
            <step title="Skip function trigger and logicapp sync because function is not enabled." date="2025-07-05T18:05:50.593" /><!-- duration: 9ms -->
            <step title="Purge deployment items" date="2025-07-05T18:05:51.405" >
              <step title="Remove b69af169d, Success, received at 07/01/2025 17:00:49" date="2025-07-05T18:05:51.447" /><!-- duration: 2ms -->
            </step><!-- duration: 47ms -->
          </step><!-- duration: 66779ms -->
        </step><!-- duration: 66877ms -->
        <step title="Cleaning up temp files" date="2025-07-05T18:05:51.495" /><!-- duration: 1879ms -->
        <step title="Cleaning up temp files" date="2025-07-05T18:05:53.382" /><!-- duration: 509ms -->
        <step title="Reloading status file with latest updates" date="2025-07-05T18:05:53.912" >
          <step title="WebHooksManager.PublishEventAsync: PostDeployment" date="2025-07-05T18:05:53.919" /><!-- duration: 138ms -->
        </step><!-- duration: 147ms -->
        <step title="Executing external process" date="2025-07-05T18:05:54.085" type="process" path="git" arguments="log -n 1 master --" /><!-- duration: 69ms -->
      </step><!-- duration: 69626ms -->
      <step title="Perform deploy exiting successfully" date="2025-07-05T18:05:54.167" 