<step title="Executing external process" date="2025-07-19T04:09:52.131" instance="831bc3" type="process" path="kudu.exe" arguments="/home/site /opt/Kudu/msbuild" >
  <step title="Cleanup Xml Logs" date="2025-07-19T04:09:52.146" >
    <step title="Cleanup Infos" date="2025-07-19T04:09:52.155" totalFiles="211" totalCleanup="51" /><!-- duration: 7ms -->
  </step><!-- duration: 25ms -->
  <step title="Deployment timer started" date="2025-07-19T04:09:52.222" >
    <step title="Executing external process" date="2025-07-19T04:09:52.242" type="process" path="git" arguments="log -n 1 master --" /><!-- duration: 143ms -->
    <step title="DeploymentManager.Deploy(id:282a1ca1053317b3829c0a7f7fb3acd62c35e79d)" date="2025-07-19T04:09:52.445" >
      <step title="Collecting changeset information" date="2025-07-19T04:09:52.525" /><!-- duration: 281ms -->
      <step title="Updating to specific changeset" date="2025-07-19T04:09:52.837" >
        <step title="Executing external process" date="2025-07-19T04:09:54.023" type="process" path="git" arguments="checkout master --force" /><!-- duration: 1048ms -->
      </step><!-- duration: 2240ms -->
      <step title="Updating submodules" date="2025-07-19T04:09:55.097" /><!-- duration: 165ms -->
      <step title="Determining deployment builder" date="2025-07-19T04:09:55.461" >
        <step title="Builder is OryxBuilder" date="2025-07-19T04:09:55.494" /><!-- duration: 4ms -->
      </step><!-- duration: 40ms -->
      <step title="PreDeployment: context.CleanOutputPath False" date="2025-07-19T04:09:55.557" >
        <step title="PreDeployment: context.OutputPath /home/site/wwwroot" date="2025-07-19T04:09:55.688" >
          <step title="Building" date="2025-07-19T04:09:55.804" >
            <step title="Executing external process" date="2025-07-19T04:09:56.169" type="process" path="bash" arguments="-c &quot;oryx build /home/site/repository -o /home/site/wwwroot --platform python --platform-version 3.9 -p virtualenv_name=antenv --log-file /tmp/build-debug.log  -i /tmp/8ddc67a1e6b2169 --compress-destination-dir | tee /tmp/oryx-build.log ; exit $PIPESTATUS &quot;" /><!-- duration: 83168ms -->
            <step title="Using PythonDeploymentLogParser" date="2025-07-19T04:11:19.892" /><!-- duration: 10ms -->
            <step title="Triggering recycle (preview mode disabled)." date="2025-07-19T04:11:21.064" /><!-- duration: 2ms -->
            <step title="Modified file to trigger a restart of the app container." date="2025-07-19T04:11:21.111" /><!-- duration: 2ms -->
            <step title="Skip function trigger and logicapp sync because function is not enabled." date="2025-07-19T04:11:21.128" /><!-- duration: 2ms -->
            <step title="Purge deployment items" date="2025-07-19T04:11:22.426" >
              <step title="Remove 28d236380, Success, received at 07/05/2025 17:46:43" date="2025-07-19T04:11:22.528" /><!-- duration: 2ms -->
            </step><!-- duration: 107ms -->
          </step><!-- duration: 86776ms -->
        </step><!-- duration: 86895ms -->
        <step title="Cleaning up temp files" date="2025-07-19T04:11:22.587" /><!-- duration: 449ms -->
        <step title="Cleaning up temp files" date="2025-07-19T04:11:23.041" /><!-- duration: 512ms -->
        <step title="Reloading status file with latest updates" date="2025-07-19T04:11:23.593" >
          <step title="WebHooksManager.PublishEventAsync: PostDeployment" date="2025-07-19T04:11:23.611" /><!-- duration: 675ms -->
        </step><!-- duration: 697ms -->
        <step title="Executing external process" date="2025-07-19T04:11:24.369" type="process" path="git" arguments="log -n 1 master --" /><!-- duration: 166ms -->
      </step><!-- duration: 88987ms -->
      <step title="Perform deploy exiting successfully" date="2025-07-19T04:11:24.553" 