<step title="Incoming Request" date="2025-07-01T18:09:08.577" instance="978831" url="/ai-learning-tracker-bharath.git/info/refs?service=git-receive-pack" method="GET" type="request" pid="807,1,62" Accept="*/*" Host="ai-learning-tracker-bharath.scm.azurewebsites.net" User-Agent="git/2.50.0.windows.1" Accept-Encoding="deflate, gzip, br, zstd" Authorization="Bas..." Pragma="no-cache" X-ARR-LOG-ID="8e9b287b-51f8-42c0-921c-10affa920eef" CLIENT-IP="122.174.71.5:51725" X-SITE-DEPLOYMENT-ID="ai-learning-tracker-bharath" WAS-DEFAULT-HOSTNAME="ai-learning-tracker-bharath.scm.azurewebsites.net" X-Forwarded-Proto="https" X-AppService-Proto="https" X-Forwarded-TlsVersion="1.3" X-WAWS-Unencoded-URL="/ai-learning-tracker-bharath.git/info/refs?service=git-receive-pack" X-Client-IP="122.174.71.5" X-Client-Port="51725" >
  <step title="Cleanup Xml Logs" date="2025-07-01T18:09:08.582" /><!-- duration: 42ms -->
  <step title="InfoRefsService.Execute" date="2025-07-01T18:09:08.665" >
    <step title="Executing external process" date="2025-07-01T18:09:08.687" type="process" path="git" arguments="rev-parse --git-dir" /><!-- duration: 52ms -->
    <step title="Assuming git repository at /home/site/repository" date="2025-07-01T18:09:08.744" /><!-- duration: 2ms -->
    <step title="InfoRefsService.SmartInfoRefs" date="2025-07-01T18:09:08.755" >
      <step title="Executing external process" date="2025-07-01T18:09:08.763" type="process" path="git" arguments="rev-parse --git-dir" /><!-- duration: 25ms -->
      <step title="Assuming git repository at /home/site/repository" date="2025-07-01T18:09:08.801" /><!-- duration: 2ms -->
      <step title="GitExeServer.AdvertiseReceivePack" date="2025-07-01T18:09:08.812" >
        <step title="Executing external process" date="2025-07-01T18:09:08.814" type="process" path="git" arguments="receive-pack --stateless-rpc --advertise-refs &quot;/home/site/repository&quot;" /><!-- duration: 64ms -->
      </step><!-- duration: 74ms -->
      <step title="Writing 182 bytes" date="2025-07-01T18:09:08.889" /><!-- duration: 6ms -->
    </step><!-- duration: 144ms -->
  </step><!-- duration: 235ms -->
  <step title="Outgoing response" date="2025-07-01T18:09:08.906" type="response" statusCode="200" statusText="OK" /><!-- duration: 5ms -->
</step><!-- duration: 341ms -->
