<step title="Executing external process" date="2025-07-01T16:10:41.097" instance="978831" type="process" path="kudu.exe" arguments="/home/site /opt/Kudu/msbuild" >
  <step title="Cleanup Xml Logs" date="2025-07-01T16:10:41.112" /><!-- duration: 9ms -->
  <step title="Deployment timer started" date="2025-07-01T16:10:41.167" >
    <step title="Executing external process" date="2025-07-01T16:10:41.196" type="process" path="git" arguments="log -n 1 master --" /><!-- duration: 149ms -->
    <step title="DeploymentManager.Deploy(id:867caafce7bc34f819d6e26d64164147ec71c524)" date="2025-07-01T16:10:41.362" >
      <step title="Collecting changeset information" date="2025-07-01T16:10:41.411" /><!-- duration: 276ms -->
      <step title="Updating to specific changeset" date="2025-07-01T16:10:41.695" >
        <step title="Executing external process" date="2025-07-01T16:10:42.848" type="process" path="git" arguments="checkout master --force" /><!-- duration: 343ms -->
      </step><!-- duration: 1499ms -->
      <step title="Updating submodules" date="2025-07-01T16:10:43.198" /><!-- duration: 155ms -->
      <step title="Determining deployment builder" date="2025-07-01T16:10:43.538" >
        <step title="Builder is OryxBuilder" date="2025-07-01T16:10:43.582" /><!-- duration: 2ms -->
      </step><!-- duration: 53ms -->
      <step title="PreDeployment: context.CleanOutputPath False" date="2025-07-01T16:10:43.635" >
        <step title="PreDeployment: context.OutputPath /home/site/wwwroot" date="2025-07-01T16:10:43.718" >
          <step title="Building" date="2025-07-01T16:10:43.844" >
            <step title="Executing external process" date="2025-07-01T16:10:44.126" type="process" path="bash" arguments="-c &quot;oryx build /home/site/repository -o /home/site/wwwroot --platform python --platform-version 3.9 -p virtualenv_name=antenv --log-file /tmp/build-debug.log  -i /tmp/8ddb8b9d4d92ea0 --compress-destination-dir | tee /tmp/oryx-build.log ; exit $PIPESTATUS &quot;" /><!-- duration: 57425ms -->
            <step title="Using PythonDeploymentLogParser" date="2025-07-01T16:11:42.200" /><!-- duration: 2ms -->
            <step title="Triggering recycle (preview mode disabled)." date="2025-07-01T16:11:43.080" /><!-- duration: 5ms -->
            <step title="Modified file to trigger a restart of the app container." date="2025-07-01T16:11:43.113" /><!-- duration: 4ms -->
            <step title="Skip function trigger and logicapp sync because function is not enabled." date="2025-07-01T16:11:43.134" /><!-- duration: 8ms -->
            <step title="Purge deployment items" date="2025-07-01T16:11:43.983" >
              <step title="Remove d45c54201, Success, received at 06/29/2025 20:03:20" date="2025-07-01T16:11:44.033" /><!-- duration: 2ms -->
            </step><!-- duration: 56ms -->
          </step><!-- duration: 60240ms -->
        </step><!-- duration: 60370ms -->
        <step title="Cleaning up temp files" date="2025-07-01T16:11:44.091" /><!-- duration: 1907ms -->
        <step title="Cleaning up temp files" date="2025-07-01T16:11:46.009" /><!-- duration: 548ms -->
        <step title="Reloading status file with latest updates" date="2025-07-01T16:11:46.587" >
          <step title="WebHooksManager.PublishEventAsync: PostDeployment" date="2025-07-01T16:11:46.603" /><!-- duration: 170ms -->
        </step><!-- duration: 189ms -->
        <step title="Executing external process" date="2025-07-01T16:11:46.804" type="process" path="git" arguments="log -n 1 master --" /><!-- duration: 97ms -->
      </step><!-- duration: 63269ms -->
      <step title="Perform deploy exiting successfully" date="2025-07-01T16:11:46.907" 