<step title="Incoming Request" date="2025-07-19T09:57:57.940" instance="831bc3" url="/ai-learning-tracker-bharath.git/info/refs?service=git-receive-pack" method="GET" type="request" pid="807,1,76" Accept="*/*" Host="ai-learning-tracker-bharath.scm.azurewebsites.net" User-Agent="git/2.50.1.windows.1" Accept-Encoding="deflate, gzip, br, zstd" Authorization="Bas..." Pragma="no-cache" X-ARR-LOG-ID="559e06fb-07c9-4cbf-aaf4-d82925b8f684" CLIENT-IP="122.177.246.142:26129" X-SITE-DEPLOYMENT-ID="ai-learning-tracker-bharath" WAS-DEFAULT-HOSTNAME="ai-learning-tracker-bharath.scm.azurewebsites.net" X-Forwarded-Proto="https" X-AppService-Proto="https" X-Forwarded-TlsVersion="1.3" X-WAWS-Unencoded-URL="/ai-learning-tracker-bharath.git/info/refs?service=git-receive-pack" X-Client-IP="122.177.246.142" X-Client-Port="26129" >
  <step title="Cleanup Xml Logs" date="2025-07-19T09:57:57.955" >
    <step title="Cleanup Infos" date="2025-07-19T09:57:57.976" totalFiles="250" totalCleanup="90" /><!-- duration: 6ms -->
  </step><!-- duration: 30ms -->
  <step title="InfoRefsService.Execute" date="2025-07-19T09:57:58.001" >
    <step title="Executing external process" date="2025-07-19T09:57:58.020" type="process" path="git" arguments="rev-parse --git-dir" /><!-- duration: 47ms -->
    <step title="Assuming git repository at /home/site/repository" date="2025-07-19T09:57:58.072" /><!-- duration: 2ms -->
    <step title="InfoRefsService.SmartInfoRefs" date="2025-07-19T09:57:58.077" >
      <step title="Executing external process" date="2025-07-19T09:57:58.102" type="process" path="git" arguments="rev-parse --git-dir" /><!-- duration: 21ms -->
      <step title="Assuming git repository at /home/site/repository" date="2025-07-19T09:57:58.127" /><!-- duration: 3ms -->
      <step title="GitExeServer.AdvertiseReceivePack" date="2025-07-19T09:57:58.138" >
        <step title="Executing external process" date="2025-07-19T09:57:58.142" type="process" path="git" arguments="receive-pack --stateless-rpc --advertise-refs &quot;/home/site/repository&quot;" /><!-- duration: 48ms -->
      </step><!-- duration: 53ms -->
      <step title="Writing 182 bytes" date="2025-07-19T09:57:58.194" /><!-- duration: 1ms -->
    </step><!-- duration: 122ms -->
  </step><!-- duration: 201ms -->
  <step title="Outgoing response" date="2025-07-19T09:57:58.211" type="response" statusCode="200" statusText="OK" /><!-- duration: 3ms -->
</step><!-- duration: 275ms -->
