﻿<?xml version="1.0" encoding="utf-8"?>
<deployment>
  <id>f6627087a8c3523cebaf08d098a4f2cb5e60ea38</id>
  <author>Bharath Srinivasan</author>
  <deployer>bharath-deploy</deployer>
  <authorEmail>sbharathind@gmail.com</authorEmail>
  <message>Fix Azure session persistence - improve cookie configuration and add debug logging</message>
  <progress></progress>
  <status>Success</status>
  <statusText></statusText>
  <lastSuccessEndTime>2025-08-09T04:38:41.9806966Z</lastSuccessEndTime>
  <receivedTime>2025-08-09T04:34:50.5323844Z</receivedTime>
  <startTime>2025-08-09T04:34:58.6647277Z</startTime>
  <endTime>2025-08-09T04:38:41.9806966Z</endTime>
  <complete>True</complete>
  <is_temp>False</is_temp>
  <is_readonly>False</is_readonly>
  <buildSummary />
</deployment>