﻿<?xml version="1.0" encoding="utf-8"?>
<deployment>
  <id>fe3e47690c3eb524a7e5cdb948eefe00466315f6</id>
  <author>Bharath Srinivasan</author>
  <deployer>bharath-deploy</deployer>
  <authorEmail>sbharathind@gmail.com</authorEmail>
  <message>Fix datetime object subscriptable error in admin courses route</message>
  <progress></progress>
  <status>Success</status>
  <statusText></statusText>
  <lastSuccessEndTime>2025-08-10T16:14:55.4486291Z</lastSuccessEndTime>
  <receivedTime>2025-08-10T16:11:39.9960067Z</receivedTime>
  <startTime>2025-08-10T16:11:46.8442245Z</startTime>
  <endTime>2025-08-10T16:14:55.4486291Z</endTime>
  <complete>True</complete>
  <is_temp>False</is_temp>
  <is_readonly>False</is_readonly>
  <buildSummary />
</deployment>